mandt,vbeln,posnr,uepos,fkimg,vrkme,umvkz,umvkn,meins,smeng,fklmg,lmeng,ntgew,brgew,gewei,volum,voleh,gsber,prsdt,fbuda,kursk,netwr,vbelv,posnv,vgbel,vgpos,vgtyp,aubel,aupos,auref,matnr,arktx,pmatn,charg,matkl,pstyv,posar,prodh,vstel,atpkz,spart,pospa,werks,aland,wkreg,wkcou,wkcty,taxm1,taxm2,taxm3,taxm4,taxm5,taxm6,taxm7,taxm8,taxm9,kowrr,prsfd,sktof,skfbp,kondm,ktgrm,kostl,bonus,provg,eannr,vkgrp,vkbur,spara,shkzg,ernam,erdat,erzet,bwtar,lgort,stafo,wavwr,kzwi1,kzwi2,kzwi3,kzwi4,kzwi5,kzwi6,stcur,uvprs,uvall,ean11,prctr,kvgr1,kvgr2,kvgr3,kvgr4,kvgr5,mvgr1,mvgr2,mvgr3,mvgr4,mvgr5,matwa,bonba,kokrs,paobjnr,ps_psp_pnr,aufnr,txjcd,cmpre,cmpnt,cuobj,cuobj_ch,koupd,uecha,xchar,abrvw,sernr,bzirk_auft,kdgrp_auft,konda_auft,lland_auft,mprok,pltyp_auft,regio_auft,vkorg_auft,vtweg_auft,abrbg,prosa,uepvw,autyp,stadat,fplnr,fpltr,aktnr,knuma_pi,knuma_ag,prefe,mwsbp,augru_auft,fareg,upmat,ukonm,cmpre_flt,abfor,abges,j_1arfz,j_1aregio,j_1agicd,j_1adtyp,j_1atxrel,j_1bcfop,j_1btaxlw1,j_1btaxlw2,j_1btxsdc,brtwr,wktnr,wktps,rplnr,kursk_dat,wgru1,wgru2,kdkg1,kdkg2,kdkg3,kdkg4,kdkg5,vkaus,j_1aindxp,j_1aidatep,kzfme,mwskz,vertt,vertn,sgtxt,delco,bemot,rrrel,akkur,wminr,vgbel_ex,vgpos_ex,logsys,vgtyp_ex,j_1btaxlw3,j_1btaxlw4,j_1btaxlw5,msr_id,msr_refund_code,msr_ret_reason,nrab_knumh,nrab_value,dispute_case,fund_usage_item,farr_reltype,claims_taxation,kurrf_dat_orig,vgtyp_ext,sgt_rcat,sgt_scat,glo_log_ref1_it,aufpl,aplzl,dpcnr,dcpnr,dpnrb,perop_beg,perop_end,fonds,fistl,fkber,grant_nbr,prs_work_period,pprctr,pargb,aufpl_oaa,aplzl_oaa,campaign,compreas,zznonretitem,zzactpp,zzqrpacct,zzcommodity_id,zzkatr6,zzwi9,zzwcfc_prfrzflag,zzlowprcflag,zziaddenda1,zziaddenda2,zziaddenda3,zziaddenda4,zziaddenda5,zzwi7,zzwi8,zzmxtaxind
200,8902279945,10,0,1,EA,1,1,EA,0,1,1,261.0,261.0,LB,52141.69,IN3,,45563,45563,1,1614.94,,0,6591422618,10,J,1483351216,10,,1WBW6,"Weatherhood,60In Bl,Galv Steel,66 1/4In",,,C1,ZS,,10120207603806,004S,,1,10,4,US,CA,,,1,,,,,,,,,,X,X,0,,1,,,,,,4,0,,S_ITCJOBS,45565,0.292268518518519,,1,,534.25,0,1374.47,0,240.47,104.46,240.47,1,,,,2004,,,,,,,PPA,X,,,1WBW6,0,1000,1499358231,0,,NV8970600,1719.4,X,0,0,,0,,T,,,,,US,,,NV,300,10,,,,C,,,0,,,,,104.46,,,,,1719.4,,0,,,,,,,,,,0,,0,,45565,,,,,,,,T,,,,,,,,,,,0,,,0,,,,,,,,,,0,0,0,,,,,,,,0,0,,0,0,,,,,,,0,,,0,0,0,,,WP,,D,,0,,,,,,,,0,0,
200,8902279946,10,0,1,EA,1,1,EA,0,1,1,408.0,408.0,LB,77539.0,IN3,,45563,45563,1,2019.53,,0,6591578943,10,J,1483672538,10,,1UBK4,"Bin Cabinet,72""x36""x24"",Gray,0Bns",,,K1,ZS,,10180210226644,004S,,1,10,4,US,CA,,,1,,,,,,,,,,X,X,0,,1,,,,,,4,0,,S_ITCJOBS,45565,0.292268518518519,,1,,641.83,0,1719.3,0,300.23,130.67,300.23,1,,,,2004,,,,,,,PPA,X,,,1UBK4,0,1000,1499358233,0,,NV8970600,2150.2,X,0,0,,0,,T,,,,,US,,,NV,300,10,,,,C,,,0,,,,,130.67,,,,,2150.2,,0,,,,,,,,,,0,,0,,45565,,,,,,,,T,,,,,,,,,,,0,,,0,,,,,,,,,,0,0,0,,,,,,,,0,0,,0,0,,,,,,,0,,,0,0,0,,,WP,,B,,0,,,,,,,,0,0,
200,8902279947,10,0,1,EA,1,1,EA,0,1,1,532.0,532.0,LB,117925.0,IN3,,45563,45563,1,2886.54,,0,6593071365,10,J,1487288098,10,,1UBJ4,"Bin Cabinet,84""x48""x24"",Gray,0Bns",,,K1,ZS,,10180210226644,004S,,1,10,4,US,CA,,,1,,,,,,,,,,X,X,0,,1,,,,,,4,0,,S_ITCJOBS,45565,0.292268518518519,,1,,1001.37,0,2547.8,0,338.74,193.63,338.74,1,,,,2004,,,,,,,PPA,X,,,1UBJ4,0,1000,1499358234,0,,NV8970600,3080.17,X,0,0,,0,,T,,,,,US,,,NV,300,10,,,,C,,,0,,,,,193.63,,,,,3080.17,,0,,,,,,,,,,0,,0,,45565,,,,,,,,T,,,,,,,,,,,0,,,0,,,,,,,,,,0,0,0,,,,,,,,0,0,,0,0,,,,,,,0,,,0,0,0,,,WP,,B,,0,,,,,,,,0,0,
200,8902279949,10,0,1,EA,1,1,EA,0,1,1,460.0,460.0,LB,124734.93,IN3,,45563,45563,1,2340.88,,0,6591827639,10,J,1484635532,10,,16V888,"Electric Air Compressor, 5 hp, 2 Stage",,,G4,ZS,,10230222904973,004S,,1,10,4,US,CA,,,1,,,,,,,,,,X,X,0,,1,,,,,,4,0,,S_ITCJOBS,45565,0.292326388888889,,1,,1382.92,0,1979.99,0,360.89,0.0,360.89,1,,,,2004,,,,,,,PPA,X,,,16V888,0,1000,1499358236,0,,AK9951500,2340.88,X,0,0,,0,,T,,,,,US,,,AK,300,10,,,,C,,,0,,,,,0.0,,,,,2340.88,,0,,,,,,,,,,0,,0,,45565,,,,,,,,T,,,,,,,,,,,0,,,0,,,,,,,,,,0,0,0,,,,,,,,0,0,,0,0,,,,,,,0,,,0,0,0,,,WP,,B,,0,,,,,,,,0,0,
200,8902279950,10,0,1,EA,1,1,EA,0,1,1,593.0,593.0,LB,127387.5,IN3,,45563,45563,1,4313.74,,0,6591993492,10,J,1485003827,10,,16V891,"Electric Air Compressor, 7.5 hp, 2 Stage",,,G4,ZS,,10230222904973,004S,,1,10,4,US,CA,,,1,,,,,,,,,,X,X,0,,1,,,,,,4,0,,S_ITCJOBS,45565,0.292326388888889,,1,,2692.42,0,3919.99,0,393.75,0.0,393.75,1,,,,2004,,,,,,,PPA,X,,,16V891,0,1000,1499358237,0,,AK9951500,4313.74,X,0,0,,0,,T,,,,,US,,,AK,300,10,,,,C,,,0,,,,,0.0,,,,,4313.74,,0,,,,,,,,,,0,,0,,45565,,,,,,,,T,,,,,,,,,,,0,,,0,,,,,,,,,,0,0,0,,,,,,,,0,0,,0,0,,,,,,,0,,,0,0,0,,,WP,,B,,0,,,,,,,,0,0,
200,8902279952,10,0,1,EA,1,1,EA,0,1,1,257.0,257.0,LB,116296.5,IN3,,45563,45563,1,3402.43,,0,6594967361,10,J,1490796831,10,,13R510,"Jobsite Cabinet,60 in,Tan",,,M1,ZS,,10100206412654,004S,,1,10,4,US,CA,,,1,,,,,,,,,,X,X,0,,1,,,,,,4,0,,S_ITCJOBS,45565,0.292418981481481,,1,,1527.93,0,3151.96,0,250.47,299.44,250.47,1,,,,2004,,,,,,,PPA,X,,,13R510,0,1000,1499358239,0,,CA9000400,3701.87,X,0,0,,0,,T,,,,,US,,,CA,300,10,,,,C,,,0,,,,,299.44,,,,,3701.87,,0,,,,,,,,,,0,,0,,45565,,,,,,,,T,,,,,,,,,,,0,,,0,,,,,,,,,,0,0,0,,,,,,,,0,0,,0,0,,,,,,,0,,,0,0,0,,,WP,,B,,0,,,,,,,,0,0,
200,8902279953,10,0,1,EA,1,1,EA,0,1,1,969.0,969.0,LB,202633.2,IN3,,45563,45563,1,7040.93,,0,6594176980,10,J,1489704014,10,,16V895,"Electric Air Compressor, 10 hp, 2 Stage",,,G4,ZS,,10230222904973,004S,,1,10,4,US,CA,,,1,,,,,,,,,,X,X,0,,1,,,,,,4,0,,S_ITCJOBS,45565,0.292430555555556,,1,,4170.65,0,6524.48,0,516.45,668.76,516.45,1,,,,2004,,,,,,,PPA,X,,,16V895,0,1000,1499358241,0,,CA9024800,7709.69,X,0,0,,0,,T,,,,,US,,,CA,300,10,,,,C,,,0,,,,,668.76,,,,,7709.6900000000005,,0,,,,,,,,,,0,,0,,45565,,,,,,,,T,,,,,,,,,,,0,,,0,,,,,,,,,,0,0,0,,,,,,,,0,0,,0,0,,,,,,,0,,,0,0,0,,,WP,,B,,0,,,,,,,,0,0,
200,8902279954,10,0,1,EA,1,1,EA,0,1,1,408.0,408.0,LB,77539.0,IN3,,45563,45563,1,2029.53,,0,6595085311,10,J,1490966497,10,,1UBK4,"Bin Cabinet,72""x36""x24"",Gray,0Bns",,,K1,ZS,,10180210226644,004S,,1,10,4,US,CA,,,1,,,,,,,,,,X,X,0,,1,,,,,,4,0,,S_ITCJOBS,45565,0.292430555555556,,1,,641.83,0,1719.3,0,310.23,176.22,310.23,1,,,,2004,,,,,,,PPA,X,,,1UBK4,0,1000,1499358243,0,,CA9024800,2205.75,X,0,0,,0,,T,,,,,US,,,CA,300,10,,,,C,,,0,,,,,176.22,,,,,2205.75,,0,,,,,,,,,,0,,0,,45565,,,,,,,,T,,,,,,,,,,,0,,,0,,,,,,,,,,0,0,0,,,,,,,,0,0,,0,0,,,,,,,0,,,0,0,0,,,WP,,B,,0,,,,,,,,0,0,
200,8902279955,10,0,1,EA,1,1,EA,0,1,1,257.0,257.0,LB,116296.5,IN3,,45563,45563,1,3402.43,,0,6593215589,10,J,1487521761,10,,13R510,"Jobsite Cabinet,60 in,Tan",,,M1,ZS,,10100206412654,004S,,1,10,4,US,CA,,,1,,,,,,,,,,X,X,0,,1,,,,,,4,0,,S_ITCJOBS,45565,0.292453703703704,,1,,1527.93,0,3151.96,0,250.47,244.28,250.47,1,,,,2004,,,,,,,PPP,X,,,13R510,0,1000,1499385145,0,,CA9212100,3646.71,X,0,0,,0,,T,,,,,US,,,CA,300,10,,,,C,,,0,,,,,244.28,,,,,3646.71,,0,,,,,,,,,,0,,0,,45565,,,,,,,,T,,,,,,,,,,,0,,,0,,,,,,,,,,0,0,0,,,,,,,,0,0,,0,0,,,,,,,0,,,0,0,0,,,WP,,B,,0,,,,,,,,0,0,
200,8902279957,10,0,1,EA,1,1,EA,0,1,1,261.0,261.0,LB,52141.69,IN3,,45563,45563,1,1624.94,,0,6593229161,10,J,1487566500,10,,1WBW6,"Weatherhood,60In Bl,Galv Steel,66 1/4In",,,C1,ZS,,10120207603806,004S,,1,10,4,US,CA,,,1,,,,,,,,,,X,X,0,,1,,,,,,4,0,,S_ITCJOBS,45565,0.292476851851852,,1,,534.25,0,1374.47,0,250.47,99.65,250.47,1,,,,2004,,,,,,,PPA,X,,,1WBW6,0,1000,1499385149,0,,CA9301200,1724.59,X,0,0,,0,,T,,,,,US,,,CA,300,10,,,,C,,,0,,,,,99.65,,,,,1724.5900000000001,,0,,,,,,,,,,0,,0,,45565,,,,,,,,T,,,,,,,,,,,0,,,0,,,,,,,,,,0,0,0,,,,,,,,0,0,,0,0,,,,,,,0,,,0,0,0,,,WP,,D,,0,,,,,,,,0,0,
200,8902279958,10,0,1,EA,1,1,EA,0,1,1,237.0,237.0,LB,117968.0,IN3,,45563,45563,1,2516.56,,0,6594798478,10,J,1490499681,10,,13R517,"Piano-Style Jobsite Box,49 in,Tan",,,M1,ZS,,10100206412654,004S,,1,10,4,US,CA,,,1,,,,,,,,,,X,X,0,,1,,,,,,4,0,,S_ITCJOBS,45565,0.292476851851852,,1,,1169.19,0,2272.6,0,243.96,232.94,243.96,1,,,,2004,,,,,,,PPA,X,,,13R517,0,1000,1499385151,0,,CA9071700,2749.5,X,0,0,,0,,T,,,,,US,,,CA,300,10,,,,C,,,0,,,,,232.94,,,,,2749.5,,0,,,,,,,,,,0,,0,,45565,,,,,,,,T,,,,,,,,,,,0,,,0,,,,,,,,,,0,0,0,,,,,,,,0,0,,0,0,,,,,,,0,,,0,0,0,,,WP,,B,,0,,,,,,,,0,0,
200,8902279959,10,0,1,EA,1,1,EA,0,1,1,2504.0,2504.0,LB,85272.544,IN3,,45563,45563,1,3931.74,,0,6594113159,10,J,1489646092,10,,14G862,"Cleaner/Degreaser,Mild Lemon,275 gal",,,L8,ZS,,10030200703041,004S,,1,10,4,US,CA,,,1,,,,,,,,,,X,X,0,,1,,,,,,4,0,,S_ITCJOBS,45565,0.292476851851852,,1,,1195.8,0,3378.15,0,553.59,244.92,553.59,1,,,,2004,,,,,,,PPA,X,,,14G862,0,1000,1499385152,0,,CA9301200,4176.66,X,0,0,,0,,T,,,,,US,,,CA,300,10,,,,C,,,0,,,,,244.92,,,,,4176.66,,0,,,,,,,,,,0,,0,,45565,,,,,,,,T,,,,,,,,,,,0,,,0,,,,,,,,,,0,0,0,,,,,,,,0,0,,0,0,,,,,,,0,,,0,0,0,,,WP,,B,,0,,,,,,,,0,0,
200,8902279960,10,0,1,EA,1,1,EA,0,1,1,408.0,408.0,LB,77539.0,IN3,,45563,45563,1,2029.53,,0,6595071738,10,J,1490953266,10,,1UBK4,"Bin Cabinet,72""x36""x24"",Gray,0Bns",,,K1,ZS,,10180210226644,004S,,1,10,4,US,CA,,,1,,,,,,,,,,X,X,0,,1,,,,,,4,0,,S_ITCJOBS,45565,0.292476851851852,,1,,641.83,0,1719.3,0,310.23,176.22,310.23,1,,,,2004,,,,,,,PPA,X,,,1UBK4,0,1000,1499385154,0,,CA9071700,2205.75,X,0,0,,0,,T,,,,,US,,,CA,300,10,,,,C,,,0,,,,,176.22,,,,,2205.75,,0,,,,,,,,,,0,,0,,45565,,,,,,,,T,,,,,,,,,,,0,,,0,,,,,,,,,,0,0,0,,,,,,,,0,0,,0,0,,,,,,,0,,,0,0,0,,,WP,,B,,0,,,,,,,,0,0,
200,8902279961,10,0,1,EA,1,1,EA,0,1,1,688.0,688.0,LB,233860.9,IN3,,45563,45563,1,4650.24,,0,6594168093,10,J,1489691363,10,,14V855,"Jobsite Field Office,83 in,Tan",,,M1,ZS,,10100206412654,004S,,1,10,4,US,CA,,,1,,,,,,,,,,X,X,0,,1,,,,,,4,0,,S_ITCJOBS,45565,0.2925,,1,,2057.92,0,4252.83,0,397.41,404.02,397.41,1,,,,2004,,,,,,,PPA,X,,,14V855,0,1000,1499385156,0,,CA9001700,5054.26,X,0,0,,0,,T,,,,,US,,,CA,300,10,,,,C,,,0,,,,,404.02,,,,,5054.26,,0,,,,,,,,,,0,,0,,45565,,,,,,,,T,,,,,,,,,,,0,,,0,,,,,,,,,,0,0,0,,,,,,,,0,0,,0,0,,,,,,,0,,,0,0,0,,,WP,,B,,0,,,,,,,,0,0,
200,8902279962,10,0,1,EA,1,1,EA,0,1,1,387.0,387.0,LB,117551.88,IN3,,45563,45563,1,2252.3,,0,6593721543,10,J,1489038012,10,,13R520,"Piano-Style Jobsite Box,49 in,Tan",,,M1,ZS,,10100206412654,004S,,1,10,4,US,CA,,,1,,,,,,,,,,X,X,0,,1,,,,,,4,0,,S_ITCJOBS,45565,0.292511574074074,,1,,925.83,0,1969.28,0,283.02,172.32,283.02,1,,,,2004,,,,,,,PPA,X,,,13R520,0,1000,1499385158,0,,CA9240800,2424.62,X,0,0,,0,,T,,,,,US,,,CA,300,10,,,,C,,,0,,,,,172.32,,,,,2424.62,,0,,,,,,,,,,0,,0,,45565,,,,,,,,T,,,,,,,,,,,0,,,0,,,,,,,,,,0,0,0,,,,,,,,0,0,,0,0,,,,,,,0,,,0,0,0,,,WP,,B,,0,,,,,,,,0,0,
200,8902279963,10,0,1,EA,1,1,EA,0,1,1,969.0,969.0,LB,202633.2,IN3,,45563,45563,1,7040.93,,0,6593732507,10,J,1489037815,10,,16V895,"Electric Air Compressor, 10 hp, 2 Stage",,,G4,ZS,,10230222904973,004S,,1,10,4,US,CA,,,1,,,,,,,,,,X,X,0,,1,,,,,,4,0,,S_ITCJOBS,45565,0.292523148148148,,1,,4170.65,0,6524.48,0,516.45,505.65,516.45,1,,,,2004,,,,,,,PPA,X,,,16V895,0,1000,1499385160,0,,CA9257100,7546.58,X,0,0,,0,,T,,,,,US,,,CA,300,10,,,,C,,,0,,,,,505.65,,,,,7546.58,,0,,,,,,,,,,0,,0,,45565,,,,,,,,T,,,,,,,,,,,0,,,0,,,,,,,,,,0,0,0,,,,,,,,0,0,,0,0,,,,,,,0,,,0,0,0,,,WP,,B,,0,,,,,,,,0,0,
200,8902279964,10,0,1,EA,1,1,EA,0,1,1,1270.0,1270.0,LB,74618.775,IN3,,45563,45563,1,4418.04,,0,6594624514,10,J,1490283395,10,,13W877,"Sheet Metal Brake,Box and Pan,51"" Bend L",,,N2,ZS,,10240214131922,004S,,1,10,4,US,CA,,,1,,,,,,,,,,X,X,0,,1,,,,,,4,0,,S_ITCJOBS,45565,0.292523148148148,,1,,2131.55,0,3864.45,0,553.59,299.5,553.59,1,,,,2004,,,,,,,PPA,X,,,13W877,0,1000,1499385162,0,,CA9257100,4717.54,X,0,0,,0,,T,,,,,US,,,CA,300,10,,,,C,,,0,,,,,299.5,,,,,4717.54,,0,,,,,,,,,,0,,0,,45565,,,,,,,,T,,,,,,,,,,,0,,,0,,,,,,,,,,0,0,0,,,,,,,,0,0,,0,0,,,,,,,0,,,0,0,0,,,WP,,B,,0,,,,,,,,0,0,
200,8902279965,10,0,1,EA,1,1,EA,0,1,1,226.0,226.0,LB,75258.0,IN3,,45563,45563,1,1468.32,,0,6591664117,10,J,1483947005,10,,1WDN3,"Gravity Vent,24 In,Base 28 1/2 In Sq",,,C1,ZS,,10122432503825,004S,,1,10,4,US,CA,,,1,,,,,,,,,,X,X,0,,1,,,,,,4,0,,S_ITCJOBS,45565,0.292534722222222,,1,,431.4,0,1234.36,0,233.96,95.66,233.96,1,,,,2004,,,,,,,PPA,X,,,1WDN3,0,1000,1499385164,0,,CA9215400,1563.98,X,0,0,,0,,T,,,,,US,,,CA,300,10,,,,C,,,0,,,,,95.66,,,,,1563.98,,0,,,,,,,,,,0,,0,,45565,,,,,,,,T,,,,,,,,,,,0,,,0,,,,,,,,,,0,0,0,,,,,,,,0,0,,0,0,,,,,,,0,,,0,0,0,,,WP,,D,,0,,,,,,,,0,0,
200,8902279966,10,0,1,EA,1,1,EA,0,1,1,590.0,590.0,LB,120264.375,IN3,,45563,45563,1,4571.75,,0,6593279322,10,J,1487696656,10,,1WD80,"Electric Air Compressor, 5 hp, 2 Stage",,,G4,ZS,,10230222904973,004S,,1,10,4,US,CA,,,1,,,,,,,,,,X,X,0,1.0,1,,,,,,4,0,,S_ITCJOBS,45565,0.292546296296296,,1,,2150.4,0,4212.91,0,358.84,431.82,358.84,1,,,,2004,,,,,,,PPA,X,,,1WD80,0,1000,1499385166,0,,CA9024800,5003.57,X,0,0,,0,,T,,,,,US,,,CA,300,10,,,,C,,,0,,,,,431.82,,,,,5003.57,,0,,,,,,,,,,0,,0,,45565,,,,,,,,T,,,,,,,,,,,0,,,0,,,,,,,,,,0,0,0,,,,,,,,0,0,,0,0,,,,,,,0,,,0,0,0,,,WP,,D,,0,,,,,,,,0,0,
200,8902279967,10,0,1,EA,1,1,EA,0,1,1,226.0,226.0,LB,75258.0,IN3,,45563,45563,1,1468.32,,0,6591559595,10,J,1483592346,10,,1WDN3,"Gravity Vent,24 In,Base 28 1/2 In Sq",,,C1,ZS,,10122432503825,004S,,1,10,4,US,CA,,,1,,,,,,,,,,X,X,0,,1,,,,,,4,0,,S_ITCJOBS,45565,0.292546296296296,,1,,431.4,0,1234.36,0,233.96,102.02,233.96,1,,,,2004,,,,,,,PPA,X,,,1WDN3,0,1000,1499385168,0,,NV8951100,1570.34,X,0,0,,0,,T,,,,,US,,,NV,300,10,,,,C,,,0,,,,,102.02,,,,,1570.3400000000001,,0,,,,,,,,,,0,,0,,45565,,,,,,,,T,,,,,,,,,,,0,,,0,,,,,,,,,,0,0,0,,,,,,,,0,0,,0,0,,,,,,,0,,,0,0,0,,,WP,,D,,0,,,,,,,,0,0,
200,8902279968,10,0,1,EA,1,1,EA,0,1,1,227.0,227.0,LB,94790.5,IN3,,45563,45563,1,2874.94,,0,6594959931,10,J,1490842249,10,,13R514,"Jobsite Cabinet,51 in,Tan",,,M1,ZS,,10100206412654,004S,,1,10,4,US,CA,,,1,,,,,,,,,,X,X,0,,1,,,,,,4,0,,S_ITCJOBS,45565,0.29255787037037,,1,,1257.04,0,2630.98,0,243.96,230.21,243.96,1,,,,2004,,,,,,,PPA,X,,,13R514,0,1000,1499385169,0,,CA9250300,3105.15,X,0,0,,0,,T,,,,,US,,,CA,300,10,,,,C,,,0,,,,,230.21,,,,,3105.15,,0,,,,,,,,,,0,,0,,45565,,,,,,,,T,,,,,,,,,,,0,,,0,,,,,,,,,,0,0,0,,,,,,,,0,0,,0,0,,,,,,,0,,,0,0,0,,,WP,,B,,0,,,,,,,,0,0,
200,8902279969,10,0,1,EA,1,1,EA,0,1,1,369.0,369.0,LB,59660.0,IN3,,45563,45563,1,2068.27,,0,6593538481,10,J,1488566284,10,,16D690,"Storage Cabinet,78""x36""x18"",Gray,4Shlv",,,K1,ZS,,10180210204399,004S,,1,10,4,US,CA,,,1,,,,,,,,,,X,X,0,,1,,,,,,4,0,,S_ITCJOBS,45565,0.292569444444444,,1,,792.36,0,1785.25,0,283.02,183.0,283.02,1,,,,2004,,,,,,,PPA,X,,,16D690,0,1000,1499385170,0,,CA9150200,2251.27,X,0,0,,0,,T,,,,,US,,,CA,300,10,,,,C,,,0,,,,,183.0,,,,,2251.27,,0,,,,,,,,,,0,,0,,45565,,,,,,,,T,,,,,,,,,,,0,,,0,,,,,,,,,,0,0,0,,,,,,,,0,0,,0,0,,,,,,,0,,,0,0,0,,,WP,,B,,0,,,,,,,,0,0,
200,8902279973,10,0,1,EA,1,1,EA,0,1,1,261.0,261.0,LB,52141.69,IN3,,45563,45563,1,1624.94,,0,6594154199,10,J,1489627252,10,,1WBW6,"Weatherhood,60In Bl,Galv Steel,66 1/4In",,,C1,ZS,,10120207603806,004S,,1,10,4,US,CA,,,1,,,,,,,,,,X,X,0,,1,,,,,,4,0,,S_ITCJOBS,45565,0.292615740740741,,1,,534.25,0,1374.47,0,250.47,130.58,250.47,1,,,,2004,,,,,,,PPA,X,,,1WBW6,0,1000,1499385177,0,,CA9130100,1755.52,X,0,0,,0,,T,,,,,US,,,CA,300,10,,,,C,,,0,,,,,130.58,,,,,1755.52,,0,,,,,,,,,,0,,0,,45565,,,,,,,,T,,,,,,,,,,,0,,,0,,,,,,,,,,0,0,0,,,,,,,,0,0,,0,0,,,,,,,0,,,0,0,0,,,WP,,D,,0,,,,,,,,0,0,
200,8902279974,10,0,1,EA,1,1,EA,0,1,1,969.0,969.0,LB,202633.2,IN3,,45563,45563,1,7040.93,,0,6593763074,10,J,1489111132,10,,16V895,"Electric Air Compressor, 10 hp, 2 Stage",,,G4,ZS,,10230222904973,004S,,1,10,4,US,CA,,,1,,,,,,,,,,X,X,0,,1,,,,,,4,0,,S_ITCJOBS,45565,0.292627314814815,,1,,4170.65,0,6524.48,0,516.45,619.83,516.45,1,,,,2004,,,,,,,PPA,X,,,16V895,0,1000,1499385179,0,,CA9006200,7660.76,X,0,0,,0,,T,,,,,US,,,CA,300,10,,,,C,,,0,,,,,619.83,,,,,7660.76,,0,,,,,,,,,,0,,0,,45565,,,,,,,,T,,,,,,,,,,,0,,,0,,,,,,,,,,0,0,0,,,,,,,,0,0,,0,0,,,,,,,0,,,0,0,0,,,WP,,B,,0,,,,,,,,0,0,
200,8902279975,10,0,1,EA,1,1,EA,0,1,1,509.0,509.0,LB,122239.638,IN3,,45563,45563,1,3619.92,,0,6594175149,10,J,1489641058,10,,13R509,"Jobsite Cabinet,54 1/2 in,Tan",,,M1,ZS,,10100206412654,004S,,1,10,4,US,CA,,,1,,,,,,,,,,X,X,0,,1,,,,,,4,0,,S_ITCJOBS,45565,0.292638888888889,,1,,1724.61,0,3281.18,0,338.74,254.29,338.74,1,,,,2004,,,,,,,PPA,X,,,13R509,0,1000,1499385181,0,,CA9202700,3874.21,X,0,0,,0,,T,,,,,US,,,CA,300,10,,,,C,,,0,,,,,254.29,,,,,3874.21,,0,,,,,,,,,,0,,0,,45565,,,,,,,,T,,,,,,,,,,,0,,,0,,,,,,,,,,0,0,0,,,,,,,,0,0,,0,0,,,,,,,0,,,0,0,0,,,WP,,B,,0,,,,,,,,0,0,
200,8902279976,10,0,1,EA,1,1,EA,0,1,1,404.0,404.0,LB,78559.25,IN3,,45563,45563,1,2091.37,,0,6593276253,10,J,1487693359,10,,1UBK5,"Bin Cabinet,72""x36""x24"",Gray,96YlwBns",,,K1,ZS,,10180210226644,004S,,1,10,4,US,CA,,,1,,,,,,,,,,X,X,0,,1,,,,,,4,0,,S_ITCJOBS,45565,0.292650462962963,,1,,738.19,0,1781.14,0,310.23,155.85,310.23,1,,,,2004,,,,,,,PPA,X,,,1UBK5,0,1000,1499385183,0,,CA9191000,2247.22,X,0,0,,0,,T,,,,,US,,,CA,300,10,,,,C,,,0,,,,,155.85,,,,,2247.2200000000003,,0,,,,,,,,,,0,,0,,45565,,,,,,,,T,,,,,,,,,,,0,,,0,,,,,,,,,,0,0,0,,,,,,,,0,0,,0,0,,,,,,,0,,,0,0,0,,,WP,,C,,0,,,,,,,,0,0,
200,8902279977,10,0,1,EA,1,1,EA,0,1,1,404.0,404.0,LB,78559.25,IN3,,45563,45563,1,2081.37,,0,6592667146,10,J,1486384274,10,,1UBK5,"Bin Cabinet,72""x36""x24"",Gray,96YlwBns",,,K1,ZS,,10180210226644,004S,,1,10,4,US,CA,,,1,,,,,,,,,,X,X,0,,1,,,,,,4,0,,S_ITCJOBS,45565,0.292662037037037,,1,,738.19,0,1781.14,0,300.23,182.57,300.23,1,,,,2004,,,,,,,PPA,X,,,1UBK5,0,1000,1499385185,0,,CA9355100,2263.94,X,0,0,,0,,T,,,,,US,,,CA,300,10,,,,C,,,0,,,,,182.57,,,,,2263.94,,0,,,,,,,,,,0,,0,,45565,,,,,,,,T,,,,,,,,,,,0,,,0,,,,,,,,,,0,0,0,,,,,,,,0,0,,0,0,,,,,,,0,,,0,0,0,,,WP,,C,,0,,,,,,,,0,0,
200,8902279981,10,0,1,EA,1,1,EA,0,1,1,460.0,460.0,LB,124734.93,IN3,,45563,45563,1,2340.88,,0,6591763211,10,J,1484499033,10,,16V888,"Electric Air Compressor, 5 hp, 2 Stage",,,G4,ZS,,10230222904973,004S,,1,10,4,US,CA,,,1,,,,,,,,,,X,X,0,,1,,,,,,4,0,,S_ITCJOBS,45565,0.292800925925926,,1,,1382.92,0,1979.99,0,360.89,39.25,360.89,1,,,,2004,,,,,,,PPA,X,,,16V888,0,1000,1499385190,0,,AK9960300,2380.13,X,0,0,,0,,T,,,,,US,,,AK,300,10,,,,C,,,0,,,,,39.25,,,,,2380.13,,0,,,,,,,,,,0,,0,,45565,,,,,,,,T,,,,,,,,,,,0,,,0,,,,,,,,,,0,0,0,,,,,,,,0,0,,0,0,,,,,,,0,,,0,0,0,,,WP,,B,,0,,,,,,,,0,0,
200,8902279982,10,0,1,EA,1,1,EA,0,1,1,595.0,595.0,LB,132127.5,IN3,,45563,45563,1,4313.74,,0,6591711737,10,J,1484348896,10,,16V890,"Electric Air Compressor, 7.5 hp, 2 Stage",,,G4,ZS,,10230222904973,004S,,1,10,4,US,CA,,,1,,,,,,,,,,X,X,0,,1,,,,,,4,0,,S_ITCJOBS,45565,0.2928125,,1,,2692.42,0,3919.99,0,393.75,35.0,393.75,1,,,,2004,,,,,,,PPA,X,,,16V890,0,1000,1499385192,0,,AK9966400,4348.74,X,0,0,,0,,T,,,,,US,,,AK,300,10,,,,C,,,0,,,,,35.0,,,,,4348.74,,0,,,,,,,,,,0,,0,,45565,,,,,,,,T,,,,,,,,,,,0,,,0,,,,,,,,,,0,0,0,,,,,,,,0,0,,0,0,,,,,,,0,,,0,0,0,,,WP,,B,,0,,,,,,,,0,0,
200,8902281719,10,0,1,EA,1,1,EA,0,1,1,1270.0,1270.0,LB,74618.775,IN3,,45563,45563,1,4418.04,,0,6595385339,10,J,1491461241,10,,13W877,"Sheet Metal Brake,Box and Pan,51"" Bend L",,,N2,ZS,,10240214131922,004S,,1,10,4,US,CA,,,1,,,,,,,,,,X,X,0,,1,,,,,,4,0,,S_ITCJOBS,45565,0.292233796296296,,1,,2131.55,0,3864.45,0,553.59,396.11,553.59,1,,,,2004,,,,,,,PPA,X,,,13W877,0,1000,1499383971,0,,CA9060400,4814.15,X,0,0,,0,,T,,,,,US,,,CA,300,10,,,,C,,,0,,,,,396.11,,,,,4814.150000000001,,0,,,,,,,,,,0,,0,,45565,,,,,,,,T,,,,,,,,,,,0,,,0,,,,,,,,,,0,0,0,,,,,,,,0,0,,0,0,,,,,,,0,,,0,0,0,,,WP,,B,,0,,,,,,,,0,0,
200,8902281720,10,0,1,EA,1,1,EA,0,1,1,961.0,961.0,LB,75900.0,IN3,,45563,45563,1,3604.28,,0,6593498146,10,J,1488379926,10,,13W872,"Machining Shear,0.039"" Cap. Mild Steel",,,N2,ZS,,10240214108716,004S,,1,10,4,US,CA,,,1,,,,,,,,,,X,X,0,,1,,,,,,4,0,,S_ITCJOBS,45565,0.292233796296296,,1,,1596.87,0,3087.83,0,516.45,285.63,516.45,1,,,,2004,,,,,,,PPA,X,,,13W872,0,1000,1499383973,0,,CA9270400,3889.91,X,0,0,,0,,T,,,,,US,,,CA,300,10,,,,C,,,0,,,,,285.63,,,,,3889.91,,0,,,,,,,,,,0,,0,,45565,,,,,,,,T,,,,,,,,,,,0,,,0,,,,,,,,,,0,0,0,,,,,,,,0,0,,0,0,,,,,,,0,,,0,0,0,,,WP,,B,,0,,,,,,,,0,0,
200,8902281721,10,0,1,EA,1,1,EA,0,1,1,340.0,340.0,LB,163571.5,IN3,,45563,45563,1,3225.75,,0,6593385287,10,J,1487975711,10,,13R511,"Clam-Shell Jobsite Cabinet,65 in,Tan",,,M1,ZS,,10100206412654,004S,,1,10,4,US,CA,,,1,,,,,,,,,,X,X,0,,1,,,,,,4,0,,S_ITCJOBS,45565,0.292256944444444,,1,,1511.41,0,2965.51,0,260.24,296.55,260.24,1,,,,2004,,,,,,,PPP,X,,,13R511,0,1000,1499383975,0,,CA9050300,3522.3,X,0,0,,0,,T,,,,,US,,,CA,300,10,,,,C,,,0,,,,,296.55,,,,,3522.3,,0,,,,,,,,,,0,,0,,45565,,,,,,,,T,,,,,,,,,,,0,,,0,,,,,,,,,,0,0,0,,,,,,,,0,0,,0,0,,,,,,,0,,,0,0,0,,,RPU4,,B,,0,,,,,,,,0,0,
200,8902281722,10,0,1,EA,1,1,EA,0,1,1,509.0,509.0,LB,122239.638,IN3,,45563,45563,1,3619.92,,0,6594436116,10,J,1490037827,10,,13R509,"Jobsite Cabinet,54 1/2 in,Tan",,,M1,ZS,,10100206412654,004S,,1,10,4,US,CA,,,1,,,,,,,,,,X,X,0,,1,,,,,,4,0,,S_ITCJOBS,45565,0.292256944444444,,1,,1724.61,0,3281.18,0,338.74,336.32,338.74,1,,,,2004,,,,,,,PPA,X,,,13R509,0,1000,1499383977,0,,CA9023000,3956.24,X,0,0,,0,,T,,,,,US,,,CA,300,10,,,,C,,,0,,,,,336.32,,,,,3956.2400000000002,,0,,,,,,,,,,0,,0,,45565,,,,,,,,T,,,,,,,,,,,0,,,0,,,,,,,,,,0,0,0,,,,,,,,0,0,,0,0,,,,,,,0,,,0,0,0,,,WP,,B,,0,,,,,,,,0,0,
200,8902281723,10,0,1,EA,1,1,EA,0,1,1,399.0,399.0,LB,93117.024,IN3,,45563,45563,1,2552.97,,0,6593195052,10,J,1487571009,10,,13R516,"Jobsite Cabinet,60 in,Tan",,,M1,ZS,,10100206412654,004S,,1,10,4,US,CA,,,1,,,,,,,,,,X,X,0,,1,,,,,,4,0,,S_ITCJOBS,45565,0.292280092592593,,1,,1128.93,0,2269.95,0,283.02,215.64,283.02,1,,,,2004,,,,,,,PPA,X,,,13R516,0,1000,1499383979,0,,CA9002800,2768.61,X,0,0,,0,,T,,,,,US,,,CA,300,10,,,,C,,,0,,,,,215.64,,,,,2768.61,,0,,,,,,,,,,0,,0,,45565,,,,,,,,T,,,,,,,,,,,0,,,0,,,,,,,,,,0,0,0,,,,,,,,0,0,,0,0,,,,,,,0,,,0,0,0,,,WP,,B,,0,,,,,,,,0,0,
200,8902281724,10,0,1,EA,1,1,EA,0,1,1,517.0,517.0,LB,138138.0,IN3,,45563,45563,1,2628.28,,0,6591098118,10,J,1482630007,10,,1TGL7,"Mobile Cabinet Bench,Steel,66"" W,33"" D",,,K3,ZS,,10182784004397,004S,,1,10,4,US,CA,,,1,,,,,,,,,,X,X,0,,1,,,,,,4,0,,S_ITCJOBS,45565,0.292280092592593,,1,,996.62,0,2299.54,0,328.74,178.21,328.74,1,,,,2004,,,,,,,PPA,X,,,1TGL7,0,1000,1499383981,0,,CA9226000,2806.49,X,0,0,,0,,T,,,,,US,,,CA,300,10,,,,C,,,0,,,,,178.21,,,,,2806.4900000000002,,0,,,,,,,,,,0,,0,,45565,,,,,,,,T,,,,,,,,,,,0,,,0,,,,,,,,,,0,0,0,,,,,,,,0,0,,0,0,,,,,,,0,,,0,0,0,,,WP,,B,,0,,,,,,,,0,0,
200,8902281725,10,0,1,EA,1,1,EA,0,1,1,534.0,534.0,LB,127387.5,IN3,,45563,45563,1,2778.78,,0,6593891466,10,J,1489277762,10,,16V898,"Electric Air Compressor, 5 hp, 2 Stage",,,G4,ZS,,10230222904973,004S,,1,10,4,US,CA,,,1,,,,,,,,,,X,X,0,,1,,,,,,4,0,,S_ITCJOBS,45565,0.292291666666667,,1,,1548.64,0,2440.04,0,338.74,213.5,338.74,1,,,,2004,,,,,,,PPA,X,,,16V898,0,1000,1499383983,0,,CA9176200,2992.28,X,0,0,,0,,T,,,,,US,,,CA,300,10,,,,C,,,0,,,,,213.5,,,,,2992.28,,0,,,,,,,,,,0,,0,,45565,,,,,,,,T,,,,,,,,,,,0,,,0,,,,,,,,,,0,0,0,,,,,,,,0,0,,0,0,,,,,,,0,,,0,0,0,,,WP,,B,,0,,,,,,,,0,0,
200,8902281726,10,0,1,EA,1,1,EA,0,1,1,532.0,532.0,LB,117925.0,IN3,,45563,45563,1,2886.54,,0,6593688003,10,J,1488953708,10,,1UBJ4,"Bin Cabinet,84""x48""x24"",Gray,0Bns",,,K1,ZS,,10180210226644,004S,,1,10,4,US,CA,,,1,,,,,,,,,,X,X,0,,1,,,,,,4,0,,S_ITCJOBS,45565,0.292303240740741,,1,,1001.37,0,2547.8,0,338.74,222.94,338.74,1,,,,2004,,,,,,,PPA,X,,,1UBJ4,0,1000,1499383985,0,,CA9241000,3109.48,X,0,0,,0,,T,,,,,US,,,CA,300,10,,,,C,,,0,,,,,222.94,,,,,3109.48,,0,,,,,,,,,,0,,0,,45565,,,,,,,,T,,,,,,,,,,,0,,,0,,,,,,,,,,0,0,0,,,,,,,,0,0,,0,0,,,,,,,0,,,0,0,0,,,WP,,B,,0,,,,,,,,0,0,
200,8902281727,10,0,1,EA,1,1,EA,0,1,1,1169.0,1169.0,LB,59862.96,IN3,,45563,45563,1,4256.79,,0,6594721123,10,J,1490399174,10,,12G597,"Combination Machine,52"" Bend,Hand Lever",,,N2,ZS,,10240214131928,004S,,1,10,4,US,CA,,,1,,,,,,,,,,X,X,0,,1,,,,,,4,0,,S_ITCJOBS,45565,0.292303240740741,,1,,2117.2,0,3703.2,0,553.59,324.03,553.59,1,,,,2004,,,,,,,PPA,X,,,12G597,0,1000,1499383987,0,,CA9241000,4580.82,X,0,0,,0,,T,,,,,US,,,CA,300,10,,,,C,,,0,,,,,324.03,,,,,4580.82,,0,,,,,,,,,,0,,0,,45565,,,,,,,,T,,,,,,,,,,,0,,,0,,,,,,,,,,0,0,0,,,,,,,,0,0,,0,0,,,,,,,0,,,0,0,0,,,WP,,B,,0,,,,,,,,0,0,
200,8902281728,10,0,1,EA,1,1,EA,0,1,1,459.0,459.0,LB,89472.0,IN3,,45563,45563,1,5210.33,,0,6593538246,10,J,1488478802,10,,11N148,"Air/Hydraulic Service Jack,10 tons,7"" H",,,L6,ZS,,10390222003863,004S,,1,10,4,US,CA,,,1,,,,,,,,,,X,X,0,,1,,,,,,4,0,,S_ITCJOBS,45565,0.292303240740741,,1,,3290.56,0,4885.0,0,325.33,464.07,325.33,1,,,,2004,,,,,,,PPA,X,,,11N148,0,1000,1499383989,0,,CA9000300,5674.4,X,0,0,,0,,T,,,,,US,,,CA,300,10,,,,C,,,0,,,,,464.07,,,,,5674.400000000001,,0,,,,,,,,,,0,,0,,45565,,,,,,,,T,,,,,,,,,,,0,,,0,,,,,,,,,,0,0,0,,,,,,,,0,0,,0,0,,,,,,,0,,,0,0,0,,,WP,,B,,0,,,,,,,,0,0,
200,8902281730,10,0,1,EA,1,1,EA,0,1,1,956.0,956.0,LB,208593.0,IN3,,45563,45563,1,7149.03,,0,6593912460,10,J,1489360053,10,,16V894,"Electric Air Compressor, 10 hp, 2 Stage",,,G4,ZS,,10230222904973,004S,,1,10,4,US,CA,,,1,,,,,,,,,,X,X,0,,1,,,,,,4,0,,S_ITCJOBS,45565,0.292314814814815,,1,,4170.65,0,6632.58,0,516.45,580.35,516.45,1,,,,2004,,,,,,,PPA,X,,,16V894,0,1000,1499383993,0,,CA9258402,7729.38,X,0,0,,0,,T,,,,,US,,,CA,300,10,,,,C,,,0,,,,,580.35,,,,,7729.38,,0,,,,,,,,,,0,,0,,45565,,,,,,,,T,,,,,,,,,,,0,,,0,,,,,,,,,,0,0,0,,,,,,,,0,0,,0,0,,,,,,,0,,,0,0,0,,,WP,,B,,0,,,,,,,,0,0,
200,8902281731,10,0,1,EA,1,1,EA,0,1,1,590.0,590.0,LB,120264.375,IN3,,45563,45563,1,4571.75,,0,6593546958,10,J,1488635668,10,,1WD80,"Electric Air Compressor, 5 hp, 2 Stage",,,G4,ZS,,10230222904973,004S,,1,10,4,US,CA,,,1,,,,,,,,,,X,X,0,1.0,1,,,,,,4,0,,S_ITCJOBS,45565,0.292337962962963,,1,,2150.4,0,4212.91,0,358.84,326.49,358.84,1,,,,2004,,,,,,,PPA,X,,,1WD80,0,1000,1499383995,0,,CA9211300,4898.24,X,0,0,,0,,T,,,,,US,,,CA,300,10,,,,C,,,0,,,,,326.49,,,,,4898.24,,0,,,,,,,,,,0,,0,,45565,,,,,,,,T,,,,,,,,,,,0,,,0,,,,,,,,,,0,0,0,,,,,,,,0,0,,0,0,,,,,,,0,,,0,0,0,,,WP,,D,,0,,,,,,,,0,0,
200,8902281732,10,0,1,EA,1,1,EA,0,1,1,450.0,450.0,LB,117410.88,IN3,,45563,45563,1,3322.08,,0,6593193402,10,J,1487485357,10,,13R515,"Jobsite Cabinet,60 in,Tan",,,M1,ZS,,10100206412654,004S,,1,10,4,US,CA,,,1,,,,,,,,,,X,X,0,,1,,,,,,4,0,,S_ITCJOBS,45565,0.292337962962963,,1,,1238.16,0,2996.75,0,325.33,307.18,325.33,1,,,,2004,,,,,,,PPA,X,,,13R515,0,1000,1499383997,0,,CA9173301,3629.26,X,0,0,,0,,T,,,,,US,,,CA,300,10,,,,C,,,0,,,,,307.18,,,,,3629.26,,0,,,,,,,,,,0,,0,,45565,,,,,,,,T,,,,,,,,,,,0,,,0,,,,,,,,,,0,0,0,,,,,,,,0,0,,0,0,,,,,,,0,,,0,0,0,,,WP,,B,,0,,,,,,,,0,0,
200,8902281733,10,0,1,EA,1,1,EA,0,1,1,961.0,961.0,LB,75900.0,IN3,,45563,45563,1,3604.28,,0,6595055960,10,J,1490946548,10,,13W872,"Machining Shear,0.039"" Cap. Mild Steel",,,N2,ZS,,10240214108716,004S,,1,10,4,US,CA,,,1,,,,,,,,,,X,X,0,,1,,,,,,4,0,,S_ITCJOBS,45565,0.292337962962963,,1,,1596.87,0,3087.83,0,516.45,316.51,516.45,1,,,,2004,,,,,,,PPA,X,,,13W872,0,1000,1499383999,0,,CA9173301,3920.79,X,0,0,,0,,T,,,,,US,,,CA,300,10,,,,C,,,0,,,,,316.51,,,,,3920.79,,0,,,,,,,,,,0,,0,,45565,,,,,,,,T,,,,,,,,,,,0,,,0,,,,,,,,,,0,0,0,,,,,,,,0,0,,0,0,,,,,,,0,,,0,0,0,,,WP,,B,,0,,,,,,,,0,0,
200,8902281734,10,0,1,EA,1,1,EA,0,1,1,417.0,417.0,LB,123125.76,IN3,,45563,45563,1,3113.14,,0,6594126661,10,J,1489675312,10,,13R512,"Piano-Style Jobsite Box,54 1/2 in,Tan",,,M1,ZS,,10100206412654,004S,,1,10,4,US,CA,,,1,,,,,,,,,,X,X,0,,1,,,,,,4,0,,S_ITCJOBS,45565,0.292349537037037,,1,,1450.3,0,2802.91,0,310.23,245.25,310.23,1,,,,2004,,,,,,,PPA,X,,,13R512,0,1000,1499384001,0,,CA9258402,3358.39,X,0,0,,0,,T,,,,,US,,,CA,300,10,,,,C,,,0,,,,,245.25,,,,,3358.39,,0,,,,,,,,,,0,,0,,45565,,,,,,,,T,,,,,,,,,,,0,,,0,,,,,,,,,,0,0,0,,,,,,,,0,0,,0,0,,,,,,,0,,,0,0,0,,,WP,,B,,0,,,,,,,,0,0,
200,8902281735,10,0,1,EA,1,1,EA,0,1,1,340.0,340.0,LB,163571.5,IN3,,45563,45563,1,3592.27,,0,6593620339,10,J,1488703428,10,,13R511,"Clam-Shell Jobsite Cabinet,65 in,Tan",,,M1,ZS,,10100206412654,004S,,1,10,4,US,CA,,,1,,,,,,,,,,X,X,0,,1,,,,,,4,0,,S_ITCJOBS,45565,0.292361111111111,,1,,1511.41,0,3332.03,0,260.24,258.23,260.24,1,,,,2004,,,,,,,PPA,X,,,13R511,0,1000,1499384003,0,,CA9210100,3850.5,X,0,0,,0,,T,,,,,US,,,CA,300,10,,,,C,,,0,,,,,258.23,,,,,3850.5,,0,,,,,,,,,,0,,0,,45565,,,,,,,,T,,,,,,,,,,,0,,,0,,,,,,,,,,0,0,0,,,,,,,,0,0,,0,0,,,,,,,0,,,0,0,0,,,WP,,B,,0,,,,,,,,0,0,
200,8902281736,10,0,1,EA,1,1,EA,0,1,1,897.0,897.0,LB,186946.2,IN3,,45563,45563,1,6771.08,,0,6593794059,10,J,1489191003,10,,16V893,"Electric Air Compressor, 10 hp, 2 Stage",,,G4,ZS,,10230222904973,004S,,1,10,4,US,CA,,,1,,,,,,,,,,X,X,0,,1,,,,,,4,0,,S_ITCJOBS,45565,0.292361111111111,,1,,4025.18,0,6291.52,0,479.56,597.69,479.56,1,,,,2004,,,,,,,PPA,X,,,16V893,0,1000,1499384004,0,,CA9004500,7368.77,X,0,0,,0,,T,,,,,US,,,CA,300,10,,,,C,,,0,,,,,597.69,,,,,7368.77,,0,,,,,,,,,,0,,0,,45565,,,,,,,,T,,,,,,,,,,,0,,,0,,,,,,,,,,0,0,0,,,,,,,,0,0,,0,0,,,,,,,0,,,0,0,0,,,WP,,B,,0,,,,,,,,0,0,
200,8902281738,10,0,1,EA,1,1,EA,0,1,1,340.0,340.0,LB,163571.5,IN3,,45563,45563,1,3639.11,,0,6595523838,10,J,1491722575,10,,13R511,"Clam-Shell Jobsite Cabinet,65 in,Tan",,,M1,ZS,,10100206412654,004S,,1,10,4,US,CA,,,1,,,,,,,,,,X,X,0,,1,,,,,,4,0,,S_ITCJOBS,45565,0.29244212962963,,1,,1511.41,0,3332.03,0,307.08,171.48,307.08,1,,,,2004,,,,,,,PPA,X,,,13R511,0,1000,1499384007,0,,HI9678602,3810.59,X,0,0,,0,,T,,,,,US,,,HI,300,10,,,,C,,,0,,,,,171.48,,,,,3810.59,,0,,,,,,,,,,0,,0,,45565,,,,,,,,T,,,,,,,,,,,0,,,0,,,,,,,,,,0,0,0,,,,,,,,0,0,,0,0,,,,,,,0,,,0,0,0,,,WP,,B,,0,,,,,,,,0,0,
200,8902281741,10,0,1,EA,1,1,EA,0,1,1,855.0,855.0,LB,218903.685,IN3,,45563,45563,1,6468.76,,0,6591824910,10,J,1484654446,10,,1WD88,"Electric Air Compressor, 10 hp, 2 Stage",,,G4,ZS,,10230222904973,004S,,1,10,4,US,CA,,,1,,,,,,,,,,X,X,0,1.0,1,,,,,,4,0,,S_ITCJOBS,45565,0.292476851851852,,1,,3789.63,0,5956.66,0,512.1,30.0,512.1,1,,,,2004,,,,,,,PPA,X,,,1WD88,0,1000,1499384010,0,,AK9964500,6498.76,X,0,0,,0,,T,,,,,US,,,AK,300,10,,,,C,,,0,,,,,30.0,,,,,6498.76,,0,,,,,,,,,,0,,0,,45565,,,,,,,,T,,,,,,,,,,,0,,,0,,,,,,,,,,0,0,0,,,,,,,,0,0,,0,0,,,,,,,0,,,0,0,0,,,WP,,D,,0,,,,,,,,0,0,
200,8902282948,10,0,1,EA,1,1,EA,0,1,1,483.0,483.0,LB,102025.0,IN3,,45563,45563,1,2314.87,,0,6590482316,10,J,1481576933,10,,1UBJ8,"Bin Cabinet,72""x48""x24"",Gray,128YlwBns",,,K1,ZS,,10180210226644,004S,,1,10,4,US,CA,,,1,,,,,,,,,,X,X,0,,1,,,,,,4,0,,S_ITCJOBS,45565,0.291875,,1,,799.18,0,1998.84,0,316.03,167.4,316.03,1,,,,2004,,,,,,,PPA,X,,,1UBJ8,0,1000,1499363498,0,,CA9546800,2482.27,X,0,0,,0,,T,,,,,US,,,CA,300,10,,,,C,,,0,,,,,167.4,,,,,2482.27,,0,,,,,,,,,,0,,0,,45565,,,,,,,,T,,,,,,,,,,,0,,,0,,,,,,,,,,0,0,0,,,,,,,,0,0,,0,0,,,,,,,0,,,0,0,0,,,WP,,D,,0,,,,,,,,0,0,
200,8902282949,10,0,1,EA,1,1,EA,0,1,1,532.0,532.0,LB,117925.0,IN3,,45563,45563,1,2877.24,,0,6590488772,10,J,1481585855,10,,1UBJ4,"Bin Cabinet,84""x48""x24"",Gray,0Bns",,,K1,ZS,,10180210226644,004S,,1,10,4,US,CA,,,1,,,,,,,,,,X,X,0,,1,,,,,,4,0,,S_ITCJOBS,45565,0.291875,,1,,1001.37,0,2547.8,0,329.44,213.38,329.44,1,,,,2004,,,,,,,PPA,X,,,1UBJ4,0,1000,1499363499,0,,CA9546800,3090.62,X,0,0,,0,,T,,,,,US,,,CA,300,10,,,,C,,,0,,,,,213.38,,,,,3090.62,,0,,,,,,,,,,0,,0,,45565,,,,,,,,T,,,,,,,,,,,0,,,0,,,,,,,,,,0,0,0,,,,,,,,0,0,,0,0,,,,,,,0,,,0,0,0,,,WP,,B,,0,,,,,,,,0,0,
200,8902282950,10,0,1,EA,1,1,EA,0,1,1,855.0,855.0,LB,218903.685,IN3,,45563,45563,1,6426.92,,0,6590640284,10,J,1481893136,10,,1WD88,"Electric Air Compressor, 10 hp, 2 Stage",,,G4,ZS,,10230222904973,004S,,1,10,4,US,CA,,,1,,,,,,,,,,X,X,0,1.0,1,,,,,,4,0,,S_ITCJOBS,45565,0.291875,,1,,3789.63,0,5956.66,0,470.26,498.87,470.26,1,,,,2004,,,,,,,PPA,X,,,1WD88,0,1000,1499363500,0,,CA9546800,6925.79,X,0,0,,0,,T,,,,,US,,,CA,300,10,,,,C,,,0,,,,,498.87,,,,,6925.79,,0,,,,,,,,,,0,,0,,45565,,,,,,,,T,,,,,,,,,,,0,,,0,,,,,,,,,,0,0,0,,,,,,,,0,0,,0,0,,,,,,,0,,,0,0,0,,,WP,,D,,0,,,,,,,,0,0,
200,8902282951,10,0,1,EA,1,1,EA,0,1,1,517.0,517.0,LB,138138.0,IN3,,45563,45563,1,2628.98,,0,6590756993,10,J,1482092788,10,,1TGL7,"Mobile Cabinet Bench,Steel,66"" W,33"" D",,,K3,ZS,,10182784004397,004S,,1,10,4,US,CA,,,1,,,,,,,,,,X,X,0,,1,,,,,,4,0,,S_ITCJOBS,45565,0.291875,,1,,996.62,0,2299.54,0,329.44,192.58,329.44,1,,,,2004,,,,,,,PPA,X,,,1TGL7,0,1000,1499363501,0,,CA9546800,2821.56,X,0,0,,0,,T,,,,,US,,,CA,300,10,,,,C,,,0,,,,,192.58,,,,,2821.56,,0,,,,,,,,,,0,,0,,45565,,,,,,,,T,,,,,,,,,,,0,,,0,,,,,,,,,,0,0,0,,,,,,,,0,0,,0,0,,,,,,,0,,,0,0,0,,,WP,,B,,0,,,,,,,,0,0,
200,8902282952,10,0,1,EA,1,1,EA,0,1,1,369.0,369.0,LB,59660.0,IN3,,45563,45563,1,2058.97,,0,6591156012,10,J,1482729737,10,,16D690,"Storage Cabinet,78""x36""x18"",Gray,4Shlv",,,K1,ZS,,10180210204399,004S,,1,10,4,US,CA,,,1,,,,,,,,,,X,X,0,,1,,,,,,4,0,,S_ITCJOBS,45565,0.291875,,1,,792.36,0,1785.25,0,273.72,149.53,273.72,1,,,,2004,,,,,,,PPA,X,,,16D690,0,1000,1499363502,0,,CA9546800,2208.5,X,0,0,,0,,T,,,,,US,,,CA,300,10,,,,C,,,0,,,,,149.53,,,,,2208.5,,0,,,,,,,,,,0,,0,,45565,,,,,,,,T,,,,,,,,,,,0,,,0,,,,,,,,,,0,0,0,,,,,,,,0,0,,0,0,,,,,,,0,,,0,0,0,,,WP,,B,,0,,,,,,,,0,0,
200,8902282953,10,0,1,EA,1,1,EA,0,1,1,595.0,595.0,LB,131560.0,IN3,,45563,45563,1,3768.12,,0,6591507970,10,J,1483519962,10,,1WD82,"Electric Air Compressor, 5 hp, 2 Stage",,,G4,ZS,,10230222904973,004S,,1,10,4,US,CA,,,1,,,,,,,,,,X,X,0,1.0,1,,,,,,4,0,,S_ITCJOBS,45565,0.291875,,1,,2150.4,0,3418.58,0,349.54,286.3,349.54,1,,,,2004,,,,,,,PPA,X,,,1WD82,0,1000,1499363503,0,,CA9546800,4054.42,X,0,0,,0,,T,,,,,US,,,CA,300,10,,,,C,,,0,,,,,286.3,,,,,4054.42,,0,,,,,,,,,,0,,0,,45565,,,,,,,,T,,,,,,,,,,,0,,,0,,,,,,,,,,0,0,0,,,,,,,,0,0,,0,0,,,,,,,0,,,0,0,0,,,WP,,D,,0,,,,,,,,0,0,
200,8902282954,10,0,1,EA,1,1,EA,0,1,1,581.0,581.0,LB,232128.0,IN3,,45563,45563,1,4236.94,,0,6591558670,10,J,1483585839,10,,1WD86,"Electric Air Compressor, 7.5 hp, 2 Stage",,,G4,ZS,,10230222904973,004S,,1,10,4,US,CA,,,1,,,,,,,,,,X,X,0,1.0,1,,,,,,4,0,,S_ITCJOBS,45565,0.291875,,1,,2408.91,0,3887.4,0,349.54,325.57,349.54,1,,,,2004,,,,,,,PPA,X,,,1WD86,0,1000,1499363504,0,,CA9546800,4562.51,X,0,0,,0,,T,,,,,US,,,CA,300,10,,,,C,,,0,,,,,325.57,,,,,4562.51,,0,,,,,,,,,,0,,0,,45565,,,,,,,,T,,,,,,,,,,,0,,,0,,,,,,,,,,0,0,0,,,,,,,,0,0,,0,0,,,,,,,0,,,0,0,0,,,WP,,D,,0,,,,,,,,0,0,
200,8902282955,10,0,1,EA,1,1,EA,0,1,1,595.0,595.0,LB,131560.0,IN3,,45563,45563,1,3768.12,,0,6592232126,10,J,1485463014,10,,1WD82,"Electric Air Compressor, 5 hp, 2 Stage",,,G4,ZS,,10230222904973,004S,,1,10,4,US,CA,,,1,,,,,,,,,,X,X,0,1.0,1,,,,,,4,0,,S_ITCJOBS,45565,0.291875,,1,,2150.4,0,3418.58,0,349.54,286.3,349.54,1,,,,2004,,,,,,,PPA,X,,,1WD82,0,1000,1499363505,0,,CA9546800,4054.42,X,0,0,,0,,T,,,,,US,,,CA,300,10,,,,C,,,0,,,,,286.3,,,,,4054.42,,0,,,,,,,,,,0,,0,,45565,,,,,,,,T,,,,,,,,,,,0,,,0,,,,,,,,,,0,0,0,,,,,,,,0,0,,0,0,,,,,,,0,,,0,0,0,,,WP,,D,,0,,,,,,,,0,0,
200,8902282959,10,0,1,EA,1,1,EA,0,1,1,450.0,450.0,LB,117410.88,IN3,,45563,45563,1,3322.08,,0,6595136342,10,J,1491039459,10,,13R515,"Jobsite Cabinet,60 in,Tan",,,M1,ZS,,10100206412654,004S,,1,10,4,US,CA,,,1,,,,,,,,,,X,X,0,,1,,,,,,4,0,,S_ITCJOBS,45565,0.292175925925926,,1,,1238.16,0,2996.75,0,325.33,277.2,325.33,1,,,,2004,,,,,,,PPP,X,,,13R515,0,1000,1499363510,0,,CA9270500,3599.28,X,0,0,,0,,T,,,,,US,,,CA,300,10,,,,C,,,0,,,,,277.2,,,,,3599.28,,0,,,,,,,,,,0,,0,,45565,,,,,,,,T,,,,,,,,,,,0,,,0,,,,,,,,,,0,0,0,,,,,,,,0,0,,0,0,,,,,,,0,,,0,0,0,,,WP,,B,,0,,,,,,,,0,0,
200,8902282960,10,0,1,EA,1,1,EA,0,1,1,290.0,290.0,LB,81472.0,IN3,,45563,45563,1,2346.08,,0,6595065838,10,J,1490944441,10,,14V866,"Jobsite Box,36 in,Tan",,,M1,ZS,,10100206412654,004S,,1,10,4,US,CA,,,1,,,,,,,,,,X,X,0,,1,,,,,,4,0,,S_ITCJOBS,45565,0.2921875,,1,,1025.35,0,2095.61,0,250.47,162.42,250.47,1,,,,2004,,,,,,,PPA,X,,,14V866,0,1000,1499363512,0,,CA9212100,2508.5,X,0,0,,0,,T,,,,,US,,,CA,300,10,,,,C,,,0,,,,,162.42,,,,,2508.5,,0,,,,,,,,,,0,,0,,45565,,,,,,,,T,,,,,,,,,,,0,,,0,,,,,,,,,,0,0,0,,,,,,,,0,0,,0,0,,,,,,,0,,,0,0,0,,,WP,,B,,0,,,,,,,,0,0,
200,8902282961,10,0,1,EA,1,1,EA,0,1,1,961.0,961.0,LB,75900.0,IN3,,45563,45563,1,3604.28,,0,6593378480,10,J,1488002085,10,,13W872,"Machining Shear,0.039"" Cap. Mild Steel",,,N2,ZS,,10240214108716,004S,,1,10,4,US,CA,,,1,,,,,,,,,,X,X,0,,1,,,,,,4,0,,S_ITCJOBS,45565,0.292210648148148,,1,,1596.87,0,3087.83,0,516.45,293.35,516.45,1,,,,2004,,,,,,,PPA,X,,,13W872,0,1000,1499363514,0,,CA9135600,3897.63,X,0,0,,0,,T,,,,,US,,,CA,300,10,,,,C,,,0,,,,,293.35,,,,,3897.63,,0,,,,,,,,,,0,,0,,45565,,,,,,,,T,,,,,,,,,,,0,,,0,,,,,,,,,,0,0,0,,,,,,,,0,0,,0,0,,,,,,,0,,,0,0,0,,,WP,,B,,0,,,,,,,,0,0,
200,8902282962,10,0,1,EA,1,1,EA,0,1,1,459.0,459.0,LB,89472.0,IN3,,45563,45563,1,5210.33,,0,6594610039,10,J,1490261745,10,,11N148,"Air/Hydraulic Service Jack,10 tons,7"" H",,,L6,ZS,,10390222003863,004S,,1,10,4,US,CA,,,1,,,,,,,,,,X,X,0,,1,,,,,,4,0,,S_ITCJOBS,45565,0.292222222222222,,1,,3290.56,0,4885.0,0,325.33,500.71,325.33,1,,,,2004,,,,,,,PPA,X,,,11N148,0,1000,1499363516,0,,CA9040800,5711.04,X,0,0,,0,,T,,,,,US,,,CA,300,10,,,,C,,,0,,,,,500.71,,,,,5711.04,,0,,,,,,,,,,0,,0,,45565,,,,,,,,T,,,,,,,,,,,0,,,0,,,,,,,,,,0,0,0,,,,,,,,0,0,,0,0,,,,,,,0,,,0,0,0,,,WP,,B,,0,,,,,,,,0,0,
200,8902282964,10,0,1,EA,1,1,EA,0,1,1,688.0,688.0,LB,233860.9,IN3,,45563,45563,1,4650.24,,0,6593734498,10,J,1489041758,10,,14V855,"Jobsite Field Office,83 in,Tan",,,M1,ZS,,10100206412654,004S,,1,10,4,US,CA,,,1,,,,,,,,,,X,X,0,,1,,,,,,4,0,,S_ITCJOBS,45565,0.29224537037037,,1,,2057.92,0,4252.83,0,397.41,329.59,397.41,1,,,,2004,,,,,,,PPA,X,,,14V855,0,1000,1499363519,0,,CA9266300,4979.83,X,0,0,,0,,T,,,,,US,,,CA,300,10,,,,C,,,0,,,,,329.59,,,,,4979.83,,0,,,,,,,,,,0,,0,,45565,,,,,,,,T,,,,,,,,,,,0,,,0,,,,,,,,,,0,0,0,,,,,,,,0,0,,0,0,,,,,,,0,,,0,0,0,,,WP,,B,,0,,,,,,,,0,0,
200,8902282965,10,0,1,EA,1,1,EA,0,1,1,369.0,369.0,LB,59660.0,IN3,,45563,45563,1,2068.27,,0,6593620709,10,J,1488703706,10,,16D690,"Storage Cabinet,78""x36""x18"",Gray,4Shlv",,,K1,ZS,,10180210204399,004S,,1,10,4,US,CA,,,1,,,,,,,,,,X,X,0,,1,,,,,,4,0,,S_ITCJOBS,45565,0.292268518518519,,1,,792.36,0,1785.25,0,283.02,138.37,283.02,1,,,,2004,,,,,,,PPA,X,,,16D690,0,1000,1499363520,0,,CA9280600,2206.64,X,0,0,,0,,T,,,,,US,,,CA,300,10,,,,C,,,0,,,,,138.37,,,,,2206.64,,0,,,,,,,,,,0,,0,,45565,,,,,,,,T,,,,,,,,,,,0,,,0,,,,,,,,,,0,0,0,,,,,,,,0,0,,0,0,,,,,,,0,,,0,0,0,,,WP,,B,,0,,,,,,,,0,0,
200,8902282966,10,0,1,EA,1,1,EA,0,1,1,956.0,956.0,LB,208593.0,IN3,,45563,45563,1,7149.03,,0,6595155000,10,J,1491096877,10,,16V894,"Electric Air Compressor, 10 hp, 2 Stage",,,G4,ZS,,10230222904973,004S,,1,10,4,US,CA,,,1,,,,,,,,,,X,X,0,,1,,,,,,4,0,,S_ITCJOBS,45565,0.292268518518519,,1,,4170.65,0,6632.58,0,516.45,514.02,516.45,1,,,,2004,,,,,,,PPA,X,,,16V894,0,1000,1499363522,0,,CA9280600,7663.05,X,0,0,,0,,T,,,,,US,,,CA,300,10,,,,C,,,0,,,,,514.02,,,,,7663.05,,0,,,,,,,,,,0,,0,,45565,,,,,,,,T,,,,,,,,,,,0,,,0,,,,,,,,,,0,0,0,,,,,,,,0,0,,0,0,,,,,,,0,,,0,0,0,,,WP,,B,,0,,,,,,,,0,0,
200,8902282967,10,0,1,EA,1,1,EA,0,1,1,821.0,821.0,LB,143761.5,IN3,,45563,45563,1,8670.56,,0,6594608557,10,J,1490254409,10,,11N135,"Air End Lift,10 tons,14 In. H,50 In. H",,,R4,ZS,,10390222003863,004S,,1,10,4,US,CA,,,1,,,,,,,,,,X,X,0,,1,,,,,,4,0,,S_ITCJOBS,45565,0.292280092592593,,1,,4889.51,0,8211.13,0,459.43,636.37,459.43,1,,,,2004,,,,,,,PPA,X,,,11N135,0,1000,1499363524,0,,CA9266000,9306.93,X,0,0,,0,,T,,,,,US,,,CA,300,10,,,,C,,,0,,,,,636.37,,,,,9306.93,,0,,,,,,,,,,0,,0,,45565,,,,,,,,T,,,,,,,,,,,0,,,0,,,,,,,,,,0,0,0,,,,,,,,0,0,,0,0,,,,,,,0,,,0,0,0,,,WP,,B,,0,,,,,,,,0,0,
200,8902282968,10,0,1,EA,1,1,EA,0,1,1,910.0,910.0,LB,189440.0,IN3,,45563,45563,1,6729.66,,0,6593730691,10,J,1489035825,10,,16V892,"Electric Air Compressor, 10 hp, 2 Stage",,,G4,ZS,,10230222904973,004S,,1,10,4,US,CA,,,1,,,,,,,,,,X,X,0,,1,,,,,,4,0,,S_ITCJOBS,45565,0.292303240740741,,1,,4025.18,0,6229.99,0,499.67,638.56,499.67,1,,,,2004,,,,,,,PPA,X,,,16V892,0,1000,1499363526,0,,CA9081000,7368.22,X,0,0,,0,,T,,,,,US,,,CA,300,10,,,,C,,,0,,,,,638.56,,,,,7368.22,,0,,,,,,,,,,0,,0,,45565,,,,,,,,T,,,,,,,,,,,0,,,0,,,,,,,,,,0,0,0,,,,,,,,0,0,,0,0,,,,,,,0,,,0,0,0,,,WP,,B,,0,,,,,,,,0,0,
200,8902282969,10,0,1,EA,1,1,EA,0,1,1,483.0,483.0,LB,102025.0,IN3,,45563,45563,1,2324.87,,0,6592807366,10,J,1486802709,10,,1UBJ8,"Bin Cabinet,72""x48""x24"",Gray,128YlwBns",,,K1,ZS,,10180210226644,004S,,1,10,4,US,CA,,,1,,,,,,,,,,X,X,0,,1,,,,,,4,0,,S_ITCJOBS,45565,0.292326388888889,,1,,799.18,0,1998.84,0,326.03,179.4,326.03,1,,,,2004,,,,,,,PPA,X,,,1UBJ8,0,1000,1499363528,0,,CA9363000,2504.27,X,0,0,,0,,T,,,,,US,,,CA,300,10,,,,C,,,0,,,,,179.4,,,,,2504.27,,0,,,,,,,,,,0,,0,,45565,,,,,,,,T,,,,,,,,,,,0,,,0,,,,,,,,,,0,0,0,,,,,,,,0,0,,0,0,,,,,,,0,,,0,0,0,,,WP,,D,,0,,,,,,,,0,0,
200,8902282970,10,0,1,EA,1,1,EA,0,1,1,509.0,509.0,LB,122239.638,IN3,,45563,45563,1,3619.92,,0,6594426542,10,J,1490050633,10,,13R509,"Jobsite Cabinet,54 1/2 in,Tan",,,M1,ZS,,10100206412654,004S,,1,10,4,US,CA,,,1,,,,,,,,,,X,X,0,,1,,,,,,4,0,,S_ITCJOBS,45565,0.292337962962963,,1,,1724.61,0,3281.18,0,338.74,311.71,338.74,1,,,,2004,,,,,,,PPA,X,,,13R509,0,1000,1499363530,0,,CA9001700,3931.63,X,0,0,,0,,T,,,,,US,,,CA,300,10,,,,C,,,0,,,,,311.71,,,,,3931.63,,0,,,,,,,,,,0,,0,,45565,,,,,,,,T,,,,,,,,,,,0,,,0,,,,,,,,,,0,0,0,,,,,,,,0,0,,0,0,,,,,,,0,,,0,0,0,,,WP,,B,,0,,,,,,,,0,0,
200,8902282971,10,0,1,EA,1,1,EA,0,1,1,517.0,517.0,LB,138138.0,IN3,,45563,45563,1,2638.28,,0,6592908472,10,J,1486982799,10,,1TGL7,"Mobile Cabinet Bench,Steel,66"" W,33"" D",,,K3,ZS,,10182784004397,004S,,1,10,4,US,CA,,,1,,,,,,,,,,X,X,0,,1,,,,,,4,0,,S_ITCJOBS,45565,0.292349537037037,,1,,996.62,0,2299.54,0,338.74,201.21,338.74,1,,,,2004,,,,,,,PPA,X,,,1TGL7,0,1000,1499363531,0,,CA9583500,2839.49,X,0,0,,0,,T,,,,,US,,,CA,300,10,,,,C,,,0,,,,,201.21,,,,,2839.4900000000002,,0,,,,,,,,,,0,,0,,45565,,,,,,,,T,,,,,,,,,,,0,,,0,,,,,,,,,,0,0,0,,,,,,,,0,0,,0,0,,,,,,,0,,,0,0,0,,,WP,,B,,0,,,,,,,,0,0,
200,8902282972,10,0,1,EA,1,1,EA,0,1,1,532.0,532.0,LB,117925.0,IN3,,45563,45563,1,2921.83,,0,6591851131,10,J,1484623707,10,,1UBJ4,"Bin Cabinet,84""x48""x24"",Gray,0Bns",,,K1,ZS,,10180210226644,004S,,1,10,4,US,CA,,,1,,,,,,,,,,X,X,0,,1,,,,,,4,0,,S_ITCJOBS,45565,0.292395833333333,,1,,1001.37,0,2547.8,0,374.03,15.0,374.03,1,,,,2004,,,,,,,PPA,X,,,1UBJ4,0,1000,1499363533,0,,AK9963100,2936.83,X,0,0,,0,,T,,,,,US,,,AK,300,10,,,,C,,,0,,,,,15.0,,,,,2936.83,,0,,,,,,,,,,0,,0,,45565,,,,,,,,T,,,,,,,,,,,0,,,0,,,,,,,,,,0,0,0,,,,,,,,0,0,,0,0,,,,,,,0,,,0,0,0,,,WP,,B,,0,,,,,,,,0,0,
200,8902282973,10,0,1,EA,1,1,EA,0,1,1,545.0,545.0,LB,55166.88,IN3,,45563,45563,1,3699.82,,0,6593718282,10,J,1488991475,10,,13R504,"Mobile Cabinet Bench,Steel,54-1/4""W,26""D",,,M1,ZS,,10182784004397,004S,,1,10,4,US,CA,,,1,,,,,,,,,,X,X,0,1.0,1,,,,,,4,0,,S_ITCJOBS,45565,0.29244212962963,,1,,2057.24,0,3361.08,0,338.74,319.29,338.74,1,,,,2004,,,,,,,PPP,X,,,13R504,0,1000,1499363535,0,,CA9002500,4019.11,X,0,0,,0,,T,,,,,US,,,CA,300,10,,,,C,,,0,,,,,319.29,,,,,4019.11,,0,,,,,,,,,,0,,0,,45565,,,,,,,,T,,,,,,,,,,,0,,,0,,,,,,,,,,0,0,0,,,,,,,,0,0,,0,0,,,,,,,0,,,0,0,0,,,WP,,B,,0,,,,,,,,0,0,
200,8902282974,10,0,1,EA,1,1,EA,0,1,1,961.0,961.0,LB,75900.0,IN3,,45563,45563,1,3604.28,,0,6593804823,10,J,1489188129,10,,13W872,"Machining Shear,0.039"" Cap. Mild Steel",,,N2,ZS,,10240214108716,004S,,1,10,4,US,CA,,,1,,,,,,,,,,X,X,0,,1,,,,,,4,0,,S_ITCJOBS,45565,0.292453703703704,,1,,1596.87,0,3087.83,0,516.45,293.35,516.45,1,,,,2004,,,,,,,PPA,X,,,13W872,0,1000,1499363537,0,,CA9006500,3897.63,X,0,0,,0,,T,,,,,US,,,CA,300,10,,,,C,,,0,,,,,293.35,,,,,3897.63,,0,,,,,,,,,,0,,0,,45565,,,,,,,,T,,,,,,,,,,,0,,,0,,,,,,,,,,0,0,0,,,,,,,,0,0,,0,0,,,,,,,0,,,0,0,0,,,WP,,B,,0,,,,,,,,0,0,
200,8902282975,10,0,1,EA,1,1,EA,0,1,1,600.0,600.0,LB,55687.5,IN3,,45563,45563,1,4459.29,,0,6594159217,10,J,1489630265,10,,14V882,"Mobile Cabinet Bench,Steel,54-1/4""W,26""D",,,M1,ZS,,10182784004397,004S,,1,10,4,US,CA,,,1,,,,,,,,,,X,X,0,1.0,1,,,,,,4,0,,S_ITCJOBS,45565,0.292476851851852,,1,,2578.63,0,4082.0,0,377.29,387.8,377.29,1,,,,2004,,,,,,,PPA,X,,,14V882,0,1000,1499363539,0,,CA9177300,4847.09,X,0,0,,0,,T,,,,,US,,,CA,300,10,,,,C,,,0,,,,,387.8,,,,,4847.09,,0,,,,,,,,,,0,,0,,45565,,,,,,,,T,,,,,,,,,,,0,,,0,,,,,,,,,,0,0,0,,,,,,,,0,0,,0,0,,,,,,,0,,,0,0,0,,,WP,,B,,0,,,,,,,,0,0,
200,8902282976,10,0,1,EA,1,1,EA,0,1,1,297.1,297.1,LB,52920.0,IN3,,45563,45563,1,31894.57,,0,6595003277,10,J,1490841933,10,,1UDW5,"Master Tool Set,Technician,1258-Pieces",,,M1,ZS,,10100205113586,004S,,1,10,4,US,CA,,,1,,,,,,,,,,X,X,0,,1,,,,,,4,0,,S_ITCJOBS,45565,0.2925,,1,,12861.88,0,31644.1,0,250.47,3006.19,250.47,1,,,,2004,,,,,,,PPA,X,,,1UDW5,0,1000,1499363541,0,,CA9160100,34900.76,X,0,0,,0,,T,,,,,US,,,CA,300,10,,,,C,,,0,,,,,3006.19,,,,,34900.76,,0,,,,,,,,,,0,,0,,45565,,,,,,,,T,,,,,,,,,,,0,,,0,,,,,,,,,,0,0,0,,,,,,,,0,0,,0,0,,,,,,,0,,,0,0,0,,,WP,,D,,0,,,,,,,,0,0,
200,8902282977,10,0,1,EA,1,1,EA,0,1,1,910.0,910.0,LB,189440.0,IN3,,45563,45563,1,6729.66,,0,6593403274,10,J,1488024049,10,,16V892,"Electric Air Compressor, 10 hp, 2 Stage",,,G4,ZS,,10230222904973,004S,,1,10,4,US,CA,,,1,,,,,,,,,,X,X,0,,1,,,,,,4,0,,S_ITCJOBS,45565,0.292511574074074,,1,,4025.18,0,6229.99,0,499.67,482.82,499.67,1,,,,2004,,,,,,,PPA,X,,,16V892,0,1000,1499385244,0,,CA9260300,7212.48,X,0,0,,0,,T,,,,,US,,,CA,300,10,,,,C,,,0,,,,,482.82,,,,,7212.4800000000005,,0,,,,,,,,,,0,,0,,45565,,,,,,,,T,,,,,,,,,,,0,,,0,,,,,,,,,,0,0,0,,,,,,,,0,0,,0,0,,,,,,,0,,,0,0,0,,,WP,,B,,0,,,,,,,,0,0,
200,8902282978,10,0,1,EA,1,1,EA,0,1,1,509.0,509.0,LB,122239.638,IN3,,45563,45563,1,3619.92,,0,6595051463,10,J,1490906530,10,,13R509,"Jobsite Cabinet,54 1/2 in,Tan",,,M1,ZS,,10100206412654,004S,,1,10,4,US,CA,,,1,,,,,,,,,,X,X,0,,1,,,,,,4,0,,S_ITCJOBS,45565,0.292534722222222,,1,,1724.61,0,3281.18,0,338.74,254.29,338.74,1,,,,2004,,,,,,,PPA,X,,,13R509,0,1000,1499385246,0,,CA9212100,3874.21,X,0,0,,0,,T,,,,,US,,,CA,300,10,,,,C,,,0,,,,,254.29,,,,,3874.21,,0,,,,,,,,,,0,,0,,45565,,,,,,,,T,,,,,,,,,,,0,,,0,,,,,,,,,,0,0,0,,,,,,,,0,0,,0,0,,,,,,,0,,,0,0,0,,,WP,,B,,0,,,,,,,,0,0,
200,8902282981,10,0,1,EA,1,1,EA,0,1,1,910.0,910.0,LB,189440.0,IN3,,45563,45563,1,6761.81,,0,6591745861,10,J,1484464546,10,,16V892,"Electric Air Compressor, 10 hp, 2 Stage",,,G4,ZS,,10230222904973,004S,,1,10,4,US,CA,,,1,,,,,,,,,,X,X,0,,1,,,,,,4,0,,S_ITCJOBS,45565,0.29255787037037,,1,,4025.18,0,6229.99,0,531.82,0.0,531.82,1,,,,2004,,,,,,,PPA,X,,,16V892,0,1000,1499385250,0,,AK9950800,6761.81,X,0,0,,0,,T,,,,,US,,,AK,300,10,,,,C,,,0,,,,,0.0,,,,,6761.81,,0,,,,,,,,,,0,,0,,45565,,,,,,,,T,,,,,,,,,,,0,,,0,,,,,,,,,,0,0,0,,,,,,,,0,0,,0,0,,,,,,,0,,,0,0,0,,,WP,,B,,0,,,,,,,,0,0,
200,8902282982,10,0,1,EA,1,1,EA,0,1,1,897.0,897.0,LB,186946.2,IN3,,45563,45563,1,6771.08,,0,6593886755,10,J,1489313448,10,,16V893,"Electric Air Compressor, 10 hp, 2 Stage",,,G4,ZS,,10230222904973,004S,,1,10,4,US,CA,,,1,,,,,,,,,,X,X,0,,1,,,,,,4,0,,S_ITCJOBS,45565,0.29255787037037,,1,,4025.18,0,6291.52,0,479.56,597.69,479.56,1,,,,2004,,,,,,,PPA,X,,,16V893,0,1000,1499385251,0,,CA9143601,7368.77,X,0,0,,0,,T,,,,,US,,,CA,300,10,,,,C,,,0,,,,,597.69,,,,,7368.77,,0,,,,,,,,,,0,,0,,45565,,,,,,,,T,,,,,,,,,,,0,,,0,,,,,,,,,,0,0,0,,,,,,,,0,0,,0,0,,,,,,,0,,,0,0,0,,,WP,,B,,0,,,,,,,,0,0,
200,8902282983,10,0,1,EA,1,1,EA,0,1,1,532.0,532.0,LB,117925.0,IN3,,45563,45563,1,2886.54,,0,6595060436,10,J,1490923404,10,,1UBJ4,"Bin Cabinet,84""x48""x24"",Gray,0Bns",,,K1,ZS,,10180210226644,004S,,1,10,4,US,CA,,,1,,,,,,,,,,X,X,0,,1,,,,,,4,0,,S_ITCJOBS,45565,0.29255787037037,,1,,1001.37,0,2547.8,0,338.74,242.05,338.74,1,,,,2004,,,,,,,PPA,X,,,1UBJ4,0,1000,1499385253,0,,CA9143601,3128.59,X,0,0,,0,,T,,,,,US,,,CA,300,10,,,,C,,,0,,,,,242.05,,,,,3128.59,,0,,,,,,,,,,0,,0,,45565,,,,,,,,T,,,,,,,,,,,0,,,0,,,,,,,,,,0,0,0,,,,,,,,0,0,,0,0,,,,,,,0,,,0,0,0,,,WP,,B,,0,,,,,,,,0,0,
200,8902282984,10,0,1,EA,1,1,EA,0,1,1,1219.0,1219.0,LB,88977.9,IN3,,45563,45563,1,4567.85,,0,6594727249,10,J,1490405737,10,,13W878,"Machining Shear,0.059"" Cap. Mild Steel",,,N2,ZS,,10240214108716,004S,,1,10,4,US,CA,,,1,,,,,,,,,,X,X,0,,1,,,,,,4,0,,S_ITCJOBS,45565,0.292581018518519,,1,,1776.3,0,4014.26,0,553.59,381.36,553.59,1,,,,2004,,,,,,,PPA,X,,,13W878,0,1000,1499385255,0,,CA9001800,4949.21,X,0,0,,0,,T,,,,,US,,,CA,300,10,,,,C,,,0,,,,,381.36,,,,,4949.21,,0,,,,,,,,,,0,,0,,45565,,,,,,,,T,,,,,,,,,,,0,,,0,,,,,,,,,,0,0,0,,,,,,,,0,0,,0,0,,,,,,,0,,,0,0,0,,,WP,,B,,0,,,,,,,,0,0,
200,8902282999,10,0,12,EA,1,1,EA,0,12,12,13.2,13.2,LB,12000.0,IN3,,45565,45565,1,157.85,,0,6595714120,10,J,1492230006,10,,2W233,"Pleated Air Filter,20x25x2,MERV 7",,,C2,ZS,,10120207403648,003S,,1,10,3,US,SC,,,1,,,,,,,,,,X,X,0,,1,,,,,,3,0,,S_ITCJOBS,45565,0.729722222222222,,1,,40.32,0,104.04,0,53.81,10.66,53.81,1,,,,2003,,,,,,,PPA,S,,,2W233,0,1000,1499385260,0,,CA9456800,14.04,X,0,0,,0,,T,,,,,US,,,CA,300,10,,,,C,,,0,,,,,10.66,,,,,14.0425,,0,,,,,,,,,,0,,0,,45565,,,,,,,,T,,,,,,,,,,,0,,,0,,,,,,,,,,0,0,0,,,,,,,,0,0,,0,0,,,,,,,0,,,0,0,0,,,WP,,A,,0,,,,,,,,0,0,
200,8902282999,20,0,30,EA,1,1,EA,0,30,30,83.1,83.1,LB,2304.0,IN3,,45565,45565,1,476.57,,0,6595714120,20,J,1492230006,20,,6XC30,"Metallic Conduit,Steel,Trd Sz 1/2in",,,B7,ZS,,10060219403390,003S,,1,20,3,US,SC,,,1,,,,,,,,,,X,X,0,,1,,,,,,3,0,,S_ITCJOBS,45565,0.729722222222222,,1,,132.3,0,314.1,0,162.47,32.2,162.47,1,,,,2003,,,,,,,PPA,X,,,6XC30,0,1000,1499385262,0,,CA9456800,16.96,X,0,0,,0,,T,,,,,US,,,CA,300,10,,,,C,,,0,,,,,32.2,,,,,16.959,,0,,,,,,,,,,0,,0,,45565,,,,,,,,T,,,,,,,,,,,0,,,0,,,,,,,,,,0,0,0,,,,,,,,0,0,,0,0,,,,,,,0,,,0,0,0,,,WP,,A,,0,,,,,,,,0,0,
200,8902283992,10,0,1,EA,1,1,EA,0,1,1,226.0,226.0,LB,75258.0,IN3,,45563,45563,1,1469.02,,0,6591662129,10,J,1483904023,10,,1WDN3,"Gravity Vent,24 In,Base 28 1/2 In Sq",,,C1,ZS,,10122432503825,004S,,1,10,4,US,CA,,,1,,,,,,,,,,X,X,0,,1,,,,,,4,0,,S_ITCJOBS,45565,0.292094907407407,,1,,431.4,0,1234.36,0,234.66,101.83,234.66,1,,,,2004,,,,,,,PPA,X,,,1WDN3,0,1000,1499363999,0,,CA9566700,1570.85,X,0,0,,0,,T,,,,,US,,,CA,300,10,,,,C,,,0,,,,,101.83,,,,,1570.8500000000001,,0,,,,,,,,,,0,,0,,45565,,,,,,,,T,,,,,,,,,,,0,,,0,,,,,,,,,,0,0,0,,,,,,,,0,0,,0,0,,,,,,,0,,,0,0,0,,,WP,,D,,0,,,,,,,,0,0,
200,8902283993,10,0,1,EA,1,1,EA,0,1,1,910.0,910.0,LB,189440.0,IN3,,45563,45563,1,6720.36,,0,6591664573,10,J,1484279170,10,,16V892,"Electric Air Compressor, 10 hp, 2 Stage",,,G4,ZS,,10230222904973,004S,,1,10,4,US,CA,,,1,,,,,,,,,,X,X,0,,1,,,,,,4,0,,S_ITCJOBS,45565,0.292094907407407,,1,,4025.18,0,6229.99,0,490.37,513.97,490.37,1,,,,2004,,,,,,,PPA,X,,,16V892,0,1000,1499364001,0,,CA9566700,7234.33,X,0,0,,0,,T,,,,,US,,,CA,300,10,,,,C,,,0,,,,,513.97,,,,,7234.33,,0,,,,,,,,,,0,,0,,45565,,,,,,,,T,,,,,,,,,,,0,,,0,,,,,,,,,,0,0,0,,,,,,,,0,0,,0,0,,,,,,,0,,,0,0,0,,,WP,,B,,0,,,,,,,,0,0,
200,8902283994,10,0,1,EA,1,1,EA,0,1,1,369.0,369.0,LB,59660.0,IN3,,45563,45563,1,2058.97,,0,6591666627,10,J,1484284287,10,,16D690,"Storage Cabinet,78""x36""x18"",Gray,4Shlv",,,K1,ZS,,10180210204399,004S,,1,10,4,US,CA,,,1,,,,,,,,,,X,X,0,,1,,,,,,4,0,,S_ITCJOBS,45565,0.292094907407407,,1,,792.36,0,1785.25,0,273.72,147.29,273.72,1,,,,2004,,,,,,,PPA,X,,,16D690,0,1000,1499364002,0,,CA9566700,2206.26,X,0,0,,0,,T,,,,,US,,,CA,300,10,,,,C,,,0,,,,,147.29,,,,,2206.26,,0,,,,,,,,,,0,,0,,45565,,,,,,,,T,,,,,,,,,,,0,,,0,,,,,,,,,,0,0,0,,,,,,,,0,0,,0,0,,,,,,,0,,,0,0,0,,,WP,,B,,0,,,,,,,,0,0,
200,8902283995,10,0,1,EA,1,1,EA,0,1,1,855.0,855.0,LB,218903.685,IN3,,45563,45563,1,6426.92,,0,6592100367,10,J,1485189539,10,,1WD88,"Electric Air Compressor, 10 hp, 2 Stage",,,G4,ZS,,10230222904973,004S,,1,10,4,US,CA,,,1,,,,,,,,,,X,X,0,1.0,1,,,,,,4,0,,S_ITCJOBS,45565,0.292094907407407,,1,,3789.63,0,5956.66,0,470.26,491.43,470.26,1,,,,2004,,,,,,,PPA,X,,,1WD88,0,1000,1499364004,0,,CA9566700,6918.35,X,0,0,,0,,T,,,,,US,,,CA,300,10,,,,C,,,0,,,,,491.43,,,,,6918.35,,0,,,,,,,,,,0,,0,,45565,,,,,,,,T,,,,,,,,,,,0,,,0,,,,,,,,,,0,0,0,,,,,,,,0,0,,0,0,,,,,,,0,,,0,0,0,,,WP,,D,,0,,,,,,,,0,0,
200,8902283998,10,0,1,EA,1,1,EA,0,1,1,688.0,688.0,LB,233860.9,IN3,,45563,45563,1,4694.39,,0,6595444796,10,J,1491639440,10,,14V855,"Jobsite Field Office,83 in,Tan",,,M1,ZS,,10100206412654,004S,,1,10,4,US,CA,,,1,,,,,,,,,,X,X,0,,1,,,,,,4,0,,S_ITCJOBS,45565,0.292222222222222,,1,,2057.92,0,4252.83,0,441.56,221.2,441.56,1,,,,2004,,,,,,,PPA,X,,,14V855,0,1000,1499364007,0,,HI9682600,4915.59,X,0,0,,0,,T,,,,,US,,,HI,300,10,,,,C,,,0,,,,,221.2,,,,,4915.59,,0,,,,,,,,,,0,,0,,45565,,,,,,,,T,,,,,,,,,,,0,,,0,,,,,,,,,,0,0,0,,,,,,,,0,0,,0,0,,,,,,,0,,,0,0,0,,,WP,,B,,0,,,,,,,,0,0,
200,8902284843,10,0,1,EA,1,1,EA,0,1,1,1241.0,1241.0,LB,190624.0,IN3,,45563,45563,1,9033.58,,0,6593367224,10,J,1487871241,10,,16V896,"Electric Air Compressor, 15 hp, 2 Stage",,,G4,ZS,,10230222904973,004S,,1,10,4,US,CA,,,1,,,,,,,,,,X,X,0,,1,,,,,,4,0,,S_ITCJOBS,45565,0.291909722222222,,1,,4887.57,0,8479.99,0,553.59,805.6,553.59,1,,,,2004,,,,,,,PPA,X,,,16V896,0,1000,1499381390,0,,CA9135500,9839.18,X,0,0,,0,,T,,,,,US,,,CA,300,10,,,,C,,,0,,,,,805.6,,,,,9839.18,,0,,,,,,,,,,0,,0,,45565,,,,,,,,T,,,,,,,,,,,0,,,0,,,,,,,,,,0,0,0,,,,,,,,0,0,,0,0,,,,,,,0,,,0,0,0,,,WP,,B,,0,,,,,,,,0,0,
200,8902284844,10,0,1,EA,1,1,EA,0,1,1,595.0,595.0,LB,131560.0,IN3,,45563,45563,1,3777.42,,0,6593921230,10,J,1489340590,10,,1WD82,"Electric Air Compressor, 5 hp, 2 Stage",,,G4,ZS,,10230222904973,004S,,1,10,4,US,CA,,,1,,,,,,,,,,X,X,0,1.0,1,,,,,,4,0,,S_ITCJOBS,45565,0.291909722222222,,1,,2150.4,0,3418.58,0,358.84,324.76,358.84,1,,,,2004,,,,,,,PPA,X,,,1WD82,0,1000,1499381392,0,,CA9135500,4102.18,X,0,0,,0,,T,,,,,US,,,CA,300,10,,,,C,,,0,,,,,324.76,,,,,4102.18,,0,,,,,,,,,,0,,0,,45565,,,,,,,,T,,,,,,,,,,,0,,,0,,,,,,,,,,0,0,0,,,,,,,,0,0,,0,0,,,,,,,0,,,0,0,0,,,WP,,D,,0,,,,,,,,0,0,
200,8902284845,10,0,1,EA,1,1,EA,0,1,1,1270.0,1270.0,LB,74618.775,IN3,,45563,45563,1,4418.04,,0,6594841329,10,J,1490555612,10,,13W877,"Sheet Metal Brake,Box and Pan,51"" Bend L",,,N2,ZS,,10240214131922,004S,,1,10,4,US,CA,,,1,,,,,,,,,,X,X,0,,1,,,,,,4,0,,S_ITCJOBS,45565,0.291909722222222,,1,,2131.55,0,3864.45,0,553.59,367.13,553.59,1,,,,2004,,,,,,,PPA,X,,,13W877,0,1000,1499381393,0,,CA9135500,4785.17,X,0,0,,0,,T,,,,,US,,,CA,300,10,,,,C,,,0,,,,,367.13,,,,,4785.17,,0,,,,,,,,,,0,,0,,45565,,,,,,,,T,,,,,,,,,,,0,,,0,,,,,,,,,,0,0,0,,,,,,,,0,0,,0,0,,,,,,,0,,,0,0,0,,,WP,,B,,0,,,,,,,,0,0,
200,8902284855,10,0,1,EA,1,1,EA,0,1,1,413.0,413.0,LB,84146.022,IN3,,45563,45563,1,5977.02,,0,6594268012,10,J,1489834921,10,,15A518,"Commercial Gas Water Heater,100 gal",,,E1,ZS,,10221736104825,004S,,1,10,4,US,CA,,,1,,,,,,,,,,X,X,0,,1,,,,,,4,0,,S_ITCJOBS,45565,0.292118055555556,,1,,2093.27,0,5666.79,0,310.23,495.84,310.23,1,,,,2004,,,,,,,PPA,X,,,15A518,0,1000,1499381406,0,,CA9240400,6472.86,X,0,0,,0,,T,,,,,US,,,CA,300,10,,,,C,,,0,,,,,495.84,,,,,6472.860000000001,,0,,,,,,,,,,0,,0,,45565,,,,,,,,T,,,,,,,,,,,0,,,0,,,,,,,,,,0,0,0,,,,,,,,0,0,,0,0,,,,,,,0,,,0,0,0,,,WP,,B,,0,,,,,,,,0,0,
200,8902284856,10,0,1,EA,1,1,EA,0,1,1,910.0,910.0,LB,189440.0,IN3,,45563,45563,1,6729.66,,0,6594285431,10,J,1489824731,10,,16V892,"Electric Air Compressor, 10 hp, 2 Stage",,,G4,ZS,,10230222904973,004S,,1,10,4,US,CA,,,1,,,,,,,,,,X,X,0,,1,,,,,,4,0,,S_ITCJOBS,45565,0.292141203703704,,1,,4025.18,0,6229.99,0,499.67,482.82,499.67,1,,,,2004,,,,,,,PPA,X,,,16V892,0,1000,1499381408,0,,CA9255300,7212.48,X,0,0,,0,,T,,,,,US,,,CA,300,10,,,,C,,,0,,,,,482.82,,,,,7212.4800000000005,,0,,,,,,,,,,0,,0,,45565,,,,,,,,T,,,,,,,,,,,0,,,0,,,,,,,,,,0,0,0,,,,,,,,0,0,,0,0,,,,,,,0,,,0,0,0,,,WP,,B,,0,,,,,,,,0,0,
200,8902284857,10,0,1,EA,1,1,EA,0,1,1,1241.0,1241.0,LB,190624.0,IN3,,45563,45563,1,9033.58,,0,6593216025,10,J,1487576907,10,,16V896,"Electric Air Compressor, 15 hp, 2 Stage",,,G4,ZS,,10230222904973,004S,,1,10,4,US,CA,,,1,,,,,,,,,,X,X,0,,1,,,,,,4,0,,S_ITCJOBS,45565,0.292152777777778,,1,,4887.57,0,8479.99,0,553.59,699.6,553.59,1,,,,2004,,,,,,,PPA,X,,,16V896,0,1000,1499381410,0,,CA9205700,9733.18,X,0,0,,0,,T,,,,,US,,,CA,300,10,,,,C,,,0,,,,,699.6,,,,,9733.18,,0,,,,,,,,,,0,,0,,45565,,,,,,,,T,,,,,,,,,,,0,,,0,,,,,,,,,,0,0,0,,,,,,,,0,0,,0,0,,,,,,,0,,,0,0,0,,,WP,,B,,0,,,,,,,,0,0,
200,8902284858,10,0,1,EA,1,1,EA,0,1,1,227.0,227.0,LB,94790.5,IN3,,45563,45563,1,2874.94,,0,6595192398,10,J,1491131722,10,,13R514,"Jobsite Cabinet,51 in,Tan",,,M1,ZS,,10100206412654,004S,,1,10,4,US,CA,,,1,,,,,,,,,,X,X,0,,1,,,,,,4,0,,S_ITCJOBS,45565,0.292164351851852,,1,,1257.04,0,2630.98,0,243.96,203.9,243.96,1,,,,2004,,,,,,,PPA,X,,,13R514,0,1000,1499381412,0,,CA9206900,3078.84,X,0,0,,0,,T,,,,,US,,,CA,300,10,,,,C,,,0,,,,,203.9,,,,,3078.84,,0,,,,,,,,,,0,,0,,45565,,,,,,,,T,,,,,,,,,,,0,,,0,,,,,,,,,,0,0,0,,,,,,,,0,0,,0,0,,,,,,,0,,,0,0,0,,,WP,,B,,0,,,,,,,,0,0,
200,8902284859,10,0,1,EA,1,1,EA,0,1,1,595.0,595.0,LB,132127.5,IN3,,45563,45563,1,4268.83,,0,6591677156,10,J,1483835047,10,,16V890,"Electric Air Compressor, 7.5 hp, 2 Stage",,,G4,ZS,,10230222904973,004S,,1,10,4,US,CA,,,1,,,,,,,,,,X,X,0,,1,,,,,,4,0,,S_ITCJOBS,45565,0.292175925925926,,1,,2692.42,0,3919.99,0,348.84,362.6,348.84,1,,,,2004,,,,,,,PPA,X,,,16V890,0,1000,1499381414,0,,CA9226400,4631.43,X,0,0,,0,,T,,,,,US,,,CA,300,10,,,,C,,,0,,,,,362.6,,,,,4631.43,,0,,,,,,,,,,0,,0,,45565,,,,,,,,T,,,,,,,,,,,0,,,0,,,,,,,,,,0,0,0,,,,,,,,0,0,,0,0,,,,,,,0,,,0,0,0,,,WP,,B,,0,,,,,,,,0,0,
200,8902284860,10,0,1,EA,1,1,EA,0,1,1,1270.0,1270.0,LB,74618.775,IN3,,45563,45563,1,4418.04,,0,6593220208,10,J,1487506563,10,,13W877,"Sheet Metal Brake,Box and Pan,51"" Bend L",,,N2,ZS,,10240214131922,004S,,1,10,4,US,CA,,,1,,,,,,,,,,X,X,0,,1,,,,,,4,0,,S_ITCJOBS,45565,0.292175925925926,,1,,2131.55,0,3864.45,0,553.59,338.14,553.59,1,,,,2004,,,,,,,PPA,X,,,13W877,0,1000,1499381416,0,,CA9176200,4756.18,X,0,0,,0,,T,,,,,US,,,CA,300,10,,,,C,,,0,,,,,338.14,,,,,4756.18,,0,,,,,,,,,,0,,0,,45565,,,,,,,,T,,,,,,,,,,,0,,,0,,,,,,,,,,0,0,0,,,,,,,,0,0,,0,0,,,,,,,0,,,0,0,0,,,WP,,B,,0,,,,,,,,0,0,
200,8902284861,10,0,1,EA,1,1,EA,0,1,1,509.0,509.0,LB,122239.638,IN3,,45563,45563,1,3619.92,,0,6593771680,10,J,1489123014,10,,13R509,"Jobsite Cabinet,54 1/2 in,Tan",,,M1,ZS,,10100206412654,004S,,1,10,4,US,CA,,,1,,,,,,,,,,X,X,0,,1,,,,,,4,0,,S_ITCJOBS,45565,0.2921875,,1,,1724.61,0,3281.18,0,338.74,311.71,338.74,1,,,,2004,,,,,,,PPA,X,,,13R509,0,1000,1499381418,0,,CA9132100,3931.63,X,0,0,,0,,T,,,,,US,,,CA,300,10,,,,C,,,0,,,,,311.71,,,,,3931.63,,0,,,,,,,,,,0,,0,,45565,,,,,,,,T,,,,,,,,,,,0,,,0,,,,,,,,,,0,0,0,,,,,,,,0,0,,0,0,,,,,,,0,,,0,0,0,,,WP,,B,,0,,,,,,,,0,0,
200,8902284862,10,0,1,EA,1,1,EA,0,1,1,1219.0,1219.0,LB,88977.9,IN3,,45563,45563,1,4567.85,,0,6594685050,10,J,1490393197,10,,13W878,"Machining Shear,0.059"" Cap. Mild Steel",,,N2,ZS,,10240214108716,004S,,1,10,4,US,CA,,,1,,,,,,,,,,X,X,0,,1,,,,,,4,0,,S_ITCJOBS,45565,0.292222222222222,,1,,1776.3,0,4014.26,0,553.59,351.25,553.59,1,,,,2004,,,,,,,PPA,X,,,13W878,0,1000,1499381420,0,,CA9256300,4919.1,X,0,0,,0,,T,,,,,US,,,CA,300,10,,,,C,,,0,,,,,351.25,,,,,4919.1,,0,,,,,,,,,,0,,0,,45565,,,,,,,,T,,,,,,,,,,,0,,,0,,,,,,,,,,0,0,0,,,,,,,,0,0,,0,0,,,,,,,0,,,0,0,0,,,WP,,B,,0,,,,,,,,0,0,
200,8902284863,10,0,1,EA,1,1,EA,0,1,1,460.0,460.0,LB,124734.93,IN3,,45563,45563,1,2305.32,,0,6592703204,10,J,1486512249,10,,16V888,"Electric Air Compressor, 5 hp, 2 Stage",,,G4,ZS,,10230222904973,004S,,1,10,4,US,CA,,,1,,,,,,,,,,X,X,0,,1,,,,,,4,0,,S_ITCJOBS,45565,0.292233796296296,,1,,1382.92,0,1979.99,0,325.33,163.65,325.33,1,,,,2004,,,,,,,PPA,X,,,16V888,0,1000,1499381422,0,,NV8950100,2468.97,X,0,0,,0,,T,,,,,US,,,NV,300,10,,,,C,,,0,,,,,163.65,,,,,2468.9700000000003,,0,,,,,,,,,,0,,0,,45565,,,,,,,,T,,,,,,,,,,,0,,,0,,,,,,,,,,0,0,0,,,,,,,,0,0,,0,0,,,,,,,0,,,0,0,0,,,WP,,B,,0,,,,,,,,0,0,
200,8902284864,10,0,1,EA,1,1,EA,0,1,1,417.0,417.0,LB,123125.76,IN3,,45563,45563,1,3113.14,,0,6593228371,10,J,1487571738,10,,13R512,"Piano-Style Jobsite Box,54 1/2 in,Tan",,,M1,ZS,,10100206412654,004S,,1,10,4,US,CA,,,1,,,,,,,,,,X,X,0,,1,,,,,,4,0,,S_ITCJOBS,45565,0.29224537037037,,1,,1450.3,0,2802.91,0,310.23,266.28,310.23,1,,,,2004,,,,,,,PPA,X,,,13R512,0,1000,1499381424,0,,CA9176501,3379.42,X,0,0,,0,,T,,,,,US,,,CA,300,10,,,,C,,,0,,,,,266.28,,,,,3379.42,,0,,,,,,,,,,0,,0,,45565,,,,,,,,T,,,,,,,,,,,0,,,0,,,,,,,,,,0,0,0,,,,,,,,0,0,,0,0,,,,,,,0,,,0,0,0,,,WP,,B,,0,,,,,,,,0,0,
200,8902284865,10,0,1,EA,1,1,EA,0,1,1,532.0,532.0,LB,117925.0,IN3,,45563,45563,1,2886.54,,0,6592802246,10,J,1486807236,10,,1UBJ4,"Bin Cabinet,84""x48""x24"",Gray,0Bns",,,K1,ZS,,10180210226644,004S,,1,10,4,US,CA,,,1,,,,,,,,,,X,X,0,,1,,,,,,4,0,,S_ITCJOBS,45565,0.292256944444444,,1,,1001.37,0,2547.8,0,338.74,213.38,338.74,1,,,,2004,,,,,,,PPA,X,,,1UBJ4,0,1000,1499381426,0,,NV8910400,3099.92,X,0,0,,0,,T,,,,,US,,,NV,300,10,,,,C,,,0,,,,,213.38,,,,,3099.92,,0,,,,,,,,,,0,,0,,45565,,,,,,,,T,,,,,,,,,,,0,,,0,,,,,,,,,,0,0,0,,,,,,,,0,0,,0,0,,,,,,,0,,,0,0,0,,,WP,,B,,0,,,,,,,,0,0,
200,8902284866,10,0,1,EA,1,1,EA,0,1,1,404.0,404.0,LB,78559.25,IN3,,45563,45563,1,2091.37,,0,6594167873,10,J,1489660952,10,,1UBK5,"Bin Cabinet,72""x36""x24"",Gray,96YlwBns",,,K1,ZS,,10180210226644,004S,,1,10,4,US,CA,,,1,,,,,,,,,,X,X,0,,1,,,,,,4,0,,S_ITCJOBS,45565,0.292256944444444,,1,,738.19,0,1781.14,0,310.23,138.04,310.23,1,,,,2004,,,,,,,PPA,X,,,1UBK5,0,1000,1499381428,0,,CA9211700,2229.41,X,0,0,,0,,T,,,,,US,,,CA,300,10,,,,C,,,0,,,,,138.04,,,,,2229.41,,0,,,,,,,,,,0,,0,,45565,,,,,,,,T,,,,,,,,,,,0,,,0,,,,,,,,,,0,0,0,,,,,,,,0,0,,0,0,,,,,,,0,,,0,0,0,,,WP,,C,,0,,,,,,,,0,0,
200,8902284867,10,0,1,EA,1,1,EA,0,1,1,257.0,257.0,LB,116296.5,IN3,,45563,45563,1,3402.43,,0,6594281060,10,J,1489873140,10,,13R510,"Jobsite Cabinet,60 in,Tan",,,M1,ZS,,10100206412654,004S,,1,10,4,US,CA,,,1,,,,,,,,,,X,X,0,,1,,,,,,4,0,,S_ITCJOBS,45565,0.292268518518519,,1,,1527.93,0,3151.96,0,250.47,228.52,250.47,1,,,,2004,,,,,,,PPA,X,,,13R510,0,1000,1499381430,0,,CA9301000,3630.95,X,0,0,,0,,T,,,,,US,,,CA,300,10,,,,C,,,0,,,,,228.52,,,,,3630.9500000000003,,0,,,,,,,,,,0,,0,,45565,,,,,,,,T,,,,,,,,,,,0,,,0,,,,,,,,,,0,0,0,,,,,,,,0,0,,0,0,,,,,,,0,,,0,0,0,,,WP,,B,,0,,,,,,,,0,0,
200,8902284868,10,0,1,EA,1,1,EA,0,1,1,387.0,387.0,LB,117551.88,IN3,,45563,45563,1,2252.3,,0,6593351692,10,J,1487919281,10,,13R520,"Piano-Style Jobsite Box,49 in,Tan",,,M1,ZS,,10100206412654,004S,,1,10,4,US,CA,,,1,,,,,,,,,,X,X,0,,1,,,,,,4,0,,S_ITCJOBS,45565,0.292280092592593,,1,,925.83,0,1969.28,0,283.02,152.63,283.02,1,,,,2004,,,,,,,PPA,X,,,13R520,0,1000,1499381432,0,,CA9234500,2404.93,X,0,0,,0,,T,,,,,US,,,CA,300,10,,,,C,,,0,,,,,152.63,,,,,2404.93,,0,,,,,,,,,,0,,0,,45565,,,,,,,,T,,,,,,,,,,,0,,,0,,,,,,,,,,0,0,0,,,,,,,,0,0,,0,0,,,,,,,0,,,0,0,0,,,WP,,B,,0,,,,,,,,0,0,
200,8902284869,10,0,1,EA,1,1,EA,0,1,1,1270.0,1270.0,LB,74618.775,IN3,,45563,45563,1,4418.04,,0,6593613316,10,J,1488714304,10,,13W877,"Sheet Metal Brake,Box and Pan,51"" Bend L",,,N2,ZS,,10240214131922,004S,,1,10,4,US,CA,,,1,,,,,,,,,,X,X,0,,1,,,,,,4,0,,S_ITCJOBS,45565,0.292280092592593,,1,,2131.55,0,3864.45,0,553.59,299.5,553.59,1,,,,2004,,,,,,,PPA,X,,,13W877,0,1000,1499381434,0,,CA9234500,4717.54,X,0,0,,0,,T,,,,,US,,,CA,300,10,,,,C,,,0,,,,,299.5,,,,,4717.54,,0,,,,,,,,,,0,,0,,45565,,,,,,,,T,,,,,,,,,,,0,,,0,,,,,,,,,,0,0,0,,,,,,,,0,0,,0,0,,,,,,,0,,,0,0,0,,,WP,,B,,0,,,,,,,,0,0,
200,8902284870,10,0,1,EA,1,1,EA,0,1,1,413.0,413.0,LB,84146.022,IN3,,45563,45563,1,5977.02,,0,6593512125,10,J,1488388903,10,,15A518,"Commercial Gas Water Heater,100 gal",,,E1,ZS,,10221736104825,004S,,1,10,4,US,CA,,,1,,,,,,,,,,X,X,0,,1,,,,,,4,0,,S_ITCJOBS,45565,0.292291666666667,,1,,2093.27,0,5666.79,0,310.23,439.17,310.23,1,,,,2004,,,,,,,PPA,X,,,15A518,0,1000,1499381436,0,,CA9267300,6416.19,X,0,0,,0,,T,,,,,US,,,CA,300,10,,,,C,,,0,,,,,439.17,,,,,6416.1900000000005,,0,,,,,,,,,,0,,0,,45565,,,,,,,,T,,,,,,,,,,,0,,,0,,,,,,,,,,0,0,0,,,,,,,,0,0,,0,0,,,,,,,0,,,0,0,0,,,WP,,B,,0,,,,,,,,0,0,
200,8902284874,10,0,1,EA,1,1,EA,0,1,1,595.0,595.0,LB,131560.0,IN3,,45563,45563,1,3812.33,,0,6591711494,10,J,1484348379,10,,1WD82,"Electric Air Compressor, 5 hp, 2 Stage",,,G4,ZS,,10230222904973,004S,,1,10,4,US,CA,,,1,,,,,,,,,,X,X,0,1.0,1,,,,,,4,0,,S_ITCJOBS,45565,0.292488425925926,,1,,2150.4,0,3418.58,0,393.75,0.0,393.75,1,,,,2004,,,,,,,PPA,X,,,1WD82,0,1000,1499381441,0,,AK9967600,3812.33,X,0,0,,0,,T,,,,,US,,,AK,300,10,,,,C,,,0,,,,,0.0,,,,,3812.33,,0,,,,,,,,,,0,,0,,45565,,,,,,,,T,,,,,,,,,,,0,,,0,,,,,,,,,,0,0,0,,,,,,,,0,0,,0,0,,,,,,,0,,,0,0,0,,,WP,,D,,0,,,,,,,,0,0,
200,8902285923,10,0,1,EA,1,1,EA,0,1,1,261.0,261.0,LB,52141.69,IN3,,45563,45563,1,1614.94,,0,6590682347,10,J,1481834302,10,,1WBW6,"Weatherhood,60In Bl,Galv Steel,66 1/4In",,,C1,ZS,,10120207603806,004S,,1,10,4,US,CA,,,1,,,,,,,,,,X,X,0,,1,,,,,,4,0,,S_ITCJOBS,45565,0.292175925925926,,1,,534.25,0,1374.47,0,240.47,113.6,240.47,1,,,,2004,,,,,,,PPA,X,,,1WBW6,0,1000,1499363235,0,,NV8950200,1728.54,X,0,0,,0,,T,,,,,US,,,NV,300,10,,,,C,,,0,,,,,113.6,,,,,1728.54,,0,,,,,,,,,,0,,0,,45565,,,,,,,,T,,,,,,,,,,,0,,,0,,,,,,,,,,0,0,0,,,,,,,,0,0,,0,0,,,,,,,0,,,0,0,0,,,WP,,D,,0,,,,,,,,0,0,
200,8902285924,10,0,1,EA,1,1,EA,0,1,1,595.0,595.0,LB,131560.0,IN3,,45563,45563,1,3767.42,,0,6590927102,10,J,1482386224,10,,1WD82,"Electric Air Compressor, 5 hp, 2 Stage",,,G4,ZS,,10230222904973,004S,,1,10,4,US,CA,,,1,,,,,,,,,,X,X,0,1.0,1,,,,,,4,0,,S_ITCJOBS,45565,0.292175925925926,,1,,2150.4,0,3418.58,0,348.84,282.54,348.84,1,,,,2004,,,,,,,PPA,X,,,1WD82,0,1000,1499363237,0,,NV8950200,4049.96,X,0,0,,0,,T,,,,,US,,,NV,300,10,,,,C,,,0,,,,,282.54,,,,,4049.96,,0,,,,,,,,,,0,,0,,45565,,,,,,,,T,,,,,,,,,,,0,,,0,,,,,,,,,,0,0,0,,,,,,,,0,0,,0,0,,,,,,,0,,,0,0,0,,,WP,,D,,0,,,,,,,,0,0,
200,8902285925,10,0,1,EA,1,1,EA,0,1,1,532.0,532.0,LB,117925.0,IN3,,45563,45563,1,2886.54,,0,6593701926,10,J,1489013639,10,,1UBJ4,"Bin Cabinet,84""x48""x24"",Gray,0Bns",,,K1,ZS,,10180210226644,004S,,1,10,4,US,CA,,,1,,,,,,,,,,X,X,0,,1,,,,,,4,0,,S_ITCJOBS,45565,0.2921875,,1,,1001.37,0,2547.8,0,338.74,242.05,338.74,1,,,,2004,,,,,,,PPA,X,,,1UBJ4,0,1000,1499363238,0,,CA9021200,3128.59,X,0,0,,0,,T,,,,,US,,,CA,300,10,,,,C,,,0,,,,,242.05,,,,,3128.59,,0,,,,,,,,,,0,,0,,45565,,,,,,,,T,,,,,,,,,,,0,,,0,,,,,,,,,,0,0,0,,,,,,,,0,0,,0,0,,,,,,,0,,,0,0,0,,,WP,,B,,0,,,,,,,,0,0,
200,8902285926,10,0,1,EA,1,1,EA,0,1,1,408.0,408.0,LB,77539.0,IN3,,45563,45563,1,2029.53,,0,6593237907,10,J,1487609167,10,,1UBK4,"Bin Cabinet,72""x36""x24"",Gray,0Bns",,,K1,ZS,,10180210226644,004S,,1,10,4,US,CA,,,1,,,,,,,,,,X,X,0,,1,,,,,,4,0,,S_ITCJOBS,45565,0.292222222222222,,1,,641.83,0,1719.3,0,310.23,133.25,310.23,1,,,,2004,,,,,,,PPA,X,,,1UBK4,0,1000,1499363240,0,,CA9178600,2162.78,X,0,0,,0,,T,,,,,US,,,CA,300,10,,,,C,,,0,,,,,133.25,,,,,2162.78,,0,,,,,,,,,,0,,0,,45565,,,,,,,,T,,,,,,,,,,,0,,,0,,,,,,,,,,0,0,0,,,,,,,,0,0,,0,0,,,,,,,0,,,0,0,0,,,WP,,B,,0,,,,,,,,0,0,
200,8902285927,10,0,1,EA,1,1,EA,0,1,1,413.0,413.0,LB,84146.022,IN3,,45563,45563,1,5977.02,,0,6593594957,10,J,1488746191,10,,15A518,"Commercial Gas Water Heater,100 gal",,,E1,ZS,,10221736104825,004S,,1,10,4,US,CA,,,1,,,,,,,,,,X,X,0,,1,,,,,,4,0,,S_ITCJOBS,45565,0.292233796296296,,1,,2093.27,0,5666.79,0,310.23,538.34,310.23,1,,,,2004,,,,,,,PPA,X,,,15A518,0,1000,1499363242,0,,CA9171100,6515.36,X,0,0,,0,,T,,,,,US,,,CA,300,10,,,,C,,,0,,,,,538.34,,,,,6515.360000000001,,0,,,,,,,,,,0,,0,,45565,,,,,,,,T,,,,,,,,,,,0,,,0,,,,,,,,,,0,0,0,,,,,,,,0,0,,0,0,,,,,,,0,,,0,0,0,,,WP,,B,,0,,,,,,,,0,0,
200,8902285928,10,0,1,EA,1,1,EA,0,1,1,2504.0,2504.0,LB,85272.544,IN3,,45563,45563,1,3931.74,,0,6595154783,10,J,1491096456,10,,14G862,"Cleaner/Degreaser,Mild Lemon,275 gal",,,L8,ZS,,10030200703041,004S,,1,10,4,US,CA,,,1,,,,,,,,,,X,X,0,,1,,,,,,4,0,,S_ITCJOBS,45565,0.292233796296296,,1,,1195.8,0,3378.15,0,553.59,261.81,553.59,1,,,,2004,,,,,,,PPP,X,,,14G862,0,1000,1499363243,0,,CA9257100,4193.55,X,0,0,,0,,T,,,,,US,,,CA,300,10,,,,C,,,0,,,,,261.81,,,,,4193.55,,0,,,,,,,,,,0,,0,,45565,,,,,,,,T,,,,,,,,,,,0,,,0,,,,,,,,,,0,0,0,,,,,,,,0,0,,0,0,,,,,,,0,,,0,0,0,,,WP,,B,,0,,,,,,,,0,0,
200,8902285929,10,0,1,EA,1,1,EA,0,1,1,545.0,545.0,LB,55166.88,IN3,,45563,45563,1,3699.82,,0,6593704103,10,J,1489027936,10,,13R504,"Mobile Cabinet Bench,Steel,54-1/4""W,26""D",,,M1,ZS,,10182784004397,004S,,1,10,4,US,CA,,,1,,,,,,,,,,X,X,0,1.0,1,,,,,,4,0,,S_ITCJOBS,45565,0.292233796296296,,1,,2057.24,0,3361.08,0,338.74,319.29,338.74,1,,,,2004,,,,,,,PPA,X,,,13R504,0,1000,1499384445,0,,CA9171100,4019.11,X,0,0,,0,,T,,,,,US,,,CA,300,10,,,,C,,,0,,,,,319.29,,,,,4019.11,,0,,,,,,,,,,0,,0,,45565,,,,,,,,T,,,,,,,,,,,0,,,0,,,,,,,,,,0,0,0,,,,,,,,0,0,,0,0,,,,,,,0,,,0,0,0,,,WP,,B,,0,,,,,,,,0,0,
200,8902285930,10,0,1,EA,1,1,EA,0,1,1,545.0,545.0,LB,55166.88,IN3,,45563,45563,1,3699.82,,0,6594800587,10,J,1490490935,10,,13R504,"Mobile Cabinet Bench,Steel,54-1/4""W,26""D",,,M1,ZS,,10182784004397,004S,,1,10,4,US,CA,,,1,,,,,,,,,,X,X,0,1.0,1,,,,,,4,0,,S_ITCJOBS,45565,0.292268518518519,,1,,2057.24,0,3361.08,0,338.74,243.67,338.74,1,,,,2004,,,,,,,PPA,X,,,13R504,0,1000,1499384447,0,,CA9306500,3943.49,X,0,0,,0,,T,,,,,US,,,CA,300,10,,,,C,,,0,,,,,243.67,,,,,3943.4900000000002,,0,,,,,,,,,,0,,0,,45565,,,,,,,,T,,,,,,,,,,,0,,,0,,,,,,,,,,0,0,0,,,,,,,,0,0,,0,0,,,,,,,0,,,0,0,0,,,WP,,B,,0,,,,,,,,0,0,
200,8902285931,10,0,1,EA,1,1,EA,0,1,1,688.0,688.0,LB,233860.9,IN3,,45563,45563,1,4650.24,,0,6593286236,10,J,1487752220,10,,14V855,"Jobsite Field Office,83 in,Tan",,,M1,ZS,,10100206412654,004S,,1,10,4,US,CA,,,1,,,,,,,,,,X,X,0,,1,,,,,,4,0,,S_ITCJOBS,45565,0.292268518518519,,1,,2057.92,0,4252.83,0,397.41,329.59,397.41,1,,,,2004,,,,,,,PPA,X,,,14V855,0,1000,1499384449,0,,CA9265600,4979.83,X,0,0,,0,,T,,,,,US,,,CA,300,10,,,,C,,,0,,,,,329.59,,,,,4979.83,,0,,,,,,,,,,0,,0,,45565,,,,,,,,T,,,,,,,,,,,0,,,0,,,,,,,,,,0,0,0,,,,,,,,0,0,,0,0,,,,,,,0,,,0,0,0,,,WP,,B,,0,,,,,,,,0,0,
200,8902285932,10,0,1,EA,1,1,EA,0,1,1,413.0,413.0,LB,84146.022,IN3,,45563,45563,1,5977.02,,0,6595132094,10,J,1491095896,10,,15A518,"Commercial Gas Water Heater,100 gal",,,E1,ZS,,10221736104825,004S,,1,10,4,US,CA,,,1,,,,,,,,,,X,X,0,,1,,,,,,4,0,,S_ITCJOBS,45565,0.292280092592593,,1,,2093.27,0,5666.79,0,310.23,410.84,310.23,1,,,,2004,,,,,,,PPA,X,,,15A518,0,1000,1499384451,0,,CA9136101,6387.86,X,0,0,,0,,T,,,,,US,,,CA,300,10,,,,C,,,0,,,,,410.84,,,,,6387.860000000001,,0,,,,,,,,,,0,,0,,45565,,,,,,,,T,,,,,,,,,,,0,,,0,,,,,,,,,,0,0,0,,,,,,,,0,0,,0,0,,,,,,,0,,,0,0,0,,,WP,,B,,0,,,,,,,,0,0,
200,8902285933,10,0,1,EA,1,1,EA,0,1,1,586.0,586.0,LB,102828.0,IN3,,45563,45563,1,3636.84,,0,6594189140,10,J,1489704295,10,,13R507,"Mobile Cabinet Bench,Steel,62"" W,32"" D",,,M1,ZS,,10182784004397,004S,,1,10,4,US,CA,,,1,,,,,,,,,,X,X,0,1.0,1,,,,,,4,0,,S_ITCJOBS,45565,0.292280092592593,,1,,1900.91,0,3278.0,0,358.84,286.83,358.84,1,,,,2004,,,,,,,PPA,X,,,13R507,0,1000,1499384452,0,,CA9240400,3923.67,X,0,0,,0,,T,,,,,US,,,CA,300,10,,,,C,,,0,,,,,286.83,,,,,3923.67,,0,,,,,,,,,,0,,0,,45565,,,,,,,,T,,,,,,,,,,,0,,,0,,,,,,,,,,0,0,0,,,,,,,,0,0,,0,0,,,,,,,0,,,0,0,0,,,WP,,B,,0,,,,,,,,0,0,
200,8902285934,10,0,1,EA,1,1,EA,0,1,1,600.0,600.0,LB,55687.5,IN3,,45563,45563,1,4459.29,,0,6594436268,10,J,1490070101,10,,14V882,"Mobile Cabinet Bench,Steel,54-1/4""W,26""D",,,M1,ZS,,10182784004397,004S,,1,10,4,US,CA,,,1,,,,,,,,,,X,X,0,1.0,1,,,,,,4,0,,S_ITCJOBS,45565,0.292291666666667,,1,,2578.63,0,4082.0,0,377.29,387.8,377.29,1,,,,2004,,,,,,,PPA,X,,,14V882,0,1000,1499384454,0,,CA9004400,4847.09,X,0,0,,0,,T,,,,,US,,,CA,300,10,,,,C,,,0,,,,,387.8,,,,,4847.09,,0,,,,,,,,,,0,,0,,45565,,,,,,,,T,,,,,,,,,,,0,,,0,,,,,,,,,,0,0,0,,,,,,,,0,0,,0,0,,,,,,,0,,,0,0,0,,,WP,,B,,0,,,,,,,,0,0,
200,8902285935,10,0,1,EA,1,1,EA,0,1,1,1219.0,1219.0,LB,88977.9,IN3,,45563,45563,1,4567.85,,0,6594703959,10,J,1490400405,10,,13W878,"Machining Shear,0.059"" Cap. Mild Steel",,,N2,ZS,,10240214108716,004S,,1,10,4,US,CA,,,1,,,,,,,,,,X,X,0,,1,,,,,,4,0,,S_ITCJOBS,45565,0.292291666666667,,1,,1776.3,0,4014.26,0,553.59,381.36,553.59,1,,,,2004,,,,,,,PPA,X,,,13W878,0,1000,1499384455,0,,CA9004400,4949.21,X,0,0,,0,,T,,,,,US,,,CA,300,10,,,,C,,,0,,,,,381.36,,,,,4949.21,,0,,,,,,,,,,0,,0,,45565,,,,,,,,T,,,,,,,,,,,0,,,0,,,,,,,,,,0,0,0,,,,,,,,0,0,,0,0,,,,,,,0,,,0,0,0,,,WP,,B,,0,,,,,,,,0,0,
200,8902285936,10,0,1,EA,1,1,EA,0,1,1,336.0,336.0,LB,82800.0,IN3,,45563,45563,1,1904.27,,0,6593283586,10,J,1487782088,10,,13R522,"Piano-Style Jobsite Box,49 in,Tan",,,M1,ZS,,10100206412654,004S,,1,10,4,US,CA,,,1,,,,,,,,,,X,X,0,,1,,,,,,4,0,,S_ITCJOBS,45565,0.292314814814815,,1,,769.54,0,1644.03,0,260.24,127.41,260.24,1,,,,2004,,,,,,,PPA,X,,,13R522,0,1000,1499384457,0,,CA9269101,2031.68,X,0,0,,0,,T,,,,,US,,,CA,300,10,,,,C,,,0,,,,,127.41,,,,,2031.68,,0,,,,,,,,,,0,,0,,45565,,,,,,,,T,,,,,,,,,,,0,,,0,,,,,,,,,,0,0,0,,,,,,,,0,0,,0,0,,,,,,,0,,,0,0,0,,,WP,,B,,0,,,,,,,,0,0,
200,8902285937,10,0,1,EA,1,1,EA,0,1,1,545.0,545.0,LB,55166.88,IN3,,45563,45563,1,3699.82,,0,6595006352,10,J,1490870176,10,,13R504,"Mobile Cabinet Bench,Steel,54-1/4""W,26""D",,,M1,ZS,,10182784004397,004S,,1,10,4,US,CA,,,1,,,,,,,,,,X,X,0,1.0,1,,,,,,4,0,,S_ITCJOBS,45565,0.292337962962963,,1,,2057.24,0,3361.08,0,338.74,319.29,338.74,1,,,,2004,,,,,,,PPA,X,,,13R504,0,1000,1499384459,0,,CA9135200,4019.11,X,0,0,,0,,T,,,,,US,,,CA,300,10,,,,C,,,0,,,,,319.29,,,,,4019.11,,0,,,,,,,,,,0,,0,,45565,,,,,,,,T,,,,,,,,,,,0,,,0,,,,,,,,,,0,0,0,,,,,,,,0,0,,0,0,,,,,,,0,,,0,0,0,,,WP,,B,,0,,,,,,,,0,0,
200,8902285939,10,0,1,EA,1,1,EA,0,1,1,285.0,285.0,LB,79968.0,IN3,,45563,45563,1,1877.85,,0,6593812346,10,J,1489166539,10,,13R523,"Piano-Style Jobsite Box,49 in,Tan",,,M1,ZS,,10100206412654,004S,,1,10,4,US,CA,,,1,,,,,,,,,,X,X,0,,1,,,,,,4,0,,S_ITCJOBS,45565,0.292361111111111,,1,,758.0,0,1627.38,0,250.47,154.6,250.47,1,,,,2004,,,,,,,PPA,X,,,13R523,0,1000,1499384463,0,,CA9027700,2032.45,X,0,0,,0,,T,,,,,US,,,CA,300,10,,,,C,,,0,,,,,154.6,,,,,2032.45,,0,,,,,,,,,,0,,0,,45565,,,,,,,,T,,,,,,,,,,,0,,,0,,,,,,,,,,0,0,0,,,,,,,,0,0,,0,0,,,,,,,0,,,0,0,0,,,WP,,B,,0,,,,,,,,0,0,
200,8902285940,10,0,1,EA,1,1,EA,0,1,1,1219.0,1219.0,LB,88977.9,IN3,,45563,45563,1,4567.85,,0,6594700814,10,J,1490379963,10,,13W878,"Machining Shear,0.059"" Cap. Mild Steel",,,N2,ZS,,10240214108716,004S,,1,10,4,US,CA,,,1,,,,,,,,,,X,X,0,,1,,,,,,4,0,,S_ITCJOBS,45565,0.292372685185185,,1,,1776.3,0,4014.26,0,553.59,311.11,553.59,1,,,,2004,,,,,,,PPA,X,,,13W878,0,1000,1499384465,0,,CA9261800,4878.96,X,0,0,,0,,T,,,,,US,,,CA,300,10,,,,C,,,0,,,,,311.11,,,,,4878.96,,0,,,,,,,,,,0,,0,,45565,,,,,,,,T,,,,,,,,,,,0,,,0,,,,,,,,,,0,0,0,,,,,,,,0,0,,0,0,,,,,,,0,,,0,0,0,,,WP,,B,,0,,,,,,,,0,0,
200,8902285941,10,0,1,EA,1,1,EA,0,1,1,590.0,590.0,LB,120264.375,IN3,,45563,45563,1,4571.75,,0,6595153245,10,J,1491014340,10,,1WD80,"Electric Air Compressor, 5 hp, 2 Stage",,,G4,ZS,,10230222904973,004S,,1,10,4,US,CA,,,1,,,,,,,,,,X,X,0,1.0,1,,,,,,4,0,,S_ITCJOBS,45565,0.292384259259259,,1,,2150.4,0,4212.91,0,358.84,400.22,358.84,1,,,,2004,,,,,,,PPA,X,,,1WD80,0,1000,1499384467,0,,CA9134201,4971.97,X,0,0,,0,,T,,,,,US,,,CA,300,10,,,,C,,,0,,,,,400.22,,,,,4971.97,,0,,,,,,,,,,0,,0,,45565,,,,,,,,T,,,,,,,,,,,0,,,0,,,,,,,,,,0,0,0,,,,,,,,0,0,,0,0,,,,,,,0,,,0,0,0,,,WP,,D,,0,,,,,,,,0,0,
200,8902285942,10,0,1,EA,1,1,EA,0,1,1,408.0,408.0,LB,77539.0,IN3,,45563,45563,1,2029.53,,0,6593193496,10,J,1487485502,10,,1UBK4,"Bin Cabinet,72""x36""x24"",Gray,0Bns",,,K1,ZS,,10180210226644,004S,,1,10,4,US,CA,,,1,,,,,,,,,,X,X,0,,1,,,,,,4,0,,S_ITCJOBS,45565,0.292384259259259,,1,,641.83,0,1719.3,0,310.23,150.44,310.23,1,,,,2004,,,,,,,PPA,X,,,1UBK4,0,1000,1499384469,0,,CA9288200,2179.97,X,0,0,,0,,T,,,,,US,,,CA,300,10,,,,C,,,0,,,,,150.44,,,,,2179.9700000000003,,0,,,,,,,,,,0,,0,,45565,,,,,,,,T,,,,,,,,,,,0,,,0,,,,,,,,,,0,0,0,,,,,,,,0,0,,0,0,,,,,,,0,,,0,0,0,,,WP,,B,,0,,,,,,,,0,0,
200,8902285943,10,0,1,EA,1,1,EA,0,1,1,545.0,545.0,LB,55166.88,IN3,,45563,45563,1,3699.82,,0,6593193796,10,J,1487512150,10,,13R504,"Mobile Cabinet Bench,Steel,54-1/4""W,26""D",,,M1,ZS,,10182784004397,004S,,1,10,4,US,CA,,,1,,,,,,,,,,X,X,0,1.0,1,,,,,,4,0,,S_ITCJOBS,45565,0.292395833333333,,1,,2057.24,0,3361.08,0,338.74,319.29,338.74,1,,,,2004,,,,,,,PPA,X,,,13R504,0,1000,1499384471,0,,CA9001700,4019.11,X,0,0,,0,,T,,,,,US,,,CA,300,10,,,,C,,,0,,,,,319.29,,,,,4019.11,,0,,,,,,,,,,0,,0,,45565,,,,,,,,T,,,,,,,,,,,0,,,0,,,,,,,,,,0,0,0,,,,,,,,0,0,,0,0,,,,,,,0,,,0,0,0,,,WP,,B,,0,,,,,,,,0,0,
200,8902285944,10,0,1,EA,1,1,EA,0,1,1,1241.0,1241.0,LB,190624.0,IN3,,45563,45563,1,9033.58,,0,6595074241,10,J,1490934809,10,,16V896,"Electric Air Compressor, 15 hp, 2 Stage",,,G4,ZS,,10230222904973,004S,,1,10,4,US,CA,,,1,,,,,,,,,,X,X,0,,1,,,,,,4,0,,S_ITCJOBS,45565,0.292395833333333,,1,,4887.57,0,8479.99,0,553.59,805.6,553.59,1,,,,2004,,,,,,,PPA,X,,,16V896,0,1000,1499384473,0,,CA9001700,9839.18,X,0,0,,0,,T,,,,,US,,,CA,300,10,,,,C,,,0,,,,,805.6,,,,,9839.18,,0,,,,,,,,,,0,,0,,45565,,,,,,,,T,,,,,,,,,,,0,,,0,,,,,,,,,,0,0,0,,,,,,,,0,0,,0,0,,,,,,,0,,,0,0,0,,,WP,,B,,0,,,,,,,,0,0,
200,8902285945,10,0,1,EA,1,1,EA,0,1,1,408.0,408.0,LB,77539.0,IN3,,45563,45563,1,2029.53,,0,6593028395,10,J,1487165704,10,,1UBK4,"Bin Cabinet,72""x36""x24"",Gray,0Bns",,,K1,ZS,,10180210226644,004S,,1,10,4,US,CA,,,1,,,,,,,,,,X,X,0,,1,,,,,,4,0,,S_ITCJOBS,45565,0.292407407407407,,1,,641.83,0,1719.3,0,310.23,143.99,310.23,1,,,,2004,,,,,,,PPA,X,,,1UBK4,0,1000,1499384475,0,,NV8912300,2173.52,X,0,0,,0,,T,,,,,US,,,NV,300,10,,,,C,,,0,,,,,143.99,,,,,2173.52,,0,,,,,,,,,,0,,0,,45565,,,,,,,,T,,,,,,,,,,,0,,,0,,,,,,,,,,0,0,0,,,,,,,,0,0,,0,0,,,,,,,0,,,0,0,0,,,WP,,B,,0,,,,,,,,0,0,
200,8902285946,10,0,1,EA,1,1,EA,0,1,1,257.0,257.0,LB,116296.5,IN3,,45563,45563,1,3402.43,,0,6593566692,10,J,1488649472,10,,13R510,"Jobsite Cabinet,60 in,Tan",,,M1,ZS,,10100206412654,004S,,1,10,4,US,CA,,,1,,,,,,,,,,X,X,0,,1,,,,,,4,0,,S_ITCJOBS,45565,0.292418981481481,,1,,1527.93,0,3151.96,0,250.47,315.2,250.47,1,,,,2004,,,,,,,PPA,X,,,13R510,0,1000,1499384477,0,,CA9050100,3717.63,X,0,0,,0,,T,,,,,US,,,CA,300,10,,,,C,,,0,,,,,315.2,,,,,3717.63,,0,,,,,,,,,,0,,0,,45565,,,,,,,,T,,,,,,,,,,,0,,,0,,,,,,,,,,0,0,0,,,,,,,,0,0,,0,0,,,,,,,0,,,0,0,0,,,WP,,B,,0,,,,,,,,0,0,
200,8902285947,10,0,1,EA,1,1,EA,0,1,1,897.0,897.0,LB,186946.2,IN3,,45563,45563,1,6771.08,,0,6593463596,10,J,1488014657,10,,16V893,"Electric Air Compressor, 10 hp, 2 Stage",,,G4,ZS,,10230222904973,004S,,1,10,4,US,CA,,,1,,,,,,,,,,X,X,0,,1,,,,,,4,0,,S_ITCJOBS,45565,0.29244212962963,,1,,4025.18,0,6291.52,0,479.56,597.69,479.56,1,,,,2004,,,,,,,PPA,X,,,16V893,0,1000,1499384479,0,,CA9006900,7368.77,X,0,0,,0,,T,,,,,US,,,CA,300,10,,,,C,,,0,,,,,597.69,,,,,7368.77,,0,,,,,,,,,,0,,0,,45565,,,,,,,,T,,,,,,,,,,,0,,,0,,,,,,,,,,0,0,0,,,,,,,,0,0,,0,0,,,,,,,0,,,0,0,0,,,WP,,B,,0,,,,,,,,0,0,
200,8902285948,10,0,1,EA,1,1,EA,0,1,1,593.0,593.0,LB,127387.5,IN3,,45563,45563,1,4269.53,,0,6592556525,10,J,1486166333,10,,16V891,"Electric Air Compressor, 7.5 hp, 2 Stage",,,G4,ZS,,10230222904973,004S,,1,10,4,US,CA,,,1,,,,,,,,,,X,X,0,,1,,,,,,4,0,,S_ITCJOBS,45565,0.292453703703704,,1,,2692.42,0,3919.99,0,349.54,0.0,349.54,1,,,,2004,,,,,,,PPA,X,,,16V891,0,1000,1499384481,0,,OR9762400,4269.53,X,0,0,,0,,T,,,,,US,,,OR,300,10,,,,C,,,0,,,,,0.0,,,,,4269.53,,0,,,,,,,,,,0,,0,,45565,,,,,,,,T,,,,,,,,,,,0,,,0,,,,,,,,,,0,0,0,,,,,,,,0,0,,0,0,,,,,,,0,,,0,0,0,,,WP,,B,,0,,,,,,,,0,0,
200,8902285951,10,0,1,EA,1,1,EA,0,1,1,910.0,910.0,LB,189440.0,IN3,,45563,45563,1,6761.81,,0,6592153100,10,J,1485398601,10,,16V892,"Electric Air Compressor, 10 hp, 2 Stage",,,G4,ZS,,10230222904973,004S,,1,10,4,US,CA,,,1,,,,,,,,,,X,X,0,,1,,,,,,4,0,,S_ITCJOBS,45565,0.292546296296296,,1,,4025.18,0,6229.99,0,531.82,0.0,531.82,1,,,,2004,,,,,,,PPA,X,,,16V892,0,1000,1499384485,0,,AK9950200,6761.81,X,0,0,,0,,T,,,,,US,,,AK,300,10,,,,C,,,0,,,,,0.0,,,,,6761.81,,0,,,,,,,,,,0,,0,,45565,,,,,,,,T,,,,,,,,,,,0,,,0,,,,,,,,,,0,0,0,,,,,,,,0,0,,0,0,,,,,,,0,,,0,0,0,,,WP,,B,,0,,,,,,,,0,0,
200,8902286918,10,0,1,EA,1,1,EA,0,1,1,459.0,459.0,LB,89472.0,IN3,,45563,45563,1,5210.33,,0,6593596091,10,J,1488745397,10,,11N148,"Air/Hydraulic Service Jack,10 tons,7"" H",,,L6,ZS,,10390222003863,004S,,1,10,4,US,CA,,,1,,,,,,,,,,X,X,0,,1,,,,,,4,0,,S_ITCJOBS,45565,0.292083333333333,,1,,3290.56,0,4885.0,0,325.33,378.59,325.33,1,,,,2004,,,,,,,PPA,X,,,11N148,0,1000,1499384156,0,,CA9280600,5588.92,X,0,0,,0,,T,,,,,US,,,CA,300,10,,,,C,,,0,,,,,378.59,,,,,5588.92,,0,,,,,,,,,,0,,0,,45565,,,,,,,,T,,,,,,,,,,,0,,,0,,,,,,,,,,0,0,0,,,,,,,,0,0,,0,0,,,,,,,0,,,0,0,0,,,WP,,B,,0,,,,,,,,0,0,
200,8902286919,10,0,1,EA,1,1,EA,0,1,1,2504.0,2504.0,LB,85272.544,IN3,,45563,45563,1,3931.74,,0,6593226260,10,J,1487537505,10,,14G862,"Cleaner/Degreaser,Mild Lemon,275 gal",,,L8,ZS,,10030200703041,004S,,1,10,4,US,CA,,,1,,,,,,,,,,X,X,0,,1,,,,,,4,0,,S_ITCJOBS,45565,0.292094907407407,,1,,1195.8,0,3378.15,0,553.59,320.93,553.59,1,,,,2004,,,,,,,PPA,X,,,14G862,0,1000,1499384158,0,,CA9130201,4252.67,X,0,0,,0,,T,,,,,US,,,CA,300,10,,,,C,,,0,,,,,320.93,,,,,4252.67,,0,,,,,,,,,,0,,0,,45565,,,,,,,,T,,,,,,,,,,,0,,,0,,,,,,,,,,0,0,0,,,,,,,,0,0,,0,0,,,,,,,0,,,0,0,0,,,WP,,B,,0,,,,,,,,0,0,
200,8902286920,10,0,1,EA,1,1,EA,0,1,1,483.0,483.0,LB,102025.0,IN3,,45563,45563,1,2324.17,,0,6594386686,10,J,1489989844,10,,1UBJ8,"Bin Cabinet,72""x48""x24"",Gray,128YlwBns",,,K1,ZS,,10180210226644,004S,,1,10,4,US,CA,,,1,,,,,,,,,,X,X,0,,1,,,,,,4,0,,S_ITCJOBS,45565,0.292118055555556,,1,,799.18,0,1998.84,0,325.33,154.91,325.33,1,,,,2004,,,,,,,PPA,X,,,1UBJ8,0,1000,1499384160,0,,CA9265500,2479.08,X,0,0,,0,,T,,,,,US,,,CA,300,10,,,,C,,,0,,,,,154.91,,,,,2479.08,,0,,,,,,,,,,0,,0,,45565,,,,,,,,T,,,,,,,,,,,0,,,0,,,,,,,,,,0,0,0,,,,,,,,0,0,,0,0,,,,,,,0,,,0,0,0,,,WP,,D,,0,,,,,,,,0,0,
200,8902286921,10,0,1,EA,1,1,EA,0,1,1,532.0,532.0,LB,117925.0,IN3,,45563,45563,1,2886.54,,0,6594714449,10,J,1490416126,10,,1UBJ4,"Bin Cabinet,84""x48""x24"",Gray,0Bns",,,K1,ZS,,10180210226644,004S,,1,10,4,US,CA,,,1,,,,,,,,,,X,X,0,,1,,,,,,4,0,,S_ITCJOBS,45565,0.29212962962963,,1,,1001.37,0,2547.8,0,338.74,197.46,338.74,1,,,,2004,,,,,,,PPA,X,,,1UBJ4,0,1000,1499384162,0,,CA9210200,3084.0,X,0,0,,0,,T,,,,,US,,,CA,300,10,,,,C,,,0,,,,,197.46,,,,,3084.0,,0,,,,,,,,,,0,,0,,45565,,,,,,,,T,,,,,,,,,,,0,,,0,,,,,,,,,,0,0,0,,,,,,,,0,0,,0,0,,,,,,,0,,,0,0,0,,,WP,,B,,0,,,,,,,,0,0,
200,8902286927,10,0,1,EA,1,1,EA,0,1,1,227.0,227.0,LB,94790.5,IN3,,45563,45563,1,2874.94,,0,6593258996,10,J,1487704661,10,,13R514,"Jobsite Cabinet,51 in,Tan",,,M1,ZS,,10100206412654,004S,,1,10,4,US,CA,,,1,,,,,,,,,,X,X,0,,1,,,,,,4,0,,S_ITCJOBS,45565,0.292384259259259,,1,,1257.04,0,2630.98,0,243.96,249.95,243.96,1,,,,2004,,,,,,,PPA,X,,,13R514,0,1000,1499384172,0,,CA9178000,3124.89,X,0,0,,0,,T,,,,,US,,,CA,300,10,,,,C,,,0,,,,,249.95,,,,,3124.89,,0,,,,,,,,,,0,,0,,45565,,,,,,,,T,,,,,,,,,,,0,,,0,,,,,,,,,,0,0,0,,,,,,,,0,0,,0,0,,,,,,,0,,,0,0,0,,,WP,,B,,0,,,,,,,,0,0,
200,8902286928,10,0,1,EA,1,1,EA,0,1,1,417.0,417.0,LB,123125.76,IN3,,45563,45563,1,3113.14,,0,6594628352,10,J,1490259224,10,,13R512,"Piano-Style Jobsite Box,54 1/2 in,Tan",,,M1,ZS,,10100206412654,004S,,1,10,4,US,CA,,,1,,,,,,,,,,X,X,0,,1,,,,,,4,0,,S_ITCJOBS,45565,0.292407407407407,,1,,1450.3,0,2802.91,0,310.23,280.29,310.23,1,,,,2004,,,,,,,PPA,X,,,13R512,0,1000,1499384174,0,,CA9024000,3393.43,X,0,0,,0,,T,,,,,US,,,CA,300,10,,,,C,,,0,,,,,280.29,,,,,3393.4300000000003,,0,,,,,,,,,,0,,0,,45565,,,,,,,,T,,,,,,,,,,,0,,,0,,,,,,,,,,0,0,0,,,,,,,,0,0,,0,0,,,,,,,0,,,0,0,0,,,WP,,B,,0,,,,,,,,0,0,
200,8902286929,10,0,1,EA,1,1,EA,0,1,1,226.0,226.0,LB,75258.0,IN3,,45563,45563,1,1468.32,,0,6591678133,10,J,1483948024,10,,1WDN3,"Gravity Vent,24 In,Base 28 1/2 In Sq",,,C1,ZS,,10122432503825,004S,,1,10,4,US,CA,,,1,,,,,,,,,,X,X,0,,1,,,,,,4,0,,S_ITCJOBS,45565,0.292430555555556,,1,,431.4,0,1234.36,0,233.96,102.02,233.96,1,,,,2004,,,,,,,PPA,X,,,1WDN3,0,1000,1499384176,0,,NV8943100,1570.34,X,0,0,,0,,T,,,,,US,,,NV,300,10,,,,C,,,0,,,,,102.02,,,,,1570.3400000000001,,0,,,,,,,,,,0,,0,,45565,,,,,,,,T,,,,,,,,,,,0,,,0,,,,,,,,,,0,0,0,,,,,,,,0,0,,0,0,,,,,,,0,,,0,0,0,,,WP,,D,,0,,,,,,,,0,0,
200,8902286930,10,0,1,EA,1,1,EA,0,1,1,517.0,517.0,LB,138138.0,IN3,,45563,45563,1,2673.57,,0,6592155219,10,J,1485358285,10,,1TGL7,"Mobile Cabinet Bench,Steel,66"" W,33"" D",,,K3,ZS,,10182784004397,004S,,1,10,4,US,CA,,,1,,,,,,,,,,X,X,0,,1,,,,,,4,0,,S_ITCJOBS,45565,0.29244212962963,,1,,996.62,0,2299.54,0,374.03,30.0,374.03,1,,,,2004,,,,,,,PPA,X,,,1TGL7,0,1000,1499384178,0,,AK9961100,2703.57,X,0,0,,0,,T,,,,,US,,,AK,300,10,,,,C,,,0,,,,,30.0,,,,,2703.57,,0,,,,,,,,,,0,,0,,45565,,,,,,,,T,,,,,,,,,,,0,,,0,,,,,,,,,,0,0,0,,,,,,,,0,0,,0,0,,,,,,,0,,,0,0,0,,,WP,,B,,0,,,,,,,,0,0,
200,8902286931,10,0,1,EA,1,1,EA,0,1,1,459.0,459.0,LB,89472.0,IN3,,45563,45563,1,5255.89,,0,6595453244,10,J,1491618298,10,,11N148,"Air/Hydraulic Service Jack,10 tons,7"" H",,,L6,ZS,,10390222003863,004S,,1,10,4,US,CA,,,1,,,,,,,,,,X,X,0,,1,,,,,,4,0,,S_ITCJOBS,45565,0.29244212962963,,1,,3290.56,0,4885.0,0,370.89,247.66,370.89,1,,,,2004,,,,,,,PPA,X,,,11N148,0,1000,1499384179,0,,HI9681900,5503.55,X,0,0,,0,,T,,,,,US,,,HI,300,10,,,,C,,,0,,,,,247.66,,,,,5503.55,,0,,,,,,,,,,0,,0,,45565,,,,,,,,T,,,,,,,,,,,0,,,0,,,,,,,,,,0,0,0,,,,,,,,0,0,,0,0,,,,,,,0,,,0,0,0,,,WP,,B,,0,,,,,,,,0,0,
200,8902286932,10,0,1,EA,1,1,EA,0,1,1,969.0,969.0,LB,202633.2,IN3,,45563,45563,1,7040.93,,0,6593515099,10,J,1488552467,10,,16V895,"Electric Air Compressor, 10 hp, 2 Stage",,,G4,ZS,,10230222904973,004S,,1,10,4,US,CA,,,1,,,,,,,,,,X,X,0,,1,,,,,,4,0,,S_ITCJOBS,45565,0.292453703703704,,1,,4170.65,0,6524.48,0,516.45,668.76,516.45,1,,,,2004,,,,,,,PPA,X,,,16V895,0,1000,1499384181,0,,CA9024900,7709.69,X,0,0,,0,,T,,,,,US,,,CA,300,10,,,,C,,,0,,,,,668.76,,,,,7709.6900000000005,,0,,,,,,,,,,0,,0,,45565,,,,,,,,T,,,,,,,,,,,0,,,0,,,,,,,,,,0,0,0,,,,,,,,0,0,,0,0,,,,,,,0,,,0,0,0,,,WP,,B,,0,,,,,,,,0,0,
200,8902286933,10,0,1,EA,1,1,EA,0,1,1,387.0,387.0,LB,117551.88,IN3,,45563,45563,1,2252.3,,0,6593284146,10,J,1487706782,10,,13R520,"Piano-Style Jobsite Box,49 in,Tan",,,M1,ZS,,10100206412654,004S,,1,10,4,US,CA,,,1,,,,,,,,,,X,X,0,,1,,,,,,4,0,,S_ITCJOBS,45565,0.292476851851852,,1,,925.83,0,1969.28,0,283.02,187.09,283.02,1,,,,2004,,,,,,,PPA,X,,,13R520,0,1000,1499384183,0,,CA9000700,2439.39,X,0,0,,0,,T,,,,,US,,,CA,300,10,,,,C,,,0,,,,,187.09,,,,,2439.39,,0,,,,,,,,,,0,,0,,45565,,,,,,,,T,,,,,,,,,,,0,,,0,,,,,,,,,,0,0,0,,,,,,,,0,0,,0,0,,,,,,,0,,,0,0,0,,,WP,,B,,0,,,,,,,,0,0,
200,8902286934,10,0,1,EA,1,1,EA,0,1,1,1169.0,1169.0,LB,59862.96,IN3,,45563,45563,1,4256.79,,0,6594810624,10,J,1490519076,10,,12G597,"Combination Machine,52"" Bend,Hand Lever",,,N2,ZS,,10240214131928,004S,,1,10,4,US,CA,,,1,,,,,,,,,,X,X,0,,1,,,,,,4,0,,S_ITCJOBS,45565,0.292476851851852,,1,,2117.2,0,3703.2,0,553.59,351.8,553.59,1,,,,2004,,,,,,,PPA,X,,,12G597,0,1000,1499384185,0,,CA9000700,4608.59,X,0,0,,0,,T,,,,,US,,,CA,300,10,,,,C,,,0,,,,,351.8,,,,,4608.59,,0,,,,,,,,,,0,,0,,45565,,,,,,,,T,,,,,,,,,,,0,,,0,,,,,,,,,,0,0,0,,,,,,,,0,0,,0,0,,,,,,,0,,,0,0,0,,,WP,,B,,0,,,,,,,,0,0,
200,8902286935,10,0,1,EA,1,1,EA,0,1,1,517.0,517.0,LB,138138.0,IN3,,45563,45563,1,2628.28,,0,6592122412,10,J,1485271125,10,,1TGL7,"Mobile Cabinet Bench,Steel,66"" W,33"" D",,,K3,ZS,,10182784004397,004S,,1,10,4,US,CA,,,1,,,,,,,,,,X,X,0,,1,,,,,,4,0,,S_ITCJOBS,45565,0.292488425925926,,1,,996.62,0,2299.54,0,328.74,236.55,328.74,1,,,,2004,,,,,,,PPA,X,,,1TGL7,0,1000,1499384187,0,,WA9920200,2864.83,X,0,0,,0,,T,,,,,US,,,WA,300,10,,,,C,,,0,,,,,236.55,,,,,2864.83,,0,,,,,,,,,,0,,0,,45565,,,,,,,,T,,,,,,,,,,,0,,,0,,,,,,,,,,0,0,0,,,,,,,,0,0,,0,0,,,,,,,0,,,0,0,0,,,WP,,B,,0,,,,,,,,0,0,
200,8902286936,10,0,1,EA,1,1,EA,0,1,1,545.0,545.0,LB,55166.88,IN3,,45563,45563,1,3699.82,,0,6595140254,10,J,1491042265,10,,13R504,"Mobile Cabinet Bench,Steel,54-1/4""W,26""D",,,M1,ZS,,10182784004397,004S,,1,10,4,US,CA,,,1,,,,,,,,,,X,X,0,1.0,1,,,,,,4,0,,S_ITCJOBS,45565,0.2925,,1,,2057.24,0,3361.08,0,338.74,319.29,338.74,1,,,,2004,,,,,,,PPA,X,,,13R504,0,1000,1499384189,0,,CA9002700,4019.11,X,0,0,,0,,T,,,,,US,,,CA,300,10,,,,C,,,0,,,,,319.29,,,,,4019.11,,0,,,,,,,,,,0,,0,,45565,,,,,,,,T,,,,,,,,,,,0,,,0,,,,,,,,,,0,0,0,,,,,,,,0,0,,0,0,,,,,,,0,,,0,0,0,,,WP,,B,,0,,,,,,,,0,0,
200,8902286937,10,0,1,EA,1,1,EA,0,1,1,340.0,340.0,LB,163571.5,IN3,,45563,45563,1,3592.27,,0,6594113857,10,J,1489687828,10,,13R511,"Clam-Shell Jobsite Cabinet,65 in,Tan",,,M1,ZS,,10100206412654,004S,,1,10,4,US,CA,,,1,,,,,,,,,,X,X,0,,1,,,,,,4,0,,S_ITCJOBS,45565,0.292511574074074,,1,,1511.41,0,3332.03,0,260.24,258.23,260.24,1,,,,2004,,,,,,,PPA,X,,,13R511,0,1000,1499384190,0,,CA9280500,3850.5,X,0,0,,0,,T,,,,,US,,,CA,300,10,,,,C,,,0,,,,,258.23,,,,,3850.5,,0,,,,,,,,,,0,,0,,45565,,,,,,,,T,,,,,,,,,,,0,,,0,,,,,,,,,,0,0,0,,,,,,,,0,0,,0,0,,,,,,,0,,,0,0,0,,,WP,,B,,0,,,,,,,,0,0,
200,8902286938,10,0,1,EA,1,1,EA,0,1,1,688.0,688.0,LB,233860.9,IN3,,45563,45563,1,4650.24,,0,6594285894,10,J,1489850637,10,,14V855,"Jobsite Field Office,83 in,Tan",,,M1,ZS,,10100206412654,004S,,1,10,4,US,CA,,,1,,,,,,,,,,X,X,0,,1,,,,,,4,0,,S_ITCJOBS,45565,0.292523148148148,,1,,2057.92,0,4252.83,0,397.41,404.02,397.41,1,,,,2004,,,,,,,PPA,X,,,14V855,0,1000,1499384191,0,,CA9006500,5054.26,X,0,0,,0,,T,,,,,US,,,CA,300,10,,,,C,,,0,,,,,404.02,,,,,5054.26,,0,,,,,,,,,,0,,0,,45565,,,,,,,,T,,,,,,,,,,,0,,,0,,,,,,,,,,0,0,0,,,,,,,,0,0,,0,0,,,,,,,0,,,0,0,0,,,WP,,B,,0,,,,,,,,0,0,
200,8902286939,10,0,1,EA,1,1,EA,0,1,1,532.0,532.0,LB,117925.0,IN3,,45563,45563,1,2886.54,,0,6593712581,10,J,1488993880,10,,1UBJ4,"Bin Cabinet,84""x48""x24"",Gray,0Bns",,,K1,ZS,,10180210226644,004S,,1,10,4,US,CA,,,1,,,,,,,,,,X,X,0,,1,,,,,,4,0,,S_ITCJOBS,45565,0.292534722222222,,1,,1001.37,0,2547.8,0,338.74,222.94,338.74,1,,,,2004,,,,,,,PPA,X,,,1UBJ4,0,1000,1499384192,0,,CA9240800,3109.48,X,0,0,,0,,T,,,,,US,,,CA,300,10,,,,C,,,0,,,,,222.94,,,,,3109.48,,0,,,,,,,,,,0,,0,,45565,,,,,,,,T,,,,,,,,,,,0,,,0,,,,,,,,,,0,0,0,,,,,,,,0,0,,0,0,,,,,,,0,,,0,0,0,,,WP,,B,,0,,,,,,,,0,0,
200,8902286940,10,0,1,EA,1,1,EA,0,1,1,600.0,600.0,LB,55687.5,IN3,,45563,45563,1,4459.29,,0,6593794073,10,J,1489191017,10,,14V882,"Mobile Cabinet Bench,Steel,54-1/4""W,26""D",,,M1,ZS,,10182784004397,004S,,1,10,4,US,CA,,,1,,,,,,,,,,X,X,0,1.0,1,,,,,,4,0,,S_ITCJOBS,45565,0.292534722222222,,1,,2578.63,0,4082.0,0,377.29,357.18,377.29,1,,,,2004,,,,,,,PPA,X,,,14V882,0,1000,1499384194,0,,CA9240800,4816.47,X,0,0,,0,,T,,,,,US,,,CA,300,10,,,,C,,,0,,,,,357.18,,,,,4816.47,,0,,,,,,,,,,0,,0,,45565,,,,,,,,T,,,,,,,,,,,0,,,0,,,,,,,,,,0,0,0,,,,,,,,0,0,,0,0,,,,,,,0,,,0,0,0,,,WP,,B,,0,,,,,,,,0,0,
200,8902286941,10,0,1,EA,1,1,EA,0,1,1,509.0,509.0,LB,122239.638,IN3,,45563,45563,1,3619.92,,0,6595133029,10,J,1491099871,10,,13R509,"Jobsite Cabinet,54 1/2 in,Tan",,,M1,ZS,,10100206412654,004S,,1,10,4,US,CA,,,1,,,,,,,,,,X,X,0,,1,,,,,,4,0,,S_ITCJOBS,45565,0.292569444444444,,1,,1724.61,0,3281.18,0,338.74,328.12,338.74,1,,,,2004,,,,,,,PPA,X,,,13R509,0,1000,1499384196,0,,CA9050400,3948.04,X,0,0,,0,,T,,,,,US,,,CA,300,10,,,,C,,,0,,,,,328.12,,,,,3948.04,,0,,,,,,,,,,0,,0,,45565,,,,,,,,T,,,,,,,,,,,0,,,0,,,,,,,,,,0,0,0,,,,,,,,0,0,,0,0,,,,,,,0,,,0,0,0,,,WP,,B,,0,,,,,,,,0,0,
200,8902286942,10,0,1,EA,1,1,EA,0,1,1,586.0,586.0,LB,102828.0,IN3,,45563,45563,1,3636.84,,0,6593879902,10,J,1489304894,10,,13R507,"Mobile Cabinet Bench,Steel,62"" W,32"" D",,,M1,ZS,,10182784004397,004S,,1,10,4,US,CA,,,1,,,,,,,,,,X,X,0,1.0,1,,,,,,4,0,,S_ITCJOBS,45565,0.292581018518519,,1,,1900.91,0,3278.0,0,358.84,336.0,358.84,1,,,,2004,,,,,,,PPA,X,,,13R507,0,1000,1499384198,0,,CA9022200,3972.84,X,0,0,,0,,T,,,,,US,,,CA,300,10,,,,C,,,0,,,,,336.0,,,,,3972.84,,0,,,,,,,,,,0,,0,,45565,,,,,,,,T,,,,,,,,,,,0,,,0,,,,,,,,,,0,0,0,,,,,,,,0,0,,0,0,,,,,,,0,,,0,0,0,,,WP,,B,,0,,,,,,,,0,0,
200,8902286943,10,0,1,EA,1,1,EA,0,1,1,532.0,532.0,LB,117925.0,IN3,,45563,45563,1,2886.54,,0,6594273638,10,J,1489855108,10,,1UBJ4,"Bin Cabinet,84""x48""x24"",Gray,0Bns",,,K1,ZS,,10180210226644,004S,,1,10,4,US,CA,,,1,,,,,,,,,,X,X,0,,1,,,,,,4,0,,S_ITCJOBS,45565,0.292604166666667,,1,,1001.37,0,2547.8,0,338.74,197.46,338.74,1,,,,2004,,,,,,,PPA,X,,,1UBJ4,0,1000,1499384200,0,,CA9258702,3084.0,X,0,0,,0,,T,,,,,US,,,CA,300,10,,,,C,,,0,,,,,197.46,,,,,3084.0,,0,,,,,,,,,,0,,0,,45565,,,,,,,,T,,,,,,,,,,,0,,,0,,,,,,,,,,0,0,0,,,,,,,,0,0,,0,0,,,,,,,0,,,0,0,0,,,WP,,B,,0,,,,,,,,0,0,
200,8902289919,10,0,1,EA,1,1,EA,0,1,1,254.0,254.0,LB,67947.0,IN3,,45563,45563,1,7582.65,,0,6593597383,10,J,1488707385,10,,14H097,"Variable Frequency Drive,40 hp,460V AC",,,B2,ZS,,10052985208262,004S,,1,10,4,US,CA,,,1,,,,,,,,,,X,X,0,,1,,,,,,4,0,,S_ITCJOBS,45565,0.292083333333333,,1,,4648.44,0,7332.18,0,250.47,659.89,250.47,1,,,,2004,,,,,,,PPA,X,,,14H097,0,1000,1499383485,0,,CA9176300,8242.54,X,0,0,,0,,T,,,,,US,,,CA,300,10,,,,C,,,0,,,,,659.89,,,,,8242.54,,0,,,,,,,,,,0,,0,,45565,,,,,,,,T,,,,,,,,,,,0,,,0,,,,,,,,,,0,0,0,,,,,,,,0,0,,0,0,,,,,,,0,,,0,0,0,,,WP,,B,,0,,,,,,,,0,0,
200,8902289920,10,0,1,EA,1,1,EA,0,1,1,254.0,254.0,LB,67947.0,IN3,,45563,45563,1,7582.65,,0,6594280515,10,J,1489807762,10,,14H097,"Variable Frequency Drive,40 hp,460V AC",,,B2,ZS,,10052985208262,004S,,1,10,4,US,CA,,,1,,,,,,,,,,X,X,0,,1,,,,,,4,0,,S_ITCJOBS,45565,0.292094907407407,,1,,4648.44,0,7332.18,0,250.47,641.56,250.47,1,,,,2004,,,,,,,PPA,X,,,14H097,0,1000,1499383487,0,,CA9259100,8224.21,X,0,0,,0,,T,,,,,US,,,CA,300,10,,,,C,,,0,,,,,641.56,,,,,8224.210000000001,,0,,,,,,,,,,0,,0,,45565,,,,,,,,T,,,,,,,,,,,0,,,0,,,,,,,,,,0,0,0,,,,,,,,0,0,,0,0,,,,,,,0,,,0,0,0,,,WP,,B,,0,,,,,,,,0,0,
200,8902289921,10,0,1,EA,1,1,EA,0,1,1,1169.0,1169.0,LB,59862.96,IN3,,45563,45563,1,4256.79,,0,6593885121,10,J,1489264022,10,,12G597,"Combination Machine,52"" Bend,Hand Lever",,,N2,ZS,,10240214131928,004S,,1,10,4,US,CA,,,1,,,,,,,,,,X,X,0,,1,,,,,,4,0,,S_ITCJOBS,45565,0.292106481481482,,1,,2117.2,0,3703.2,0,553.59,287.0,553.59,1,,,,2004,,,,,,,PPA,X,,,12G597,0,1000,1499383489,0,,CA9234400,4543.79,X,0,0,,0,,T,,,,,US,,,CA,300,10,,,,C,,,0,,,,,287.0,,,,,4543.79,,0,,,,,,,,,,0,,0,,45565,,,,,,,,T,,,,,,,,,,,0,,,0,,,,,,,,,,0,0,0,,,,,,,,0,0,,0,0,,,,,,,0,,,0,0,0,,,WP,,B,,0,,,,,,,,0,0,
200,8902289922,10,0,1,EA,1,1,EA,0,1,1,1219.0,1219.0,LB,88977.9,IN3,,45563,45563,1,4567.85,,0,6594711162,10,J,1490396131,10,,13W878,"Machining Shear,0.059"" Cap. Mild Steel",,,N2,ZS,,10240214108716,004S,,1,10,4,US,CA,,,1,,,,,,,,,,X,X,0,,1,,,,,,4,0,,S_ITCJOBS,45565,0.292106481481482,,1,,1776.3,0,4014.26,0,553.59,311.11,553.59,1,,,,2004,,,,,,,PPA,X,,,13W878,0,1000,1499383491,0,,CA9234400,4878.96,X,0,0,,0,,T,,,,,US,,,CA,300,10,,,,C,,,0,,,,,311.11,,,,,4878.96,,0,,,,,,,,,,0,,0,,45565,,,,,,,,T,,,,,,,,,,,0,,,0,,,,,,,,,,0,0,0,,,,,,,,0,0,,0,0,,,,,,,0,,,0,0,0,,,WP,,B,,0,,,,,,,,0,0,
200,8902289924,10,0,1,EA,1,1,EA,0,1,1,1270.0,1270.0,LB,74618.775,IN3,,45563,45563,1,4418.04,,0,6593390392,10,J,1488010176,10,,13W877,"Sheet Metal Brake,Box and Pan,51"" Bend L",,,N2,ZS,,10240214131922,004S,,1,10,4,US,CA,,,1,,,,,,,,,,X,X,0,,1,,,,,,4,0,,S_ITCJOBS,45565,0.292141203703704,,1,,2131.55,0,3864.45,0,553.59,367.13,553.59,1,,,,2004,,,,,,,PPA,X,,,13W877,0,1000,1499383494,0,,CA9001400,4785.17,X,0,0,,0,,T,,,,,US,,,CA,300,10,,,,C,,,0,,,,,367.13,,,,,4785.17,,0,,,,,,,,,,0,,0,,45565,,,,,,,,T,,,,,,,,,,,0,,,0,,,,,,,,,,0,0,0,,,,,,,,0,0,,0,0,,,,,,,0,,,0,0,0,,,WP,,B,,0,,,,,,,,0,0,
200,8902289925,10,0,1,EA,1,1,EA,0,1,1,532.0,532.0,LB,117925.0,IN3,,45563,45563,1,2886.54,,0,6593661195,10,J,1488748696,10,,1UBJ4,"Bin Cabinet,84""x48""x24"",Gray,0Bns",,,K1,ZS,,10180210226644,004S,,1,10,4,US,CA,,,1,,,,,,,,,,X,X,0,,1,,,,,,4,0,,S_ITCJOBS,45565,0.292141203703704,,1,,1001.37,0,2547.8,0,338.74,242.05,338.74,1,,,,2004,,,,,,,PPA,X,,,1UBJ4,0,1000,1499383496,0,,CA9001400,3128.59,X,0,0,,0,,T,,,,,US,,,CA,300,10,,,,C,,,0,,,,,242.05,,,,,3128.59,,0,,,,,,,,,,0,,0,,45565,,,,,,,,T,,,,,,,,,,,0,,,0,,,,,,,,,,0,0,0,,,,,,,,0,0,,0,0,,,,,,,0,,,0,0,0,,,WP,,B,,0,,,,,,,,0,0,
200,8902289926,10,0,1,EA,1,1,EA,0,1,1,413.0,413.0,LB,84146.022,IN3,,45563,45563,1,5977.02,,0,6593229274,10,J,1487566825,10,,15A518,"Commercial Gas Water Heater,100 gal",,,E1,ZS,,10221736104825,004S,,1,10,4,US,CA,,,1,,,,,,,,,,X,X,0,,1,,,,,,4,0,,S_ITCJOBS,45565,0.292152777777778,,1,,2093.27,0,5666.79,0,310.23,495.84,310.23,1,,,,2004,,,,,,,PPA,X,,,15A518,0,1000,1499383498,0,,CA9191000,6472.86,X,0,0,,0,,T,,,,,US,,,CA,300,10,,,,C,,,0,,,,,495.84,,,,,6472.860000000001,,0,,,,,,,,,,0,,0,,45565,,,,,,,,T,,,,,,,,,,,0,,,0,,,,,,,,,,0,0,0,,,,,,,,0,0,,0,0,,,,,,,0,,,0,0,0,,,WP,,B,,0,,,,,,,,0,0,
200,8902289927,10,0,1,EA,1,1,EA,0,1,1,369.0,369.0,LB,59660.0,IN3,,45563,45563,1,2068.97,,0,6593242065,10,J,1487664560,10,,16D690,"Storage Cabinet,78""x36""x18"",Gray,4Shlv",,,K1,ZS,,10180210204399,004S,,1,10,4,US,CA,,,1,,,,,,,,,,X,X,0,,1,,,,,,4,0,,S_ITCJOBS,45565,0.292175925925926,,1,,792.36,0,1785.25,0,283.72,138.37,283.72,1,,,,2004,,,,,,,PPA,X,,,16D690,0,1000,1499383500,0,,CA9206500,2207.34,X,0,0,,0,,T,,,,,US,,,CA,300,10,,,,C,,,0,,,,,138.37,,,,,2207.34,,0,,,,,,,,,,0,,0,,45565,,,,,,,,T,,,,,,,,,,,0,,,0,,,,,,,,,,0,0,0,,,,,,,,0,0,,0,0,,,,,,,0,,,0,0,0,,,WP,,B,,0,,,,,,,,0,0,
200,8902289928,10,0,1,EA,1,1,EA,0,1,1,2504.0,2504.0,LB,85272.544,IN3,,45563,45563,1,3931.74,,0,6593219106,10,J,1487579673,10,,14G862,"Cleaner/Degreaser,Mild Lemon,275 gal",,,L8,ZS,,10030200703041,004S,,1,10,4,US,CA,,,1,,,,,,,,,,X,X,0,,1,,,,,,4,0,,S_ITCJOBS,45565,0.2921875,,1,,1195.8,0,3378.15,0,553.59,295.59,553.59,1,,,,2004,,,,,,,PPA,X,,,14G862,0,1000,1499383502,0,,CA9240500,4227.33,X,0,0,,0,,T,,,,,US,,,CA,300,10,,,,C,,,0,,,,,295.59,,,,,4227.33,,0,,,,,,,,,,0,,0,,45565,,,,,,,,T,,,,,,,,,,,0,,,0,,,,,,,,,,0,0,0,,,,,,,,0,0,,0,0,,,,,,,0,,,0,0,0,,,WP,,B,,0,,,,,,,,0,0,
200,8902289929,10,0,1,EA,1,1,EA,0,1,1,413.0,413.0,LB,84146.022,IN3,,45563,45563,1,5977.02,,0,6594297317,10,J,1489826677,10,,15A518,"Commercial Gas Water Heater,100 gal",,,E1,ZS,,10221736104825,004S,,1,10,4,US,CA,,,1,,,,,,,,,,X,X,0,,1,,,,,,4,0,,S_ITCJOBS,45565,0.292199074074074,,1,,2093.27,0,5666.79,0,310.23,538.34,310.23,1,,,,2004,,,,,,,PPA,X,,,15A518,0,1000,1499383504,0,,CA9136700,6515.36,X,0,0,,0,,T,,,,,US,,,CA,300,10,,,,C,,,0,,,,,538.34,,,,,6515.360000000001,,0,,,,,,,,,,0,,0,,45565,,,,,,,,T,,,,,,,,,,,0,,,0,,,,,,,,,,0,0,0,,,,,,,,0,0,,0,0,,,,,,,0,,,0,0,0,,,WP,,B,,0,,,,,,,,0,0,
200,8902289930,10,0,1,EA,1,1,EA,0,1,1,910.0,910.0,LB,189440.0,IN3,,45563,45563,1,6761.81,,0,6592070467,10,J,1485177081,10,,16V892,"Electric Air Compressor, 10 hp, 2 Stage",,,G4,ZS,,10230222904973,004S,,1,10,4,US,CA,,,1,,,,,,,,,,X,X,0,,1,,,,,,4,0,,S_ITCJOBS,45565,0.292233796296296,,1,,4025.18,0,6229.99,0,531.82,35.0,531.82,1,,,,2004,,,,,,,PPA,X,,,16V892,0,1000,1499383505,0,,AK9966400,6796.81,X,0,0,,0,,T,,,,,US,,,AK,300,10,,,,C,,,0,,,,,35.0,,,,,6796.81,,0,,,,,,,,,,0,,0,,45565,,,,,,,,T,,,,,,,,,,,0,,,0,,,,,,,,,,0,0,0,,,,,,,,0,0,,0,0,,,,,,,0,,,0,0,0,,,WP,,B,,0,,,,,,,,0,0,
200,8902290775,10,0,1,EA,1,1,EA,0,1,1,1219.0,1219.0,LB,88977.9,IN3,,45563,45563,1,4567.85,,0,6593765942,10,J,1489119059,10,,13W878,"Machining Shear,0.059"" Cap. Mild Steel",,,N2,ZS,,10240214108716,004S,,1,10,4,US,CA,,,1,,,,,,,,,,X,X,0,,1,,,,,,4,0,,S_ITCJOBS,45565,0.292164351851852,,1,,1776.3,0,4014.26,0,553.59,381.36,553.59,1,,,,2004,,,,,,,PPA,X,,,13W878,0,1000,1499382824,0,,CA9000800,4949.21,X,0,0,,0,,T,,,,,US,,,CA,300,10,,,,C,,,0,,,,,381.36,,,,,4949.21,,0,,,,,,,,,,0,,0,,45565,,,,,,,,T,,,,,,,,,,,0,,,0,,,,,,,,,,0,0,0,,,,,,,,0,0,,0,0,,,,,,,0,,,0,0,0,,,WP,,B,,0,,,,,,,,0,0,
200,8902290776,10,0,1,EA,1,1,EA,0,1,1,227.0,227.0,LB,94790.5,IN3,,45563,45563,1,2874.94,,0,6593547821,10,J,1488580678,10,,13R514,"Jobsite Cabinet,51 in,Tan",,,M1,ZS,,10100206412654,004S,,1,10,4,US,CA,,,1,,,,,,,,,,X,X,0,,1,,,,,,4,0,,S_ITCJOBS,45565,0.292175925925926,,1,,1257.04,0,2630.98,0,243.96,263.1,243.96,1,,,,2004,,,,,,,PPA,X,,,13R514,0,1000,1499382826,0,,CA9050300,3138.04,X,0,0,,0,,T,,,,,US,,,CA,300,10,,,,C,,,0,,,,,263.1,,,,,3138.04,,0,,,,,,,,,,0,,0,,45565,,,,,,,,T,,,,,,,,,,,0,,,0,,,,,,,,,,0,0,0,,,,,,,,0,0,,0,0,,,,,,,0,,,0,0,0,,,WP,,B,,0,,,,,,,,0,0,
200,8902290777,10,0,1,EA,1,1,EA,0,1,1,545.0,545.0,LB,55166.88,IN3,,45563,45563,1,3699.82,,0,6593891804,10,J,1489305465,10,,13R504,"Mobile Cabinet Bench,Steel,54-1/4""W,26""D",,,M1,ZS,,10182784004397,004S,,1,10,4,US,CA,,,1,,,,,,,,,,X,X,0,1.0,1,,,,,,4,0,,S_ITCJOBS,45565,0.292210648148148,,1,,2057.24,0,3361.08,0,338.74,344.5,338.74,1,,,,2004,,,,,,,PPA,X,,,13R504,0,1000,1499382828,0,,CA9080200,4044.32,X,0,0,,0,,T,,,,,US,,,CA,300,10,,,,C,,,0,,,,,344.5,,,,,4044.32,,0,,,,,,,,,,0,,0,,45565,,,,,,,,T,,,,,,,,,,,0,,,0,,,,,,,,,,0,0,0,,,,,,,,0,0,,0,0,,,,,,,0,,,0,0,0,,,WP,,B,,0,,,,,,,,0,0,
200,8902290778,10,0,1,EA,1,1,EA,0,1,1,404.0,404.0,LB,78559.25,IN3,,45563,45563,1,2091.37,,0,6593216540,10,J,1487558106,10,,1UBK5,"Bin Cabinet,72""x36""x24"",Gray,96YlwBns",,,K1,ZS,,10180210226644,004S,,1,10,4,US,CA,,,1,,,,,,,,,,X,X,0,,1,,,,,,4,0,,S_ITCJOBS,45565,0.292222222222222,,1,,738.19,0,1781.14,0,310.23,182.57,310.23,1,,,,2004,,,,,,,PPA,X,,,1UBK5,0,1000,1499382830,0,,CA9071500,2273.94,X,0,0,,0,,T,,,,,US,,,CA,300,10,,,,C,,,0,,,,,182.57,,,,,2273.94,,0,,,,,,,,,,0,,0,,45565,,,,,,,,T,,,,,,,,,,,0,,,0,,,,,,,,,,0,0,0,,,,,,,,0,0,,0,0,,,,,,,0,,,0,0,0,,,WP,,C,,0,,,,,,,,0,0,
200,8902290779,10,0,1,EA,1,1,EA,0,1,1,459.0,459.0,LB,89472.0,IN3,,45563,45563,1,5210.33,,0,6593265390,10,J,1487683614,10,,11N148,"Air/Hydraulic Service Jack,10 tons,7"" H",,,L6,ZS,,10390222003863,004S,,1,10,4,US,CA,,,1,,,,,,,,,,X,X,0,,1,,,,,,4,0,,S_ITCJOBS,45565,0.29224537037037,,1,,3290.56,0,4885.0,0,325.33,464.07,325.33,1,,,,2004,,,,,,,PPA,X,,,11N148,0,1000,1499382832,0,,CA9005900,5674.4,X,0,0,,0,,T,,,,,US,,,CA,300,10,,,,C,,,0,,,,,464.07,,,,,5674.400000000001,,0,,,,,,,,,,0,,0,,45565,,,,,,,,T,,,,,,,,,,,0,,,0,,,,,,,,,,0,0,0,,,,,,,,0,0,,0,0,,,,,,,0,,,0,0,0,,,WP,,B,,0,,,,,,,,0,0,
200,8902290780,10,0,1,EA,1,1,EA,0,1,1,509.0,509.0,LB,122239.638,IN3,,45563,45563,1,3619.92,,0,6593597414,10,J,1488707401,10,,13R509,"Jobsite Cabinet,54 1/2 in,Tan",,,M1,ZS,,10100206412654,004S,,1,10,4,US,CA,,,1,,,,,,,,,,X,X,0,,1,,,,,,4,0,,S_ITCJOBS,45565,0.292268518518519,,1,,1724.61,0,3281.18,0,338.74,311.71,338.74,1,,,,2004,,,,,,,PPA,X,,,13R509,0,1000,1499382834,0,,CA9004700,3931.63,X,0,0,,0,,T,,,,,US,,,CA,300,10,,,,C,,,0,,,,,311.71,,,,,3931.63,,0,,,,,,,,,,0,,0,,45565,,,,,,,,T,,,,,,,,,,,0,,,0,,,,,,,,,,0,0,0,,,,,,,,0,0,,0,0,,,,,,,0,,,0,0,0,,,WP,,B,,0,,,,,,,,0,0,
200,8902290781,10,0,1,EA,1,1,EA,0,1,1,961.0,961.0,LB,75900.0,IN3,,45563,45563,1,3604.28,,0,6594166412,10,J,1489650700,10,,13W872,"Machining Shear,0.039"" Cap. Mild Steel",,,N2,ZS,,10240214108716,004S,,1,10,4,US,CA,,,1,,,,,,,,,,X,X,0,,1,,,,,,4,0,,S_ITCJOBS,45565,0.292291666666667,,1,,1596.87,0,3087.83,0,516.45,239.31,516.45,1,,,,2004,,,,,,,PPA,X,,,13W872,0,1000,1499382835,0,,CA9265100,3843.59,X,0,0,,0,,T,,,,,US,,,CA,300,10,,,,C,,,0,,,,,239.31,,,,,3843.59,,0,,,,,,,,,,0,,0,,45565,,,,,,,,T,,,,,,,,,,,0,,,0,,,,,,,,,,0,0,0,,,,,,,,0,0,,0,0,,,,,,,0,,,0,0,0,,,WP,,B,,0,,,,,,,,0,0,
200,8902290782,10,0,1,EA,1,1,EA,0,1,1,969.0,969.0,LB,202633.2,IN3,,45563,45563,1,7040.93,,0,6595064292,10,J,1490924325,10,,16V895,"Electric Air Compressor, 10 hp, 2 Stage",,,G4,ZS,,10230222904973,004S,,1,10,4,US,CA,,,1,,,,,,,,,,X,X,0,,1,,,,,,4,0,,S_ITCJOBS,45565,0.292291666666667,,1,,4170.65,0,6524.48,0,516.45,505.65,516.45,1,,,,2004,,,,,,,PPA,X,,,16V895,0,1000,1499382837,0,,CA9265100,7546.58,X,0,0,,0,,T,,,,,US,,,CA,300,10,,,,C,,,0,,,,,505.65,,,,,7546.58,,0,,,,,,,,,,0,,0,,45565,,,,,,,,T,,,,,,,,,,,0,,,0,,,,,,,,,,0,0,0,,,,,,,,0,0,,0,0,,,,,,,0,,,0,0,0,,,WP,,B,,0,,,,,,,,0,0,
200,8902290783,10,0,1,EA,1,1,EA,0,1,1,290.0,290.0,LB,81472.0,IN3,,45563,45563,1,2346.08,,0,6593211782,10,J,1487575037,10,,14V866,"Jobsite Box,36 in,Tan",,,M1,ZS,,10100206412654,004S,,1,10,4,US,CA,,,1,,,,,,,,,,X,X,0,,1,,,,,,4,0,,S_ITCJOBS,45565,0.292303240740741,,1,,1025.35,0,2095.61,0,250.47,199.09,250.47,1,,,,2004,,,,,,,PPA,X,,,14V866,0,1000,1499382839,0,,CA9004500,2545.17,X,0,0,,0,,T,,,,,US,,,CA,300,10,,,,C,,,0,,,,,199.09,,,,,2545.17,,0,,,,,,,,,,0,,0,,45565,,,,,,,,T,,,,,,,,,,,0,,,0,,,,,,,,,,0,0,0,,,,,,,,0,0,,0,0,,,,,,,0,,,0,0,0,,,WP,,B,,0,,,,,,,,0,0,
200,8902290784,10,0,1,EA,1,1,EA,0,1,1,595.0,595.0,LB,131560.0,IN3,,45563,45563,1,3777.42,,0,6593877030,10,J,1489341301,10,,1WD82,"Electric Air Compressor, 5 hp, 2 Stage",,,G4,ZS,,10230222904973,004S,,1,10,4,US,CA,,,1,,,,,,,,,,X,X,0,1.0,1,,,,,,4,0,,S_ITCJOBS,45565,0.292326388888889,,1,,2150.4,0,3418.58,0,358.84,264.93,358.84,1,,,,2004,,,,,,,PPA,X,,,1WD82,0,1000,1499382841,0,,CA9261400,4042.35,X,0,0,,0,,T,,,,,US,,,CA,300,10,,,,C,,,0,,,,,264.93,,,,,4042.35,,0,,,,,,,,,,0,,0,,45565,,,,,,,,T,,,,,,,,,,,0,,,0,,,,,,,,,,0,0,0,,,,,,,,0,0,,0,0,,,,,,,0,,,0,0,0,,,WP,,D,,0,,,,,,,,0,0,
200,8902290786,10,0,1,EA,1,1,EA,0,1,1,280.0,280.0,LB,75414.3,IN3,,45563,45563,1,1701.95,,0,6593359663,10,J,1487930230,10,,13R524,"Piano-Style Jobsite Box,34 1/4 in,Tan",,,M1,ZS,,10100206412654,004S,,1,10,4,US,CA,,,1,,,,,,,,,,X,X,0,,1,,,,,,4,0,,S_ITCJOBS,45565,0.292349537037037,,1,,745.94,0,1451.48,0,250.47,137.89,250.47,1,,,,2004,,,,,,,PPA,X,,,13R524,0,1000,1499385045,0,,CA9130201,1839.84,X,0,0,,0,,T,,,,,US,,,CA,300,10,,,,C,,,0,,,,,137.89,,,,,1839.8400000000001,,0,,,,,,,,,,0,,0,,45565,,,,,,,,T,,,,,,,,,,,0,,,0,,,,,,,,,,0,0,0,,,,,,,,0,0,,0,0,,,,,,,0,,,0,0,0,,,WP,,B,,0,,,,,,,,0,0,
200,8902290787,10,0,1,EA,1,1,EA,0,1,1,404.0,404.0,LB,78559.25,IN3,,45563,45563,1,2091.37,,0,6594702582,10,J,1490376636,10,,1UBK5,"Bin Cabinet,72""x36""x24"",Gray,96YlwBns",,,K1,ZS,,10180210226644,004S,,1,10,4,US,CA,,,1,,,,,,,,,,X,X,0,,1,,,,,,4,0,,S_ITCJOBS,45565,0.292361111111111,,1,,738.19,0,1781.14,0,310.23,138.04,310.23,1,,,,2004,,,,,,,PPA,X,,,1UBK5,0,1000,1499385047,0,,CA9233500,2229.41,X,0,0,,0,,T,,,,,US,,,CA,300,10,,,,C,,,0,,,,,138.04,,,,,2229.41,,0,,,,,,,,,,0,,0,,45565,,,,,,,,T,,,,,,,,,,,0,,,0,,,,,,,,,,0,0,0,,,,,,,,0,0,,0,0,,,,,,,0,,,0,0,0,,,WP,,C,,0,,,,,,,,0,0,
200,8902291221,10,0,1,EA,1,1,EA,0,1,1,483.0,483.0,LB,102025.0,IN3,,45563,45563,1,2324.17,,0,6594978148,10,J,1490772449,10,,1UBJ8,"Bin Cabinet,72""x48""x24"",Gray,128YlwBns",,,K1,ZS,,10180210226644,004S,,1,10,4,US,CA,,,1,,,,,,,,,,X,X,0,,1,,,,,,4,0,,S_ITCJOBS,45565,0.292175925925926,,1,,799.18,0,1998.84,0,325.33,189.89,325.33,1,,,,2004,,,,,,,PPA,X,,,1UBJ8,0,1000,1499383378,0,,CA9160100,2514.06,X,0,0,,0,,T,,,,,US,,,CA,300,10,,,,C,,,0,,,,,189.89,,,,,2514.06,,0,,,,,,,,,,0,,0,,45565,,,,,,,,T,,,,,,,,,,,0,,,0,,,,,,,,,,0,0,0,,,,,,,,0,0,,0,0,,,,,,,0,,,0,0,0,,,WP,,D,,0,,,,,,,,0,0,
200,8902291222,10,0,1,EA,1,1,EA,0,1,1,459.0,459.0,LB,89472.0,IN3,,45563,45563,1,5210.33,,0,6594113540,10,J,1489687127,10,,11N148,"Air/Hydraulic Service Jack,10 tons,7"" H",,,L6,ZS,,10390222003863,004S,,1,10,4,US,CA,,,1,,,,,,,,,,X,X,0,,1,,,,,,4,0,,S_ITCJOBS,45565,0.2921875,,1,,3290.56,0,4885.0,0,325.33,464.07,325.33,1,,,,2004,,,,,,,PPA,X,,,11N148,0,1000,1499383380,0,,CA9004400,5674.4,X,0,0,,0,,T,,,,,US,,,CA,300,10,,,,C,,,0,,,,,464.07,,,,,5674.400000000001,,0,,,,,,,,,,0,,0,,45565,,,,,,,,T,,,,,,,,,,,0,,,0,,,,,,,,,,0,0,0,,,,,,,,0,0,,0,0,,,,,,,0,,,0,0,0,,,WP,,B,,0,,,,,,,,0,0,
200,8902291223,10,0,1,EA,1,1,EA,0,1,1,369.0,369.0,LB,59660.0,IN3,,45563,45563,1,2068.27,,0,6594410817,10,J,1490031541,10,,16D690,"Storage Cabinet,78""x36""x18"",Gray,4Shlv",,,K1,ZS,,10180210204399,004S,,1,10,4,US,CA,,,1,,,,,,,,,,X,X,0,,1,,,,,,4,0,,S_ITCJOBS,45565,0.292199074074074,,1,,792.36,0,1785.25,0,283.02,138.37,283.02,1,,,,2004,,,,,,,PPA,X,,,16D690,0,1000,1499383382,0,,CA9283100,2206.64,X,0,0,,0,,T,,,,,US,,,CA,300,10,,,,C,,,0,,,,,138.37,,,,,2206.64,,0,,,,,,,,,,0,,0,,45565,,,,,,,,T,,,,,,,,,,,0,,,0,,,,,,,,,,0,0,0,,,,,,,,0,0,,0,0,,,,,,,0,,,0,0,0,,,WP,,B,,0,,,,,,,,0,0,
200,8902291224,10,0,1,EA,1,1,EA,0,1,1,1241.0,1241.0,LB,190624.0,IN3,,45563,45563,1,9033.58,,0,6594394624,10,J,1489990721,10,,16V896,"Electric Air Compressor, 15 hp, 2 Stage",,,G4,ZS,,10230222904973,004S,,1,10,4,US,CA,,,1,,,,,,,,,,X,X,0,,1,,,,,,4,0,,S_ITCJOBS,45565,0.292210648148148,,1,,4887.57,0,8479.99,0,553.59,805.6,553.59,1,,,,2004,,,,,,,PPA,X,,,16V896,0,1000,1499383384,0,,CA9004400,9839.18,X,0,0,,0,,T,,,,,US,,,CA,300,10,,,,C,,,0,,,,,805.6,,,,,9839.18,,0,,,,,,,,,,0,,0,,45565,,,,,,,,T,,,,,,,,,,,0,,,0,,,,,,,,,,0,0,0,,,,,,,,0,0,,0,0,,,,,,,0,,,0,0,0,,,WP,,B,,0,,,,,,,,0,0,
200,8902291225,10,0,1,EA,1,1,EA,0,1,1,969.0,969.0,LB,202633.2,IN3,,45563,45563,1,7030.93,,0,6591079291,10,J,1482634179,10,,16V895,"Electric Air Compressor, 10 hp, 2 Stage",,,G4,ZS,,10230222904973,004S,,1,10,4,US,CA,,,1,,,,,,,,,,X,X,0,,1,,,,,,4,0,,S_ITCJOBS,45565,0.292210648148148,,1,,4170.65,0,6524.48,0,506.45,668.76,506.45,1,,,,2004,,,,,,,PPA,X,,,16V895,0,1000,1499383386,0,,CA9120200,7699.69,X,0,0,,0,,T,,,,,US,,,CA,300,10,,,,C,,,0,,,,,668.76,,,,,7699.6900000000005,,0,,,,,,,,,,0,,0,,45565,,,,,,,,T,,,,,,,,,,,0,,,0,,,,,,,,,,0,0,0,,,,,,,,0,0,,0,0,,,,,,,0,,,0,0,0,,,WP,,B,,0,,,,,,,,0,0,
200,8902291226,10,0,1,EA,1,1,EA,0,1,1,1219.0,1219.0,LB,88977.9,IN3,,45563,45563,1,4567.85,,0,6594704272,10,J,1490346903,10,,13W878,"Machining Shear,0.059"" Cap. Mild Steel",,,N2,ZS,,10240214108716,004S,,1,10,4,US,CA,,,1,,,,,,,,,,X,X,0,,1,,,,,,4,0,,S_ITCJOBS,45565,0.292233796296296,,1,,1776.3,0,4014.26,0,553.59,311.11,553.59,1,,,,2004,,,,,,,PPA,X,,,13W878,0,1000,1499383388,0,,CA9264900,4878.96,X,0,0,,0,,T,,,,,US,,,CA,300,10,,,,C,,,0,,,,,311.11,,,,,4878.96,,0,,,,,,,,,,0,,0,,45565,,,,,,,,T,,,,,,,,,,,0,,,0,,,,,,,,,,0,0,0,,,,,,,,0,0,,0,0,,,,,,,0,,,0,0,0,,,WP,,B,,0,,,,,,,,0,0,
200,8902291227,10,0,1,EA,1,1,EA,0,1,1,1169.0,1169.0,LB,59862.96,IN3,,45563,45563,1,4256.79,,0,6593876028,10,J,1489292653,10,,12G597,"Combination Machine,52"" Bend,Hand Lever",,,N2,ZS,,10240214131928,004S,,1,10,4,US,CA,,,1,,,,,,,,,,X,X,0,,1,,,,,,4,0,,S_ITCJOBS,45565,0.292233796296296,,1,,2117.2,0,3703.2,0,553.59,324.03,553.59,1,,,,2004,,,,,,,PPA,X,,,12G597,0,1000,1499383390,0,,CA9239200,4580.82,X,0,0,,0,,T,,,,,US,,,CA,300,10,,,,C,,,0,,,,,324.03,,,,,4580.82,,0,,,,,,,,,,0,,0,,45565,,,,,,,,T,,,,,,,,,,,0,,,0,,,,,,,,,,0,0,0,,,,,,,,0,0,,0,0,,,,,,,0,,,0,0,0,,,WP,,B,,0,,,,,,,,0,0,
200,8902291230,10,0,1,EA,1,1,EA,0,1,1,254.0,254.0,LB,67947.0,IN3,,45563,45563,1,7582.65,,0,6595137979,10,J,1491072440,10,,14H097,"Variable Frequency Drive,40 hp,460V AC",,,B2,ZS,,10052985208262,004S,,1,10,4,US,CA,,,1,,,,,,,,,,X,X,0,,1,,,,,,4,0,,S_ITCJOBS,45565,0.292268518518519,,1,,4648.44,0,7332.18,0,250.47,641.56,250.47,1,,,,2004,,,,,,,PPA,X,,,14H097,0,1000,1499383396,0,,CA9176100,8224.21,X,0,0,,0,,T,,,,,US,,,CA,300,10,,,,C,,,0,,,,,641.56,,,,,8224.210000000001,,0,,,,,,,,,,0,,0,,45565,,,,,,,,T,,,,,,,,,,,0,,,0,,,,,,,,,,0,0,0,,,,,,,,0,0,,0,0,,,,,,,0,,,0,0,0,,,WP,,B,,0,,,,,,,,0,0,
200,8902291231,10,0,1,EA,1,1,EA,0,1,1,1219.0,1219.0,LB,88977.9,IN3,,45563,45563,1,4567.85,,0,6594570282,10,J,1490270506,10,,13W878,"Machining Shear,0.059"" Cap. Mild Steel",,,N2,ZS,,10240214108716,004S,,1,10,4,US,CA,,,1,,,,,,,,,,X,X,0,,1,,,,,,4,0,,S_ITCJOBS,45565,0.292303240740741,,1,,1776.3,0,4014.26,0,553.59,351.25,553.59,1,,,,2004,,,,,,,PPA,X,,,13W878,0,1000,1499383398,0,,CA9259100,4919.1,X,0,0,,0,,T,,,,,US,,,CA,300,10,,,,C,,,0,,,,,351.25,,,,,4919.1,,0,,,,,,,,,,0,,0,,45565,,,,,,,,T,,,,,,,,,,,0,,,0,,,,,,,,,,0,0,0,,,,,,,,0,0,,0,0,,,,,,,0,,,0,0,0,,,WP,,B,,0,,,,,,,,0,0,
200,8902291232,10,0,1,EA,1,1,EA,0,1,1,961.0,961.0,LB,75900.0,IN3,,45563,45563,1,3604.28,,0,6593505505,10,J,1488452391,10,,13W872,"Machining Shear,0.039"" Cap. Mild Steel",,,N2,ZS,,10240214108716,004S,,1,10,4,US,CA,,,1,,,,,,,,,,X,X,0,,1,,,,,,4,0,,S_ITCJOBS,45565,0.292326388888889,,1,,1596.87,0,3087.83,0,516.45,239.31,516.45,1,,,,2004,,,,,,,PPA,X,,,13W872,0,1000,1499383400,0,,CA9206900,3843.59,X,0,0,,0,,T,,,,,US,,,CA,300,10,,,,C,,,0,,,,,239.31,,,,,3843.59,,0,,,,,,,,,,0,,0,,45565,,,,,,,,T,,,,,,,,,,,0,,,0,,,,,,,,,,0,0,0,,,,,,,,0,0,,0,0,,,,,,,0,,,0,0,0,,,WP,,B,,0,,,,,,,,0,0,
200,8902291233,10,0,1,EA,1,1,EA,0,1,1,297.1,297.1,LB,52920.0,IN3,,45563,45563,1,31894.57,,0,6593220242,10,J,1487506645,10,,1UDW5,"Master Tool Set,Technician,1258-Pieces",,,M1,ZS,,10100205113586,004S,,1,10,4,US,CA,,,1,,,,,,,,,,X,X,0,,1,,,,,,4,0,,S_ITCJOBS,45565,0.292337962962963,,1,,12861.88,0,31644.1,0,250.47,2452.42,250.47,1,,,,2004,,,,,,,PPA,X,,,1UDW5,0,1000,1499383402,0,,CA9267300,34346.99,X,0,0,,0,,T,,,,,US,,,CA,300,10,,,,C,,,0,,,,,2452.42,,,,,34346.99,,0,,,,,,,,,,0,,0,,45565,,,,,,,,T,,,,,,,,,,,0,,,0,,,,,,,,,,0,0,0,,,,,,,,0,0,,0,0,,,,,,,0,,,0,0,0,,,WP,,D,,0,,,,,,,,0,0,
200,8902291235,10,0,1,EA,1,1,EA,0,1,1,1169.0,1169.0,LB,59862.96,IN3,,45563,45563,1,4256.79,,0,6593621397,10,J,1488726388,10,,12G597,"Combination Machine,52"" Bend,Hand Lever",,,N2,ZS,,10240214131928,004S,,1,10,4,US,CA,,,1,,,,,,,,,,X,X,0,,1,,,,,,4,0,,S_ITCJOBS,45565,0.292372685185185,,1,,2117.2,0,3703.2,0,553.59,324.03,553.59,1,,,,2004,,,,,,,PPA,X,,,12G597,0,1000,1499383406,0,,CA9288100,4580.82,X,0,0,,0,,T,,,,,US,,,CA,300,10,,,,C,,,0,,,,,324.03,,,,,4580.82,,0,,,,,,,,,,0,,0,,45565,,,,,,,,T,,,,,,,,,,,0,,,0,,,,,,,,,,0,0,0,,,,,,,,0,0,,0,0,,,,,,,0,,,0,0,0,,,WP,,B,,0,,,,,,,,0,0,
200,8902291236,10,0,1,EA,1,1,EA,0,1,1,340.0,340.0,LB,163571.5,IN3,,45563,45563,1,3592.27,,0,6593563174,10,J,1488627096,10,,13R511,"Clam-Shell Jobsite Cabinet,65 in,Tan",,,M1,ZS,,10100206412654,004S,,1,10,4,US,CA,,,1,,,,,,,,,,X,X,0,,1,,,,,,4,0,,S_ITCJOBS,45565,0.292372685185185,,1,,1511.41,0,3332.03,0,260.24,308.21,260.24,1,,,,2004,,,,,,,PPA,X,,,13R511,0,1000,1499383408,0,,CA9072000,3900.48,X,0,0,,0,,T,,,,,US,,,CA,300,10,,,,C,,,0,,,,,308.21,,,,,3900.48,,0,,,,,,,,,,0,,0,,45565,,,,,,,,T,,,,,,,,,,,0,,,0,,,,,,,,,,0,0,0,,,,,,,,0,0,,0,0,,,,,,,0,,,0,0,0,,,WP,,B,,0,,,,,,,,0,0,
200,8902291237,10,0,1,EA,1,1,EA,0,1,1,545.0,545.0,LB,55166.88,IN3,,45563,45563,1,3699.82,,0,6593338434,10,J,1487895567,10,,13R504,"Mobile Cabinet Bench,Steel,54-1/4""W,26""D",,,M1,ZS,,10182784004397,004S,,1,10,4,US,CA,,,1,,,,,,,,,,X,X,0,1.0,1,,,,,,4,0,,S_ITCJOBS,45565,0.292384259259259,,1,,2057.24,0,3361.08,0,338.74,344.5,338.74,1,,,,2004,,,,,,,PPA,X,,,13R504,0,1000,1499383410,0,,CA9101600,4044.32,X,0,0,,0,,T,,,,,US,,,CA,300,10,,,,C,,,0,,,,,344.5,,,,,4044.32,,0,,,,,,,,,,0,,0,,45565,,,,,,,,T,,,,,,,,,,,0,,,0,,,,,,,,,,0,0,0,,,,,,,,0,0,,0,0,,,,,,,0,,,0,0,0,,,WP,,B,,0,,,,,,,,0,0,
200,8902291238,10,0,1,EA,1,1,EA,0,1,1,387.0,387.0,LB,117551.88,IN3,,45563,45563,1,2252.3,,0,6593339849,10,J,1487917603,10,,13R520,"Piano-Style Jobsite Box,49 in,Tan",,,M1,ZS,,10100206412654,004S,,1,10,4,US,CA,,,1,,,,,,,,,,X,X,0,,1,,,,,,4,0,,S_ITCJOBS,45565,0.292384259259259,,1,,925.83,0,1969.28,0,283.02,201.86,283.02,1,,,,2004,,,,,,,PPA,X,,,13R520,0,1000,1499383412,0,,CA9101600,2454.16,X,0,0,,0,,T,,,,,US,,,CA,300,10,,,,C,,,0,,,,,201.86,,,,,2454.16,,0,,,,,,,,,,0,,0,,45565,,,,,,,,T,,,,,,,,,,,0,,,0,,,,,,,,,,0,0,0,,,,,,,,0,0,,0,0,,,,,,,0,,,0,0,0,,,WP,,B,,0,,,,,,,,0,0,
200,8902292387,10,0,1,EA,1,1,EA,0,1,1,417.0,417.0,LB,123125.76,IN3,,45563,45563,1,3113.14,,0,6594727319,10,J,1490405897,10,,13R512,"Piano-Style Jobsite Box,54 1/2 in,Tan",,,M1,ZS,,10100206412654,004S,,1,10,4,US,CA,,,1,,,,,,,,,,X,X,0,,1,,,,,,4,0,,S_ITCJOBS,45565,0.292303240740741,,1,,1450.3,0,2802.91,0,310.23,217.22,310.23,1,,,,2004,,,,,,,PPA,X,,,13R512,0,1000,1499382092,0,,CA9202900,3330.36,X,0,0,,0,,T,,,,,US,,,CA,300,10,,,,C,,,0,,,,,217.22,,,,,3330.36,,0,,,,,,,,,,0,,0,,45565,,,,,,,,T,,,,,,,,,,,0,,,0,,,,,,,,,,0,0,0,,,,,,,,0,0,,0,0,,,,,,,0,,,0,0,0,,,WP,,B,,0,,,,,,,,0,0,
200,8902292388,10,0,1,EA,1,1,EA,0,1,1,483.0,483.0,LB,102025.0,IN3,,45563,45563,1,2324.17,,0,6594983319,10,J,1490798692,10,,1UBJ8,"Bin Cabinet,72""x48""x24"",Gray,128YlwBns",,,K1,ZS,,10180210226644,004S,,1,10,4,US,CA,,,1,,,,,,,,,,X,X,0,,1,,,,,,4,0,,S_ITCJOBS,45565,0.292337962962963,,1,,799.18,0,1998.84,0,325.33,154.91,325.33,1,,,,2004,,,,,,,PPA,X,,,1UBJ8,0,1000,1499382094,0,,CA9213100,2479.08,X,0,0,,0,,T,,,,,US,,,CA,300,10,,,,C,,,0,,,,,154.91,,,,,2479.08,,0,,,,,,,,,,0,,0,,45565,,,,,,,,T,,,,,,,,,,,0,,,0,,,,,,,,,,0,0,0,,,,,,,,0,0,,0,0,,,,,,,0,,,0,0,0,,,WP,,D,,0,,,,,,,,0,0,
200,8902292389,10,0,1,EA,1,1,EA,0,1,1,600.0,600.0,LB,55687.5,IN3,,45563,45563,1,4459.29,,0,6595385815,10,J,1491461768,10,,14V882,"Mobile Cabinet Bench,Steel,54-1/4""W,26""D",,,M1,ZS,,10182784004397,004S,,1,10,4,US,CA,,,1,,,,,,,,,,X,X,0,1.0,1,,,,,,4,0,,S_ITCJOBS,45565,0.292349537037037,,1,,2578.63,0,4082.0,0,377.29,316.36,377.29,1,,,,2004,,,,,,,PPA,X,,,14V882,0,1000,1499382096,0,,CA9200800,4775.65,X,0,0,,0,,T,,,,,US,,,CA,300,10,,,,C,,,0,,,,,316.36,,,,,4775.650000000001,,0,,,,,,,,,,0,,0,,45565,,,,,,,,T,,,,,,,,,,,0,,,0,,,,,,,,,,0,0,0,,,,,,,,0,0,,0,0,,,,,,,0,,,0,0,0,,,WP,,B,,0,,,,,,,,0,0,
200,8902292390,10,0,1,EA,1,1,EA,0,1,1,509.0,509.0,LB,122239.638,IN3,,45563,45563,1,3619.92,,0,6593194005,10,J,1487512539,10,,13R509,"Jobsite Cabinet,54 1/2 in,Tan",,,M1,ZS,,10100206412654,004S,,1,10,4,US,CA,,,1,,,,,,,,,,X,X,0,,1,,,,,,4,0,,S_ITCJOBS,45565,0.292361111111111,,1,,1724.61,0,3281.18,0,338.74,254.29,338.74,1,,,,2004,,,,,,,PPA,X,,,13R509,0,1000,1499382098,0,,CA9234600,3874.21,X,0,0,,0,,T,,,,,US,,,CA,300,10,,,,C,,,0,,,,,254.29,,,,,3874.21,,0,,,,,,,,,,0,,0,,45565,,,,,,,,T,,,,,,,,,,,0,,,0,,,,,,,,,,0,0,0,,,,,,,,0,0,,0,0,,,,,,,0,,,0,0,0,,,WP,,B,,0,,,,,,,,0,0,
200,8902292391,10,0,1,EA,1,1,EA,0,1,1,257.0,257.0,LB,116296.5,IN3,,45563,45563,1,3402.43,,0,6595133440,10,J,1491024730,10,,13R510,"Jobsite Cabinet,60 in,Tan",,,M1,ZS,,10100206412654,004S,,1,10,4,US,CA,,,1,,,,,,,,,,X,X,0,,1,,,,,,4,0,,S_ITCJOBS,45565,0.292361111111111,,1,,1527.93,0,3151.96,0,250.47,244.28,250.47,1,,,,2004,,,,,,,PPA,X,,,13R510,0,1000,1499382100,0,,CA9234600,3646.71,X,0,0,,0,,T,,,,,US,,,CA,300,10,,,,C,,,0,,,,,244.28,,,,,3646.71,,0,,,,,,,,,,0,,0,,45565,,,,,,,,T,,,,,,,,,,,0,,,0,,,,,,,,,,0,0,0,,,,,,,,0,0,,0,0,,,,,,,0,,,0,0,0,,,WP,,B,,0,,,,,,,,0,0,
200,8902292392,10,0,1,EA,1,1,EA,0,1,1,254.0,254.0,LB,67947.0,IN3,,45563,45563,1,7582.65,,0,6593890224,10,J,1489269252,10,,14H097,"Variable Frequency Drive,40 hp,460V AC",,,B2,ZS,,10052985208262,004S,,1,10,4,US,CA,,,1,,,,,,,,,,X,X,0,,1,,,,,,4,0,,S_ITCJOBS,45565,0.292372685185185,,1,,4648.44,0,7332.18,0,250.47,696.55,250.47,1,,,,2004,,,,,,,PPA,X,,,14H097,0,1000,1499382101,0,,CA9021200,8279.2,X,0,0,,0,,T,,,,,US,,,CA,300,10,,,,C,,,0,,,,,696.55,,,,,8279.2,,0,,,,,,,,,,0,,0,,45565,,,,,,,,T,,,,,,,,,,,0,,,0,,,,,,,,,,0,0,0,,,,,,,,0,0,,0,0,,,,,,,0,,,0,0,0,,,WP,,B,,0,,,,,,,,0,0,
200,8902292393,10,0,1,EA,1,1,EA,0,1,1,956.0,956.0,LB,208593.0,IN3,,45563,45563,1,7149.03,,0,6595071953,10,J,1490953695,10,,16V894,"Electric Air Compressor, 10 hp, 2 Stage",,,G4,ZS,,10230222904973,004S,,1,10,4,US,CA,,,1,,,,,,,,,,X,X,0,,1,,,,,,4,0,,S_ITCJOBS,45565,0.292395833333333,,1,,4170.65,0,6632.58,0,516.45,663.25,516.45,1,,,,2004,,,,,,,PPA,X,,,16V894,0,1000,1499382103,0,,CA9030100,7812.28,X,0,0,,0,,T,,,,,US,,,CA,300,10,,,,C,,,0,,,,,663.25,,,,,7812.28,,0,,,,,,,,,,0,,0,,45565,,,,,,,,T,,,,,,,,,,,0,,,0,,,,,,,,,,0,0,0,,,,,,,,0,0,,0,0,,,,,,,0,,,0,0,0,,,WP,,B,,0,,,,,,,,0,0,
200,8902292394,10,0,1,EA,1,1,EA,0,1,1,257.0,257.0,LB,116296.5,IN3,,45563,45563,1,3402.43,,0,6593559447,10,J,1488595400,10,,13R510,"Jobsite Cabinet,60 in,Tan",,,M1,ZS,,10100206412654,004S,,1,10,4,US,CA,,,1,,,,,,,,,,X,X,0,,1,,,,,,4,0,,S_ITCJOBS,45565,0.292407407407407,,1,,1527.93,0,3151.96,0,250.47,275.8,250.47,1,,,,2004,,,,,,,PPA,X,,,13R510,0,1000,1499382105,0,,CA9176400,3678.23,X,0,0,,0,,T,,,,,US,,,CA,300,10,,,,C,,,0,,,,,275.8,,,,,3678.23,,0,,,,,,,,,,0,,0,,45565,,,,,,,,T,,,,,,,,,,,0,,,0,,,,,,,,,,0,0,0,,,,,,,,0,0,,0,0,,,,,,,0,,,0,0,0,,,WP,,B,,0,,,,,,,,0,0,
200,8902292395,10,0,1,EA,1,1,EA,0,1,1,600.0,600.0,LB,55687.5,IN3,,45563,45563,1,4459.29,,0,6594162416,10,J,1489655586,10,,14V882,"Mobile Cabinet Bench,Steel,54-1/4""W,26""D",,,M1,ZS,,10182784004397,004S,,1,10,4,US,CA,,,1,,,,,,,,,,X,X,0,1.0,1,,,,,,4,0,,S_ITCJOBS,45565,0.292418981481481,,1,,2578.63,0,4082.0,0,377.29,316.36,377.29,1,,,,2004,,,,,,,PPA,X,,,14V882,0,1000,1499382107,0,,CA9233600,4775.65,X,0,0,,0,,T,,,,,US,,,CA,300,10,,,,C,,,0,,,,,316.36,,,,,4775.650000000001,,0,,,,,,,,,,0,,0,,45565,,,,,,,,T,,,,,,,,,,,0,,,0,,,,,,,,,,0,0,0,,,,,,,,0,0,,0,0,,,,,,,0,,,0,0,0,,,WP,,B,,0,,,,,,,,0,0,
200,8902292397,10,0,1,EA,1,1,EA,0,1,1,413.0,413.0,LB,84146.022,IN3,,45563,45563,1,5977.02,,0,6594171209,10,J,1489624335,10,,15A518,"Commercial Gas Water Heater,100 gal",,,E1,ZS,,10221736104825,004S,,1,10,4,US,CA,,,1,,,,,,,,,,X,X,0,,1,,,,,,4,0,,S_ITCJOBS,45565,0.292453703703704,,1,,2093.27,0,5666.79,0,310.23,495.84,310.23,1,,,,2004,,,,,,,PPA,X,,,15A518,0,1000,1499382110,0,,CA9239200,6472.86,X,0,0,,0,,T,,,,,US,,,CA,300,10,,,,C,,,0,,,,,495.84,,,,,6472.860000000001,,0,,,,,,,,,,0,,0,,45565,,,,,,,,T,,,,,,,,,,,0,,,0,,,,,,,,,,0,0,0,,,,,,,,0,0,,0,0,,,,,,,0,,,0,0,0,,,WP,,B,,0,,,,,,,,0,0,
200,8902293374,10,0,1,EA,1,1,EA,0,1,1,534.0,534.0,LB,127387.5,IN3,,45563,45563,1,2778.78,,0,6593880338,10,J,1489265455,10,,16V898,"Electric Air Compressor, 5 hp, 2 Stage",,,G4,ZS,,10230222904973,004S,,1,10,4,US,CA,,,1,,,,,,,,,,X,X,0,,1,,,,,,4,0,,S_ITCJOBS,45565,0.2921875,,1,,1548.64,0,2440.04,0,338.74,207.4,338.74,1,,,,2004,,,,,,,PPA,X,,,16V898,0,1000,1499381225,0,,CA9194100,2986.18,X,0,0,,0,,T,,,,,US,,,CA,300,10,,,,C,,,0,,,,,207.4,,,,,2986.18,,0,,,,,,,,,,0,,0,,45565,,,,,,,,T,,,,,,,,,,,0,,,0,,,,,,,,,,0,0,0,,,,,,,,0,0,,0,0,,,,,,,0,,,0,0,0,,,WP,,B,,0,,,,,,,,0,0,
200,8902293375,10,0,1,EA,1,1,EA,0,1,1,1270.0,1270.0,LB,74618.775,IN3,,45563,45563,1,4418.04,,0,6593286426,10,J,1487752695,10,,13W877,"Sheet Metal Brake,Box and Pan,51"" Bend L",,,N2,ZS,,10240214131922,004S,,1,10,4,US,CA,,,1,,,,,,,,,,X,X,0,,1,,,,,,4,0,,S_ITCJOBS,45565,0.292199074074074,,1,,2131.55,0,3864.45,0,553.59,299.5,553.59,1,,,,2004,,,,,,,PPA,X,,,13W877,0,1000,1499381227,0,,CA9212300,4717.54,X,0,0,,0,,T,,,,,US,,,CA,300,10,,,,C,,,0,,,,,299.5,,,,,4717.54,,0,,,,,,,,,,0,,0,,45565,,,,,,,,T,,,,,,,,,,,0,,,0,,,,,,,,,,0,0,0,,,,,,,,0,0,,0,0,,,,,,,0,,,0,0,0,,,WP,,B,,0,,,,,,,,0,0,
200,8902293376,10,0,1,EA,1,1,EA,0,1,1,961.0,961.0,LB,75900.0,IN3,,45563,45563,1,3604.28,,0,6594424188,10,J,1490015822,10,,13W872,"Machining Shear,0.039"" Cap. Mild Steel",,,N2,ZS,,10240214108716,004S,,1,10,4,US,CA,,,1,,,,,,,,,,X,X,0,,1,,,,,,4,0,,S_ITCJOBS,45565,0.292210648148148,,1,,1596.87,0,3087.83,0,516.45,223.87,516.45,1,,,,2004,,,,,,,PPA,X,,,13W872,0,1000,1499381229,0,,CA9136000,3828.15,X,0,0,,0,,T,,,,,US,,,CA,300,10,,,,C,,,0,,,,,223.87,,,,,3828.15,,0,,,,,,,,,,0,,0,,45565,,,,,,,,T,,,,,,,,,,,0,,,0,,,,,,,,,,0,0,0,,,,,,,,0,0,,0,0,,,,,,,0,,,0,0,0,,,WP,,B,,0,,,,,,,,0,0,
200,8902293378,10,0,1,EA,1,1,EA,0,1,1,1270.0,1270.0,LB,74618.775,IN3,,45563,45563,1,4418.04,,0,6593263279,10,J,1487680152,10,,13W877,"Sheet Metal Brake,Box and Pan,51"" Bend L",,,N2,ZS,,10240214131922,004S,,1,10,4,US,CA,,,1,,,,,,,,,,X,X,0,,1,,,,,,4,0,,S_ITCJOBS,45565,0.292256944444444,,1,,2131.55,0,3864.45,0,553.59,299.5,553.59,1,,,,2004,,,,,,,PPA,X,,,13W877,0,1000,1499381233,0,,CA9260400,4717.54,X,0,0,,0,,T,,,,,US,,,CA,300,10,,,,C,,,0,,,,,299.5,,,,,4717.54,,0,,,,,,,,,,0,,0,,45565,,,,,,,,T,,,,,,,,,,,0,,,0,,,,,,,,,,0,0,0,,,,,,,,0,0,,0,0,,,,,,,0,,,0,0,0,,,WP,,B,,0,,,,,,,,0,0,
200,8902293379,10,0,1,EA,1,1,EA,0,1,1,459.0,459.0,LB,89472.0,IN3,,45563,45563,1,5210.33,,0,6593506492,10,J,1488464273,10,,11N148,"Air/Hydraulic Service Jack,10 tons,7"" H",,,L6,ZS,,10390222003863,004S,,1,10,4,US,CA,,,1,,,,,,,,,,X,X,0,,1,,,,,,4,0,,S_ITCJOBS,45565,0.292280092592593,,1,,3290.56,0,4885.0,0,325.33,378.59,325.33,1,,,,2004,,,,,,,PPA,X,,,11N148,0,1000,1499381235,0,,CA9212100,5588.92,X,0,0,,0,,T,,,,,US,,,CA,300,10,,,,C,,,0,,,,,378.59,,,,,5588.92,,0,,,,,,,,,,0,,0,,45565,,,,,,,,T,,,,,,,,,,,0,,,0,,,,,,,,,,0,0,0,,,,,,,,0,0,,0,0,,,,,,,0,,,0,0,0,,,WP,,B,,0,,,,,,,,0,0,
200,8902293380,10,0,1,EA,1,1,EA,0,1,1,1219.0,1219.0,LB,88977.9,IN3,,45563,45563,1,4567.85,,0,6595185506,10,J,1491121868,10,,13W878,"Machining Shear,0.059"" Cap. Mild Steel",,,N2,ZS,,10240214108716,004S,,1,10,4,US,CA,,,1,,,,,,,,,,X,X,0,,1,,,,,,4,0,,S_ITCJOBS,45565,0.292291666666667,,1,,1776.3,0,4014.26,0,553.59,381.36,553.59,1,,,,2004,,,,,,,PPA,X,,,13W878,0,1000,1499381237,0,,CA9001700,4949.21,X,0,0,,0,,T,,,,,US,,,CA,300,10,,,,C,,,0,,,,,381.36,,,,,4949.21,,0,,,,,,,,,,0,,0,,45565,,,,,,,,T,,,,,,,,,,,0,,,0,,,,,,,,,,0,0,0,,,,,,,,0,0,,0,0,,,,,,,0,,,0,0,0,,,WP,,B,,0,,,,,,,,0,0,
200,8902293381,10,0,1,EA,1,1,EA,0,1,1,254.0,254.0,LB,67947.0,IN3,,45563,45563,1,7582.65,,0,6594290751,10,J,1489854465,10,,14H097,"Variable Frequency Drive,40 hp,460V AC",,,B2,ZS,,10052985208262,004S,,1,10,4,US,CA,,,1,,,,,,,,,,X,X,0,,1,,,,,,4,0,,S_ITCJOBS,45565,0.292303240740741,,1,,4648.44,0,7332.18,0,250.47,696.55,250.47,1,,,,2004,,,,,,,PPA,X,,,14H097,0,1000,1499381239,0,,CA9005900,8279.2,X,0,0,,0,,T,,,,,US,,,CA,300,10,,,,C,,,0,,,,,696.55,,,,,8279.2,,0,,,,,,,,,,0,,0,,45565,,,,,,,,T,,,,,,,,,,,0,,,0,,,,,,,,,,0,0,0,,,,,,,,0,0,,0,0,,,,,,,0,,,0,0,0,,,WP,,B,,0,,,,,,,,0,0,
200,8902293382,10,0,1,EA,1,1,EA,0,1,1,590.0,590.0,LB,120264.375,IN3,,45563,45563,1,4571.75,,0,6593206032,10,J,1487574515,10,,1WD80,"Electric Air Compressor, 5 hp, 2 Stage",,,G4,ZS,,10230222904973,004S,,1,10,4,US,CA,,,1,,,,,,,,,,X,X,0,1.0,1,,,,,,4,0,,S_ITCJOBS,45565,0.292326388888889,,1,,2150.4,0,4212.91,0,358.84,400.22,358.84,1,,,,2004,,,,,,,PPA,X,,,1WD80,0,1000,1499381241,0,,CA9021200,4971.97,X,0,0,,0,,T,,,,,US,,,CA,300,10,,,,C,,,0,,,,,400.22,,,,,4971.97,,0,,,,,,,,,,0,,0,,45565,,,,,,,,T,,,,,,,,,,,0,,,0,,,,,,,,,,0,0,0,,,,,,,,0,0,,0,0,,,,,,,0,,,0,0,0,,,WP,,D,,0,,,,,,,,0,0,
200,8902293383,10,0,1,EA,1,1,EA,0,1,1,545.0,545.0,LB,55166.88,IN3,,45563,45563,1,3699.82,,0,6593598564,10,J,1488701490,10,,13R504,"Mobile Cabinet Bench,Steel,54-1/4""W,26""D",,,M1,ZS,,10182784004397,004S,,1,10,4,US,CA,,,1,,,,,,,,,,X,X,0,1.0,1,,,,,,4,0,,S_ITCJOBS,45565,0.292326388888889,,1,,2057.24,0,3361.08,0,338.74,319.29,338.74,1,,,,2004,,,,,,,PPA,X,,,13R504,0,1000,1499381243,0,,CA9021200,4019.11,X,0,0,,0,,T,,,,,US,,,CA,300,10,,,,C,,,0,,,,,319.29,,,,,4019.11,,0,,,,,,,,,,0,,0,,45565,,,,,,,,T,,,,,,,,,,,0,,,0,,,,,,,,,,0,0,0,,,,,,,,0,0,,0,0,,,,,,,0,,,0,0,0,,,WP,,B,,0,,,,,,,,0,0,
200,8902293384,10,0,1,EA,1,1,EA,0,1,1,897.0,897.0,LB,186946.2,IN3,,45563,45563,1,6771.08,,0,6594799597,10,J,1490525036,10,,16V893,"Electric Air Compressor, 10 hp, 2 Stage",,,G4,ZS,,10230222904973,004S,,1,10,4,US,CA,,,1,,,,,,,,,,X,X,0,,1,,,,,,4,0,,S_ITCJOBS,45565,0.292326388888889,,1,,4025.18,0,6291.52,0,479.56,597.69,479.56,1,,,,2004,,,,,,,PPA,X,,,16V893,0,1000,1499384845,0,,CA9021200,7368.77,X,0,0,,0,,T,,,,,US,,,CA,300,10,,,,C,,,0,,,,,597.69,,,,,7368.77,,0,,,,,,,,,,0,,0,,45565,,,,,,,,T,,,,,,,,,,,0,,,0,,,,,,,,,,0,0,0,,,,,,,,0,0,,0,0,,,,,,,0,,,0,0,0,,,WP,,B,,0,,,,,,,,0,0,
200,8902293385,10,0,1,EA,1,1,EA,0,1,1,956.0,956.0,LB,208593.0,IN3,,45563,45563,1,7149.03,,0,6593522869,10,J,1488550068,10,,16V894,"Electric Air Compressor, 10 hp, 2 Stage",,,G4,ZS,,10230222904973,004S,,1,10,4,US,CA,,,1,,,,,,,,,,X,X,0,,1,,,,,,4,0,,S_ITCJOBS,45565,0.292337962962963,,1,,4170.65,0,6632.58,0,516.45,663.25,516.45,1,,,,2004,,,,,,,PPA,X,,,16V894,0,1000,1499384846,0,,CA9174404,7812.28,X,0,0,,0,,T,,,,,US,,,CA,300,10,,,,C,,,0,,,,,663.25,,,,,7812.28,,0,,,,,,,,,,0,,0,,45565,,,,,,,,T,,,,,,,,,,,0,,,0,,,,,,,,,,0,0,0,,,,,,,,0,0,,0,0,,,,,,,0,,,0,0,0,,,WP,,B,,0,,,,,,,,0,0,
200,8902293386,10,0,1,EA,1,1,EA,0,1,1,297.1,297.1,LB,52920.0,IN3,,45563,45563,1,31894.57,,0,6594279836,10,J,1489847681,10,,1UDW5,"Master Tool Set,Technician,1258-Pieces",,,M1,ZS,,10100205113586,004S,,1,10,4,US,CA,,,1,,,,,,,,,,X,X,0,,1,,,,,,4,0,,S_ITCJOBS,45565,0.292337962962963,,1,,12861.88,0,31644.1,0,250.47,3164.41,250.47,1,,,,2004,,,,,,,PPA,X,,,1UDW5,0,1000,1499384848,0,,CA9174404,35058.98,X,0,0,,0,,T,,,,,US,,,CA,300,10,,,,C,,,0,,,,,3164.41,,,,,35058.98,,0,,,,,,,,,,0,,0,,45565,,,,,,,,T,,,,,,,,,,,0,,,0,,,,,,,,,,0,0,0,,,,,,,,0,0,,0,0,,,,,,,0,,,0,0,0,,,WP,,D,,0,,,,,,,,0,0,
200,8902293388,10,0,1,EA,1,1,EA,0,1,1,910.0,910.0,LB,189440.0,IN3,,45563,45563,1,6761.81,,0,6591739872,10,J,1484461140,10,,16V892,"Electric Air Compressor, 10 hp, 2 Stage",,,G4,ZS,,10230222904973,004S,,1,10,4,US,CA,,,1,,,,,,,,,,X,X,0,,1,,,,,,4,0,,S_ITCJOBS,45565,0.292372685185185,,1,,4025.18,0,6229.99,0,531.82,0.0,531.82,1,,,,2004,,,,,,,PPA,X,,,16V892,0,1000,1499384851,0,,AK9951800,6761.81,X,0,0,,0,,T,,,,,US,,,AK,300,10,,,,C,,,0,,,,,0.0,,,,,6761.81,,0,,,,,,,,,,0,,0,,45565,,,,,,,,T,,,,,,,,,,,0,,,0,,,,,,,,,,0,0,0,,,,,,,,0,0,,0,0,,,,,,,0,,,0,0,0,,,WP,,B,,0,,,,,,,,0,0,
200,8902293389,10,0,1,EA,1,1,EA,0,1,1,595.0,595.0,LB,131560.0,IN3,,45563,45563,1,3812.33,,0,6592162419,10,J,1485369008,10,,1WD82,"Electric Air Compressor, 5 hp, 2 Stage",,,G4,ZS,,10230222904973,004S,,1,10,4,US,CA,,,1,,,,,,,,,,X,X,0,1.0,1,,,,,,4,0,,S_ITCJOBS,45565,0.292372685185185,,1,,2150.4,0,3418.58,0,393.75,0.0,393.75,1,,,,2004,,,,,,,PPA,X,,,1WD82,0,1000,1499384852,0,,AK9951800,3812.33,X,0,0,,0,,T,,,,,US,,,AK,300,10,,,,C,,,0,,,,,0.0,,,,,3812.33,,0,,,,,,,,,,0,,0,,45565,,,,,,,,T,,,,,,,,,,,0,,,0,,,,,,,,,,0,0,0,,,,,,,,0,0,,0,0,,,,,,,0,,,0,0,0,,,WP,,D,,0,,,,,,,,0,0,
200,8902293391,10,0,1,EA,1,1,EA,0,1,1,369.0,369.0,LB,59660.0,IN3,,45563,45563,1,2058.27,,0,6591646147,10,J,1484067036,10,,16D690,"Storage Cabinet,78""x36""x18"",Gray,4Shlv",,,K1,ZS,,10180210204399,004S,,1,10,4,US,CA,,,1,,,,,,,,,,X,X,0,,1,,,,,,4,0,,S_ITCJOBS,45565,0.292476851851852,,1,,792.36,0,1785.25,0,273.02,149.51,273.02,1,,,,2004,,,,,,,PPA,X,,,16D690,0,1000,1499384854,0,,NV8905200,2207.78,X,0,0,,0,,T,,,,,US,,,NV,300,10,,,,C,,,0,,,,,149.51,,,,,2207.78,,0,,,,,,,,,,0,,0,,45565,,,,,,,,T,,,,,,,,,,,0,,,0,,,,,,,,,,0,0,0,,,,,,,,0,0,,0,0,,,,,,,0,,,0,0,0,,,WP,,B,,0,,,,,,,,0,0,
200,8902293393,10,0,1,EA,1,1,EA,0,1,1,413.0,413.0,LB,84146.022,IN3,,45563,45563,1,5977.02,,0,6594845414,10,J,1490561584,10,,15A518,"Commercial Gas Water Heater,100 gal",,,E1,ZS,,10221736104825,004S,,1,10,4,US,CA,,,1,,,,,,,,,,X,X,0,,1,,,,,,4,0,,S_ITCJOBS,45565,0.2925,,1,,2093.27,0,5666.79,0,310.23,538.34,310.23,1,,,,2004,,,,,,,PPA,X,,,15A518,0,1000,1499384857,0,,CA9003700,6515.36,X,0,0,,0,,T,,,,,US,,,CA,300,10,,,,C,,,0,,,,,538.34,,,,,6515.360000000001,,0,,,,,,,,,,0,,0,,45565,,,,,,,,T,,,,,,,,,,,0,,,0,,,,,,,,,,0,0,0,,,,,,,,0,0,,0,0,,,,,,,0,,,0,0,0,,,WP,,B,,0,,,,,,,,0,0,
200,8902293394,10,0,1,EA,1,1,EA,0,1,1,688.0,688.0,LB,233860.9,IN3,,45563,45563,1,4650.24,,0,6593557569,10,J,1488623550,10,,14V855,"Jobsite Field Office,83 in,Tan",,,M1,ZS,,10100206412654,004S,,1,10,4,US,CA,,,1,,,,,,,,,,X,X,0,,1,,,,,,4,0,,S_ITCJOBS,45565,0.292511574074074,,1,,2057.92,0,4252.83,0,397.41,372.12,397.41,1,,,,2004,,,,,,,PPA,X,,,14V855,0,1000,1499384858,0,,CA9239200,5022.36,X,0,0,,0,,T,,,,,US,,,CA,300,10,,,,C,,,0,,,,,372.12,,,,,5022.36,,0,,,,,,,,,,0,,0,,45565,,,,,,,,T,,,,,,,,,,,0,,,0,,,,,,,,,,0,0,0,,,,,,,,0,0,,0,0,,,,,,,0,,,0,0,0,,,WP,,B,,0,,,,,,,,0,0,
200,8902293395,10,0,1,EA,1,1,EA,0,1,1,408.0,408.0,LB,77539.0,IN3,,45563,45563,1,2029.53,,0,6593499886,10,J,1488474175,10,,1UBK4,"Bin Cabinet,72""x36""x24"",Gray,0Bns",,,K1,ZS,,10180210226644,004S,,1,10,4,US,CA,,,1,,,,,,,,,,X,X,0,,1,,,,,,4,0,,S_ITCJOBS,45565,0.292523148148148,,1,,641.83,0,1719.3,0,310.23,133.25,310.23,1,,,,2004,,,,,,,PPA,X,,,1UBK4,0,1000,1499384859,0,,CA9286900,2162.78,X,0,0,,0,,T,,,,,US,,,CA,300,10,,,,C,,,0,,,,,133.25,,,,,2162.78,,0,,,,,,,,,,0,,0,,45565,,,,,,,,T,,,,,,,,,,,0,,,0,,,,,,,,,,0,0,0,,,,,,,,0,0,,0,0,,,,,,,0,,,0,0,0,,,WP,,B,,0,,,,,,,,0,0,
200,8902293396,10,0,1,EA,1,1,EA,0,1,1,509.0,509.0,LB,122239.638,IN3,,45563,45563,1,3619.92,,0,6593883571,10,J,1489278954,10,,13R509,"Jobsite Cabinet,54 1/2 in,Tan",,,M1,ZS,,10100206412654,004S,,1,10,4,US,CA,,,1,,,,,,,,,,X,X,0,,1,,,,,,4,0,,S_ITCJOBS,45565,0.292534722222222,,1,,1724.61,0,3281.18,0,338.74,336.32,338.74,1,,,,2004,,,,,,,PPA,X,,,13R509,0,1000,1499384861,0,,CA9110500,3956.24,X,0,0,,0,,T,,,,,US,,,CA,300,10,,,,C,,,0,,,,,336.32,,,,,3956.2400000000002,,0,,,,,,,,,,0,,0,,45565,,,,,,,,T,,,,,,,,,,,0,,,0,,,,,,,,,,0,0,0,,,,,,,,0,0,,0,0,,,,,,,0,,,0,0,0,,,WP,,B,,0,,,,,,,,0,0,
200,8902293397,10,0,1,EA,1,1,EA,0,1,1,340.0,340.0,LB,163571.5,IN3,,45563,45563,1,3592.27,,0,6593900551,10,J,1489286935,10,,13R511,"Clam-Shell Jobsite Cabinet,65 in,Tan",,,M1,ZS,,10100206412654,004S,,1,10,4,US,CA,,,1,,,,,,,,,,X,X,0,,1,,,,,,4,0,,S_ITCJOBS,45565,0.292534722222222,,1,,1511.41,0,3332.03,0,260.24,341.53,260.24,1,,,,2004,,,,,,,PPA,X,,,13R511,0,1000,1499384863,0,,CA9110500,3933.8,X,0,0,,0,,T,,,,,US,,,CA,300,10,,,,C,,,0,,,,,341.53,,,,,3933.8,,0,,,,,,,,,,0,,0,,45565,,,,,,,,T,,,,,,,,,,,0,,,0,,,,,,,,,,0,0,0,,,,,,,,0,0,,0,0,,,,,,,0,,,0,0,0,,,WP,,B,,0,,,,,,,,0,0,
200,8902293398,10,0,1,EA,1,1,EA,0,1,1,254.0,254.0,LB,67947.0,IN3,,45563,45563,1,7582.65,,0,6595145848,10,J,1491083441,10,,14H097,"Variable Frequency Drive,40 hp,460V AC",,,B2,ZS,,10052985208262,004S,,1,10,4,US,CA,,,1,,,,,,,,,,X,X,0,,1,,,,,,4,0,,S_ITCJOBS,45565,0.29255787037037,,1,,4648.44,0,7332.18,0,250.47,568.24,250.47,1,,,,2004,,,,,,,PPA,X,,,14H097,0,1000,1499384864,0,,CA9211300,8150.89,X,0,0,,0,,T,,,,,US,,,CA,300,10,,,,C,,,0,,,,,568.24,,,,,8150.89,,0,,,,,,,,,,0,,0,,45565,,,,,,,,T,,,,,,,,,,,0,,,0,,,,,,,,,,0,0,0,,,,,,,,0,0,,0,0,,,,,,,0,,,0,0,0,,,WP,,B,,0,,,,,,,,0,0,
200,8902293399,10,0,1,EA,1,1,EA,0,1,1,417.0,417.0,LB,123125.76,IN3,,45563,45563,1,3113.14,,0,6595365351,10,J,1491475258,10,,13R512,"Piano-Style Jobsite Box,54 1/2 in,Tan",,,M1,ZS,,10100206412654,004S,,1,10,4,US,CA,,,1,,,,,,,,,,X,X,0,,1,,,,,,4,0,,S_ITCJOBS,45565,0.292569444444444,,1,,1450.3,0,2802.91,0,310.23,245.25,310.23,1,,,,2004,,,,,,,PPA,X,,,13R512,0,1000,1499384866,0,,CA9068000,3358.39,X,0,0,,0,,T,,,,,US,,,CA,300,10,,,,C,,,0,,,,,245.25,,,,,3358.39,,0,,,,,,,,,,0,,0,,45565,,,,,,,,T,,,,,,,,,,,0,,,0,,,,,,,,,,0,0,0,,,,,,,,0,0,,0,0,,,,,,,0,,,0,0,0,,,WP,,B,,0,,,,,,,,0,0,
200,8902293402,10,0,1,EA,1,1,EA,0,1,1,226.0,226.0,LB,75258.0,IN3,,45563,45563,1,1515.48,,0,6592145985,10,J,1485418501,10,,1WDN3,"Gravity Vent,24 In,Base 28 1/2 In Sq",,,C1,ZS,,10122432503825,004S,,1,10,4,US,CA,,,1,,,,,,,,,,X,X,0,,1,,,,,,4,0,,S_ITCJOBS,45565,0.292662037037037,,1,,431.4,0,1234.36,0,281.12,80.0,281.12,1,,,,2004,,,,,,,PPA,X,,,1WDN3,0,1000,1499384871,0,,AK9990100,1595.48,X,0,0,,0,,T,,,,,US,,,AK,300,10,,,,C,,,0,,,,,80.0,,,,,1595.48,,0,,,,,,,,,,0,,0,,45565,,,,,,,,T,,,,,,,,,,,0,,,0,,,,,,,,,,0,0,0,,,,,,,,0,0,,0,0,,,,,,,0,,,0,0,0,,,WP,,D,,0,,,,,,,,0,0,
200,8902294145,10,0,1,EA,1,1,EA,0,1,1,1241.0,1241.0,LB,190624.0,IN3,,45563,45563,1,9033.58,,0,6594644485,10,J,1490273917,10,,16V896,"Electric Air Compressor, 15 hp, 2 Stage",,,G4,ZS,,10230222904973,004S,,1,10,4,US,CA,,,1,,,,,,,,,,X,X,0,,1,,,,,,4,0,,S_ITCJOBS,45565,0.292037037037037,,1,,4887.57,0,8479.99,0,553.59,805.6,553.59,1,,,,2004,,,,,,,PPA,X,,,16V896,0,1000,1499359806,0,,CA9132600,9839.18,X,0,0,,0,,T,,,,,US,,,CA,300,10,,,,C,,,0,,,,,805.6,,,,,9839.18,,0,,,,,,,,,,0,,0,,45565,,,,,,,,T,,,,,,,,,,,0,,,0,,,,,,,,,,0,0,0,,,,,,,,0,0,,0,0,,,,,,,0,,,0,0,0,,,WP,,B,,0,,,,,,,,0,0,
200,8902294146,10,0,1,EA,1,1,EA,0,1,1,600.0,600.0,LB,55687.5,IN3,,45563,45563,1,4459.29,,0,6593204985,10,J,1487567223,10,,14V882,"Mobile Cabinet Bench,Steel,54-1/4""W,26""D",,,M1,ZS,,10182784004397,004S,,1,10,4,US,CA,,,1,,,,,,,,,,X,X,0,1.0,1,,,,,,4,0,,S_ITCJOBS,45565,0.292048611111111,,1,,2578.63,0,4082.0,0,377.29,418.42,377.29,1,,,,2004,,,,,,,PPA,X,,,14V882,0,1000,1499359808,0,,CA9120400,4877.71,X,0,0,,0,,T,,,,,US,,,CA,300,10,,,,C,,,0,,,,,418.42,,,,,4877.71,,0,,,,,,,,,,0,,0,,45565,,,,,,,,T,,,,,,,,,,,0,,,0,,,,,,,,,,0,0,0,,,,,,,,0,0,,0,0,,,,,,,0,,,0,0,0,,,WP,,B,,0,,,,,,,,0,0,
200,8902294147,10,0,1,EA,1,1,EA,0,1,1,1236.0,1236.0,LB,187645.5,IN3,,45563,45563,1,9033.58,,0,6595028083,10,J,1490902395,10,,16V897,"Electric Air Compressor, 15 hp, 2 Stage",,,G4,ZS,,10230222904973,004S,,1,10,4,US,CA,,,1,,,,,,,,,,X,X,0,,1,,,,,,4,0,,S_ITCJOBS,45565,0.292071759259259,,1,,4864.07,0,8479.99,0,553.59,742.0,553.59,1,,,,2004,,,,,,,PPA,X,,,16V897,0,1000,1499359810,0,,CA9176400,9775.58,X,0,0,,0,,T,,,,,US,,,CA,300,10,,,,C,,,0,,,,,742.0,,,,,9775.58,,0,,,,,,,,,,0,,0,,45565,,,,,,,,T,,,,,,,,,,,0,,,0,,,,,,,,,,0,0,0,,,,,,,,0,0,,0,0,,,,,,,0,,,0,0,0,,,WP,,B,,0,,,,,,,,0,0,
200,8902294149,10,0,1,EA,1,1,EA,0,1,1,297.1,297.1,LB,52920.0,IN3,,45563,45563,1,31894.57,,0,6595028085,10,J,1490902398,10,,1UDW5,"Master Tool Set,Technician,1258-Pieces",,,M1,ZS,,10100205113586,004S,,1,10,4,US,CA,,,1,,,,,,,,,,X,X,0,,1,,,,,,4,0,,S_ITCJOBS,45565,0.292106481481482,,1,,12861.88,0,31644.1,0,250.47,2452.42,250.47,1,,,,2004,,,,,,,PPA,X,,,1UDW5,0,1000,1499359814,0,,CA9280700,34346.99,X,0,0,,0,,T,,,,,US,,,CA,300,10,,,,C,,,0,,,,,2452.42,,,,,34346.99,,0,,,,,,,,,,0,,0,,45565,,,,,,,,T,,,,,,,,,,,0,,,0,,,,,,,,,,0,0,0,,,,,,,,0,0,,0,0,,,,,,,0,,,0,0,0,,,WP,,D,,0,,,,,,,,0,0,
200,8902294150,10,0,1,EA,1,1,EA,0,1,1,701.0,701.0,LB,123947.496,IN3,,45563,45563,1,2764.87,,0,6594280460,10,J,1489807613,10,,16X169,"Gun Safe,14.4 cu. ft.,Electronic",,,J2,ZS,,10300217428306,004S,,1,10,4,US,CA,,,1,,,,,,,,,,X,X,0,,1,,,,,,4,0,,S_ITCJOBS,45565,0.292118055555556,,1,,1611.04,0,2347.34,0,417.53,223.0,417.53,1,,,,2004,,,,,,,PPA,X,,,16X169,0,1000,1499359815,0,,CA9133101,2987.87,X,0,0,,0,,T,,,,,US,,,CA,300,10,,,,C,,,0,,,,,223.0,,,,,2987.87,,0,,,,,,,,,,0,,0,,45565,,,,,,,,T,,,,,,,,,,,0,,,0,,,,,,,,,,0,0,0,,,,,,,,0,0,,0,0,,,,,,,0,,,0,0,0,,,WP,,B,,0,,,,,,,,0,0,
200,8902294151,10,0,1,EA,1,1,EA,0,1,1,688.0,688.0,LB,233860.9,IN3,,45563,45563,1,4650.24,,0,6593890773,10,J,1489298427,10,,14V855,"Jobsite Field Office,83 in,Tan",,,M1,ZS,,10100206412654,004S,,1,10,4,US,CA,,,1,,,,,,,,,,X,X,0,,1,,,,,,4,0,,S_ITCJOBS,45565,0.29212962962963,,1,,2057.92,0,4252.83,0,397.41,404.02,397.41,1,,,,2004,,,,,,,PPA,X,,,14V855,0,1000,1499359817,0,,CA9002400,5054.26,X,0,0,,0,,T,,,,,US,,,CA,300,10,,,,C,,,0,,,,,404.02,,,,,5054.26,,0,,,,,,,,,,0,,0,,45565,,,,,,,,T,,,,,,,,,,,0,,,0,,,,,,,,,,0,0,0,,,,,,,,0,0,,0,0,,,,,,,0,,,0,0,0,,,WP,,B,,0,,,,,,,,0,0,
200,8902294154,10,0,1,EA,1,1,EA,0,1,1,897.0,897.0,LB,186946.2,IN3,,45563,45563,1,6771.08,,0,6593541137,10,J,1488481598,10,,16V893,"Electric Air Compressor, 10 hp, 2 Stage",,,G4,ZS,,10230222904973,004S,,1,10,4,US,CA,,,1,,,,,,,,,,X,X,0,,1,,,,,,4,0,,S_ITCJOBS,45565,0.292222222222222,,1,,4025.18,0,6291.52,0,479.56,487.59,479.56,1,,,,2004,,,,,,,PPA,X,,,16V893,0,1000,1499359822,0,,CA9266000,7258.67,X,0,0,,0,,T,,,,,US,,,CA,300,10,,,,C,,,0,,,,,487.59,,,,,7258.67,,0,,,,,,,,,,0,,0,,45565,,,,,,,,T,,,,,,,,,,,0,,,0,,,,,,,,,,0,0,0,,,,,,,,0,0,,0,0,,,,,,,0,,,0,0,0,,,WP,,B,,0,,,,,,,,0,0,
200,8902294155,10,0,1,EA,1,1,EA,0,1,1,254.0,254.0,LB,67947.0,IN3,,45563,45563,1,7582.65,,0,6593359049,10,J,1487995283,10,,14H097,"Variable Frequency Drive,40 hp,460V AC",,,B2,ZS,,10052985208262,004S,,1,10,4,US,CA,,,1,,,,,,,,,,X,X,0,,1,,,,,,4,0,,S_ITCJOBS,45565,0.292233796296296,,1,,4648.44,0,7332.18,0,250.47,696.55,250.47,1,,,,2004,,,,,,,PPA,X,,,14H097,0,1000,1499359824,0,,CA9000300,8279.2,X,0,0,,0,,T,,,,,US,,,CA,300,10,,,,C,,,0,,,,,696.55,,,,,8279.2,,0,,,,,,,,,,0,,0,,45565,,,,,,,,T,,,,,,,,,,,0,,,0,,,,,,,,,,0,0,0,,,,,,,,0,0,,0,0,,,,,,,0,,,0,0,0,,,WP,,B,,0,,,,,,,,0,0,
200,8902294156,10,0,1,EA,1,1,EA,0,1,1,855.0,855.0,LB,218903.685,IN3,,45563,45563,1,6426.22,,0,6592619040,10,J,1486302804,10,,1WD88,"Electric Air Compressor, 10 hp, 2 Stage",,,G4,ZS,,10230222904973,004S,,1,10,4,US,CA,,,1,,,,,,,,,,X,X,0,1.0,1,,,,,,4,0,,S_ITCJOBS,45565,0.29224537037037,,1,,3789.63,0,5956.66,0,469.56,498.87,469.56,1,,,,2004,,,,,,,PPA,X,,,1WD88,0,1000,1499359826,0,,NV8912800,6925.09,X,0,0,,0,,T,,,,,US,,,NV,300,10,,,,C,,,0,,,,,498.87,,,,,6925.09,,0,,,,,,,,,,0,,0,,45565,,,,,,,,T,,,,,,,,,,,0,,,0,,,,,,,,,,0,0,0,,,,,,,,0,0,,0,0,,,,,,,0,,,0,0,0,,,WP,,D,,0,,,,,,,,0,0,
200,8902294157,10,0,1,EA,1,1,EA,0,1,1,600.0,600.0,LB,55687.5,IN3,,45563,45563,1,4459.29,,0,6593900557,10,J,1489286940,10,,14V882,"Mobile Cabinet Bench,Steel,54-1/4""W,26""D",,,M1,ZS,,10182784004397,004S,,1,10,4,US,CA,,,1,,,,,,,,,,X,X,0,1.0,1,,,,,,4,0,,S_ITCJOBS,45565,0.292268518518519,,1,,2578.63,0,4082.0,0,377.29,316.36,377.29,1,,,,2004,,,,,,,PPA,X,,,14V882,0,1000,1499359828,0,,CA9261200,4775.65,X,0,0,,0,,T,,,,,US,,,CA,300,10,,,,C,,,0,,,,,316.36,,,,,4775.650000000001,,0,,,,,,,,,,0,,0,,45565,,,,,,,,T,,,,,,,,,,,0,,,0,,,,,,,,,,0,0,0,,,,,,,,0,0,,0,0,,,,,,,0,,,0,0,0,,,WP,,B,,0,,,,,,,,0,0,
200,8902294158,10,0,1,EA,1,1,EA,0,1,1,404.0,404.0,LB,78559.25,IN3,,45563,45563,1,2127.23,,0,6592621053,10,J,1486310974,10,,1UBK5,"Bin Cabinet,72""x36""x24"",Gray,96YlwBns",,,K1,ZS,,10180210226644,004S,,1,10,4,US,CA,,,1,,,,,,,,,,X,X,0,,1,,,,,,4,0,,S_ITCJOBS,45565,0.292349537037037,,1,,738.19,0,1781.14,0,346.09,0.0,346.09,1,,,,2004,,,,,,,PPA,X,,,1UBK5,0,1000,1499359830,0,,AK9950400,2127.23,X,0,0,,0,,T,,,,,US,,,AK,300,10,,,,C,,,0,,,,,0.0,,,,,2127.23,,0,,,,,,,,,,0,,0,,45565,,,,,,,,T,,,,,,,,,,,0,,,0,,,,,,,,,,0,0,0,,,,,,,,0,0,,0,0,,,,,,,0,,,0,0,0,,,WP,,C,,0,,,,,,,,0,0,
200,8902295398,10,0,1,EA,1,1,EA,0,1,1,688.0,688.0,LB,233860.9,IN3,,45563,45563,1,4650.24,,0,6593358526,10,J,1487943052,10,,14V855,"Jobsite Field Office,83 in,Tan",,,M1,ZS,,10100206412654,004S,,1,10,4,US,CA,,,1,,,,,,,,,,X,X,0,,1,,,,,,4,0,,S_ITCJOBS,45565,0.292164351851852,,1,,2057.92,0,4252.83,0,397.41,329.59,397.41,1,,,,2004,,,,,,,PPA,X,,,14V855,0,1000,1499383577,0,,CA9215400,4979.83,X,0,0,,0,,T,,,,,US,,,CA,300,10,,,,C,,,0,,,,,329.59,,,,,4979.83,,0,,,,,,,,,,0,,0,,45565,,,,,,,,T,,,,,,,,,,,0,,,0,,,,,,,,,,0,0,0,,,,,,,,0,0,,0,0,,,,,,,0,,,0,0,0,,,WP,,B,,0,,,,,,,,0,0,
200,8902295399,10,0,1,EA,1,1,EA,0,1,1,1169.0,1169.0,LB,59862.96,IN3,,45563,45563,1,4256.79,,0,6593390431,10,J,1488010285,10,,12G597,"Combination Machine,52"" Bend,Hand Lever",,,N2,ZS,,10240214131928,004S,,1,10,4,US,CA,,,1,,,,,,,,,,X,X,0,,1,,,,,,4,0,,S_ITCJOBS,45565,0.292175925925926,,1,,2117.2,0,3703.2,0,553.59,287.0,553.59,1,,,,2004,,,,,,,PPA,X,,,12G597,0,1000,1499383579,0,,CA9280600,4543.79,X,0,0,,0,,T,,,,,US,,,CA,300,10,,,,C,,,0,,,,,287.0,,,,,4543.79,,0,,,,,,,,,,0,,0,,45565,,,,,,,,T,,,,,,,,,,,0,,,0,,,,,,,,,,0,0,0,,,,,,,,0,0,,0,0,,,,,,,0,,,0,0,0,,,WP,,B,,0,,,,,,,,0,0,
200,8902295400,10,0,1,EA,1,1,EA,0,1,1,261.0,261.0,LB,52141.69,IN3,,45563,45563,1,1614.94,,0,6591697144,10,J,1484123033,10,,1WBW6,"Weatherhood,60In Bl,Galv Steel,66 1/4In",,,C1,ZS,,10120207603806,004S,,1,10,4,US,CA,,,1,,,,,,,,,,X,X,0,,1,,,,,,4,0,,S_ITCJOBS,45565,0.2921875,,1,,534.25,0,1374.47,0,240.47,120.27,240.47,1,,,,2004,,,,,,,PPA,X,,,1WBW6,0,1000,1499383581,0,,CA9343300,1735.21,X,0,0,,0,,T,,,,,US,,,CA,300,10,,,,C,,,0,,,,,120.27,,,,,1735.21,,0,,,,,,,,,,0,,0,,45565,,,,,,,,T,,,,,,,,,,,0,,,0,,,,,,,,,,0,0,0,,,,,,,,0,0,,0,0,,,,,,,0,,,0,0,0,,,WP,,D,,0,,,,,,,,0,0,
200,8902295401,10,0,1,EA,1,1,EA,0,1,1,590.0,590.0,LB,120264.375,IN3,,45563,45563,1,4561.75,,0,6592357203,10,J,1485840153,10,,1WD80,"Electric Air Compressor, 5 hp, 2 Stage",,,G4,ZS,,10230222904973,004S,,1,10,4,US,CA,,,1,,,,,,,,,,X,X,0,1.0,1,,,,,,4,0,,S_ITCJOBS,45565,0.292199074074074,,1,,2150.4,0,4212.91,0,348.84,352.83,348.84,1,,,,2004,,,,,,,PPA,X,,,1WD80,0,1000,1499383583,0,,NV8913400,4914.58,X,0,0,,0,,T,,,,,US,,,NV,300,10,,,,C,,,0,,,,,352.83,,,,,4914.58,,0,,,,,,,,,,0,,0,,45565,,,,,,,,T,,,,,,,,,,,0,,,0,,,,,,,,,,0,0,0,,,,,,,,0,0,,0,0,,,,,,,0,,,0,0,0,,,WP,,D,,0,,,,,,,,0,0,
200,8902295402,10,0,1,EA,1,1,EA,0,1,1,227.0,227.0,LB,94790.5,IN3,,45563,45563,1,2874.94,,0,6593512167,10,J,1488388979,10,,13R514,"Jobsite Cabinet,51 in,Tan",,,M1,ZS,,10100206412654,004S,,1,10,4,US,CA,,,1,,,,,,,,,,X,X,0,,1,,,,,,4,0,,S_ITCJOBS,45565,0.292222222222222,,1,,1257.04,0,2630.98,0,243.96,203.9,243.96,1,,,,2004,,,,,,,PPA,X,,,13R514,0,1000,1499383585,0,,CA9212000,3078.84,X,0,0,,0,,T,,,,,US,,,CA,300,10,,,,C,,,0,,,,,203.9,,,,,3078.84,,0,,,,,,,,,,0,,0,,45565,,,,,,,,T,,,,,,,,,,,0,,,0,,,,,,,,,,0,0,0,,,,,,,,0,0,,0,0,,,,,,,0,,,0,0,0,,,WP,,B,,0,,,,,,,,0,0,
200,8902295403,10,0,1,EA,1,1,EA,0,1,1,509.0,509.0,LB,122239.638,IN3,,45563,45563,1,3619.92,,0,6593732508,10,J,1489037816,10,,13R509,"Jobsite Cabinet,54 1/2 in,Tan",,,M1,ZS,,10100206412654,004S,,1,10,4,US,CA,,,1,,,,,,,,,,X,X,0,,1,,,,,,4,0,,S_ITCJOBS,45565,0.292233796296296,,1,,1724.61,0,3281.18,0,338.74,254.29,338.74,1,,,,2004,,,,,,,PPA,X,,,13R509,0,1000,1499383587,0,,CA9206900,3874.21,X,0,0,,0,,T,,,,,US,,,CA,300,10,,,,C,,,0,,,,,254.29,,,,,3874.21,,0,,,,,,,,,,0,,0,,45565,,,,,,,,T,,,,,,,,,,,0,,,0,,,,,,,,,,0,0,0,,,,,,,,0,0,,0,0,,,,,,,0,,,0,0,0,,,WP,,B,,0,,,,,,,,0,0,
200,8902295404,10,0,1,EA,1,1,EA,0,1,1,459.0,459.0,LB,89472.0,IN3,,45563,45563,1,5210.33,,0,6593487343,10,J,1487897985,10,,11N148,"Air/Hydraulic Service Jack,10 tons,7"" H",,,L6,ZS,,10390222003863,004S,,1,10,4,US,CA,,,1,,,,,,,,,,X,X,0,,1,,,,,,4,0,,S_ITCJOBS,45565,0.292256944444444,,1,,3290.56,0,4885.0,0,325.33,378.59,325.33,1,,,,2004,,,,,,,PPA,X,,,11N148,0,1000,1499383589,0,,CA9232000,5588.92,X,0,0,,0,,T,,,,,US,,,CA,300,10,,,,C,,,0,,,,,378.59,,,,,5588.92,,0,,,,,,,,,,0,,0,,45565,,,,,,,,T,,,,,,,,,,,0,,,0,,,,,,,,,,0,0,0,,,,,,,,0,0,,0,0,,,,,,,0,,,0,0,0,,,WP,,B,,0,,,,,,,,0,0,
200,8902295405,10,0,1,EA,1,1,EA,0,1,1,1219.0,1219.0,LB,88977.9,IN3,,45563,45563,1,4567.85,,0,6593882664,10,J,1489297237,10,,13W878,"Machining Shear,0.059"" Cap. Mild Steel",,,N2,ZS,,10240214108716,004S,,1,10,4,US,CA,,,1,,,,,,,,,,X,X,0,,1,,,,,,4,0,,S_ITCJOBS,45565,0.292268518518519,,1,,1776.3,0,4014.26,0,553.59,411.47,553.59,1,,,,2004,,,,,,,PPA,X,,,13W878,0,1000,1499383591,0,,CA9028000,4979.32,X,0,0,,0,,T,,,,,US,,,CA,300,10,,,,C,,,0,,,,,411.47,,,,,4979.32,,0,,,,,,,,,,0,,0,,45565,,,,,,,,T,,,,,,,,,,,0,,,0,,,,,,,,,,0,0,0,,,,,,,,0,0,,0,0,,,,,,,0,,,0,0,0,,,WP,,B,,0,,,,,,,,0,0,
200,8902295406,10,0,1,EA,1,1,EA,0,1,1,1270.0,1270.0,LB,74618.775,IN3,,45563,45563,1,4418.04,,0,6595137352,10,J,1491026403,10,,13W877,"Sheet Metal Brake,Box and Pan,51"" Bend L",,,N2,ZS,,10240214131922,004S,,1,10,4,US,CA,,,1,,,,,,,,,,X,X,0,,1,,,,,,4,0,,S_ITCJOBS,45565,0.292280092592593,,1,,2131.55,0,3864.45,0,553.59,367.13,553.59,1,,,,2004,,,,,,,PPA,X,,,13W877,0,1000,1499383593,0,,CA9136700,4785.17,X,0,0,,0,,T,,,,,US,,,CA,300,10,,,,C,,,0,,,,,367.13,,,,,4785.17,,0,,,,,,,,,,0,,0,,45565,,,,,,,,T,,,,,,,,,,,0,,,0,,,,,,,,,,0,0,0,,,,,,,,0,0,,0,0,,,,,,,0,,,0,0,0,,,WP,,B,,0,,,,,,,,0,0,
200,8902295407,10,0,1,EA,1,1,EA,0,1,1,855.0,855.0,LB,218903.685,IN3,,45563,45563,1,6468.76,,0,6591983647,10,J,1485031381,10,,1WD88,"Electric Air Compressor, 10 hp, 2 Stage",,,G4,ZS,,10230222904973,004S,,1,10,4,US,CA,,,1,,,,,,,,,,X,X,0,1.0,1,,,,,,4,0,,S_ITCJOBS,45565,0.292372685185185,,1,,3789.63,0,5956.66,0,512.1,0.0,512.1,1,,,,2004,,,,,,,PPA,X,,,1WD88,0,1000,1499383595,0,,AK9950700,6468.76,X,0,0,,0,,T,,,,,US,,,AK,300,10,,,,C,,,0,,,,,0.0,,,,,6468.76,,0,,,,,,,,,,0,,0,,45565,,,,,,,,T,,,,,,,,,,,0,,,0,,,,,,,,,,0,0,0,,,,,,,,0,0,,0,0,,,,,,,0,,,0,0,0,,,WP,,D,,0,,,,,,,,0,0,
200,8902296085,10,0,1,EA,1,1,EA,0,1,1,593.0,593.0,LB,127387.5,IN3,,45563,45563,1,4268.83,,0,6591383456,10,J,1483283690,10,,16V891,"Electric Air Compressor, 7.5 hp, 2 Stage",,,G4,ZS,,10230222904973,004S,,1,10,4,US,CA,,,1,,,,,,,,,,X,X,0,,1,,,,,,4,0,,S_ITCJOBS,45565,0.29181712962963,,1,,2692.42,0,3919.99,0,348.84,343.0,348.84,1,,,,2004,,,,,,,PPA,X,,,16V891,0,1000,1499357542,0,,CA9582400,4611.83,X,0,0,,0,,T,,,,,US,,,CA,300,10,,,,C,,,0,,,,,343.0,,,,,4611.83,,0,,,,,,,,,,0,,0,,45565,,,,,,,,T,,,,,,,,,,,0,,,0,,,,,,,,,,0,0,0,,,,,,,,0,0,,0,0,,,,,,,0,,,0,0,0,,,WP,,B,,0,,,,,,,,0,0,
200,8902296086,10,0,1,EA,1,1,EA,0,1,1,369.0,369.0,LB,59660.0,IN3,,45563,45563,1,2058.27,,0,6591395219,10,J,1483268309,10,,16D690,"Storage Cabinet,78""x36""x18"",Gray,4Shlv",,,K1,ZS,,10180210204399,004S,,1,10,4,US,CA,,,1,,,,,,,,,,X,X,0,,1,,,,,,4,0,,S_ITCJOBS,45565,0.29181712962963,,1,,792.36,0,1785.25,0,273.02,156.22,273.02,1,,,,2004,,,,,,,PPA,X,,,16D690,0,1000,1499357543,0,,CA9582400,2214.49,X,0,0,,0,,T,,,,,US,,,CA,300,10,,,,C,,,0,,,,,156.22,,,,,2214.4900000000002,,0,,,,,,,,,,0,,0,,45565,,,,,,,,T,,,,,,,,,,,0,,,0,,,,,,,,,,0,0,0,,,,,,,,0,0,,0,0,,,,,,,0,,,0,0,0,,,WP,,B,,0,,,,,,,,0,0,
200,8902296087,10,0,1,EA,1,1,EA,0,1,1,460.0,460.0,LB,124734.93,IN3,,45563,45563,1,2295.32,,0,6591829570,10,J,1484648364,10,,16V888,"Electric Air Compressor, 5 hp, 2 Stage",,,G4,ZS,,10230222904973,004S,,1,10,4,US,CA,,,1,,,,,,,,,,X,X,0,,1,,,,,,4,0,,S_ITCJOBS,45565,0.29181712962963,,1,,1382.92,0,1979.99,0,315.33,173.25,315.33,1,,,,2004,,,,,,,PPA,X,,,16V888,0,1000,1499384245,0,,CA9582400,2468.57,X,0,0,,0,,T,,,,,US,,,CA,300,10,,,,C,,,0,,,,,173.25,,,,,2468.57,,0,,,,,,,,,,0,,0,,45565,,,,,,,,T,,,,,,,,,,,0,,,0,,,,,,,,,,0,0,0,,,,,,,,0,0,,0,0,,,,,,,0,,,0,0,0,,,WP,,B,,0,,,,,,,,0,0,
200,8902296088,10,0,1,EA,1,1,EA,0,1,1,595.0,595.0,LB,131560.0,IN3,,45563,45563,1,3310.63,,0,6592232124,10,J,1485463012,10,,1WD82,"Electric Air Compressor, 5 hp, 2 Stage",,,G4,ZS,,10230222904973,004S,,1,10,4,US,CA,,,1,,,,,,,,,,X,X,0,1.0,1,,,,,,4,0,,S_ITCJOBS,45565,0.291886574074074,,1,,2150.4,0,3310.63,0,0.0,0.0,348.84,1,,,,2004,,,,,,,PPD,X,,,1WD82,0,1000,1499384246,0,,MN5540300,3310.63,X,0,0,,0,,E,,,,,US,,,MN,300,10,,,,C,,,0,,,,,0.0,,,,,3310.63,,0,,,,,,,,,,0,,0,,45565,,,,,,,,E,,,,,,,,,,,0,,,0,,,,,,,,,,0,0,0,,,,,,,,0,0,,0,0,,,,,,,0,,,0,0,0,,,PNX08,,D,,0,,,,,,,,0,0,
200,8902296090,10,0,1,EA,1,1,EA,0,1,1,590.0,590.0,LB,120264.375,IN3,,45563,45563,1,4571.75,,0,6593347106,10,J,1487978515,10,,1WD80,"Electric Air Compressor, 5 hp, 2 Stage",,,G4,ZS,,10230222904973,004S,,1,10,4,US,CA,,,1,,,,,,,,,,X,X,0,1.0,1,,,,,,4,0,,S_ITCJOBS,45565,0.2921875,,1,,2150.4,0,4212.91,0,358.84,389.68,358.84,1,,,,2004,,,,,,,PPP,X,,,1WD80,0,1000,1499384249,0,,CA9270400,4961.43,X,0,0,,0,,T,,,,,US,,,CA,300,10,,,,C,,,0,,,,,389.68,,,,,4961.43,,0,,,,,,,,,,0,,0,,45565,,,,,,,,T,,,,,,,,,,,0,,,0,,,,,,,,,,0,0,0,,,,,,,,0,0,,0,0,,,,,,,0,,,0,0,0,,,WP,,D,,0,,,,,,,,0,0,
200,8902296091,10,0,1,EA,1,1,EA,0,1,1,257.0,257.0,LB,116296.5,IN3,,45563,45563,1,3402.43,,0,6593880712,10,J,1489296217,10,,13R510,"Jobsite Cabinet,60 in,Tan",,,M1,ZS,,10100206412654,004S,,1,10,4,US,CA,,,1,,,,,,,,,,X,X,0,,1,,,,,,4,0,,S_ITCJOBS,45565,0.292210648148148,,1,,1527.93,0,3151.96,0,250.47,275.8,250.47,1,,,,2004,,,,,,,PPA,X,,,13R510,0,1000,1499384251,0,,CA9191000,3678.23,X,0,0,,0,,T,,,,,US,,,CA,300,10,,,,C,,,0,,,,,275.8,,,,,3678.23,,0,,,,,,,,,,0,,0,,45565,,,,,,,,T,,,,,,,,,,,0,,,0,,,,,,,,,,0,0,0,,,,,,,,0,0,,0,0,,,,,,,0,,,0,0,0,,,WP,,B,,0,,,,,,,,0,0,
200,8902296092,10,0,1,EA,1,1,EA,0,1,1,688.0,688.0,LB,233860.9,IN3,,45563,45563,1,4650.24,,0,6593236023,10,J,1487602483,10,,14V855,"Jobsite Field Office,83 in,Tan",,,M1,ZS,,10100206412654,004S,,1,10,4,US,CA,,,1,,,,,,,,,,X,X,0,,1,,,,,,4,0,,S_ITCJOBS,45565,0.292222222222222,,1,,2057.92,0,4252.83,0,397.41,329.59,397.41,1,,,,2004,,,,,,,PPA,X,,,14V855,0,1000,1499384253,0,,CA9282101,4979.83,X,0,0,,0,,T,,,,,US,,,CA,300,10,,,,C,,,0,,,,,329.59,,,,,4979.83,,0,,,,,,,,,,0,,0,,45565,,,,,,,,T,,,,,,,,,,,0,,,0,,,,,,,,,,0,0,0,,,,,,,,0,0,,0,0,,,,,,,0,,,0,0,0,,,WP,,B,,0,,,,,,,,0,0,
200,8902296093,10,0,1,EA,1,1,EA,0,1,1,595.0,595.0,LB,131560.0,IN3,,45563,45563,1,3777.42,,0,6593351895,10,J,1487919725,10,,1WD82,"Electric Air Compressor, 5 hp, 2 Stage",,,G4,ZS,,10230222904973,004S,,1,10,4,US,CA,,,1,,,,,,,,,,X,X,0,1.0,1,,,,,,4,0,,S_ITCJOBS,45565,0.292233796296296,,1,,2150.4,0,3418.58,0,358.84,299.12,358.84,1,,,,2004,,,,,,,PPA,X,,,1WD82,0,1000,1499384255,0,,CA9191300,4076.54,X,0,0,,0,,T,,,,,US,,,CA,300,10,,,,C,,,0,,,,,299.12,,,,,4076.54,,0,,,,,,,,,,0,,0,,45565,,,,,,,,T,,,,,,,,,,,0,,,0,,,,,,,,,,0,0,0,,,,,,,,0,0,,0,0,,,,,,,0,,,0,0,0,,,WP,,D,,0,,,,,,,,0,0,
200,8902296094,10,0,1,EA,1,1,EA,0,1,1,517.0,517.0,LB,138138.0,IN3,,45563,45563,1,2638.28,,0,6592908473,10,J,1486982800,10,,1TGL7,"Mobile Cabinet Bench,Steel,66"" W,33"" D",,,K3,ZS,,10182784004397,004S,,1,10,4,US,CA,,,1,,,,,,,,,,X,X,0,,1,,,,,,4,0,,S_ITCJOBS,45565,0.29224537037037,,1,,996.62,0,2299.54,0,338.74,174.77,338.74,1,,,,2004,,,,,,,PPA,X,,,1TGL7,0,1000,1499384257,0,,NV8970100,2813.05,X,0,0,,0,,T,,,,,US,,,NV,300,10,,,,C,,,0,,,,,174.77,,,,,2813.05,,0,,,,,,,,,,0,,0,,45565,,,,,,,,T,,,,,,,,,,,0,,,0,,,,,,,,,,0,0,0,,,,,,,,0,0,,0,0,,,,,,,0,,,0,0,0,,,WP,,B,,0,,,,,,,,0,0,
200,8902296095,10,0,1,EA,1,1,EA,0,1,1,261.0,261.0,LB,52141.69,IN3,,45563,45563,1,1624.94,,0,6594274492,10,J,1489805768,10,,1WBW6,"Weatherhood,60In Bl,Galv Steel,66 1/4In",,,C1,ZS,,10120207603806,004S,,1,10,4,US,CA,,,1,,,,,,,,,,X,X,0,,1,,,,,,4,0,,S_ITCJOBS,45565,0.292268518518519,,1,,534.25,0,1374.47,0,250.47,106.52,250.47,1,,,,2004,,,,,,,PPA,X,,,1WBW6,0,1000,1499384259,0,,CA9280400,1731.46,X,0,0,,0,,T,,,,,US,,,CA,300,10,,,,C,,,0,,,,,106.52,,,,,1731.46,,0,,,,,,,,,,0,,0,,45565,,,,,,,,T,,,,,,,,,,,0,,,0,,,,,,,,,,0,0,0,,,,,,,,0,0,,0,0,,,,,,,0,,,0,0,0,,,WP,,D,,0,,,,,,,,0,0,
200,8902296096,10,0,1,EA,1,1,EA,0,1,1,1270.0,1270.0,LB,74618.775,IN3,,45563,45563,1,4418.04,,0,6593368239,10,J,1487880264,10,,13W877,"Sheet Metal Brake,Box and Pan,51"" Bend L",,,N2,ZS,,10240214131922,004S,,1,10,4,US,CA,,,1,,,,,,,,,,X,X,0,,1,,,,,,4,0,,S_ITCJOBS,45565,0.292280092592593,,1,,2131.55,0,3864.45,0,553.59,299.5,553.59,1,,,,2004,,,,,,,PPA,X,,,13W877,0,1000,1499384261,0,,CA9262000,4717.54,X,0,0,,0,,T,,,,,US,,,CA,300,10,,,,C,,,0,,,,,299.5,,,,,4717.54,,0,,,,,,,,,,0,,0,,45565,,,,,,,,T,,,,,,,,,,,0,,,0,,,,,,,,,,0,0,0,,,,,,,,0,0,,0,0,,,,,,,0,,,0,0,0,,,WP,,B,,0,,,,,,,,0,0,
200,8902296097,10,0,1,EA,1,1,EA,0,1,1,545.0,545.0,LB,55166.88,IN3,,45563,45563,1,3699.82,,0,6593263104,10,J,1487745766,10,,13R504,"Mobile Cabinet Bench,Steel,54-1/4""W,26""D",,,M1,ZS,,10182784004397,004S,,1,10,4,US,CA,,,1,,,,,,,,,,X,X,0,1.0,1,,,,,,4,0,,S_ITCJOBS,45565,0.292303240740741,,1,,2057.24,0,3361.08,0,338.74,344.5,338.74,1,,,,2004,,,,,,,PPA,X,,,13R504,0,1000,1499384263,0,,CA9004602,4044.32,X,0,0,,0,,T,,,,,US,,,CA,300,10,,,,C,,,0,,,,,344.5,,,,,4044.32,,0,,,,,,,,,,0,,0,,45565,,,,,,,,T,,,,,,,,,,,0,,,0,,,,,,,,,,0,0,0,,,,,,,,0,0,,0,0,,,,,,,0,,,0,0,0,,,WP,,B,,0,,,,,,,,0,0,
200,8902296098,10,0,1,EA,1,1,EA,0,1,1,413.0,413.0,LB,84146.022,IN3,,45563,45563,1,5977.02,,0,6593488288,10,J,1488045446,10,,15A518,"Commercial Gas Water Heater,100 gal",,,E1,ZS,,10221736104825,004S,,1,10,4,US,CA,,,1,,,,,,,,,,X,X,0,,1,,,,,,4,0,,S_ITCJOBS,45565,0.292314814814815,,1,,2093.27,0,5666.79,0,310.23,580.84,310.23,1,,,,2004,,,,,,,PPA,X,,,15A518,0,1000,1499384265,0,,CA9025000,6557.86,X,0,0,,0,,T,,,,,US,,,CA,300,10,,,,C,,,0,,,,,580.84,,,,,6557.860000000001,,0,,,,,,,,,,0,,0,,45565,,,,,,,,T,,,,,,,,,,,0,,,0,,,,,,,,,,0,0,0,,,,,,,,0,0,,0,0,,,,,,,0,,,0,0,0,,,WP,,B,,0,,,,,,,,0,0,
200,8902296099,10,0,1,EA,1,1,EA,0,1,1,961.0,961.0,LB,75900.0,IN3,,45563,45563,1,3604.28,,0,6594967603,10,J,1490806448,10,,13W872,"Machining Shear,0.039"" Cap. Mild Steel",,,N2,ZS,,10240214108716,004S,,1,10,4,US,CA,,,1,,,,,,,,,,X,X,0,,1,,,,,,4,0,,S_ITCJOBS,45565,0.292326388888889,,1,,1596.87,0,3087.83,0,516.45,316.51,516.45,1,,,,2004,,,,,,,PPA,X,,,13W872,0,1000,1499384266,0,,CA9074600,3920.79,X,0,0,,0,,T,,,,,US,,,CA,300,10,,,,C,,,0,,,,,316.51,,,,,3920.79,,0,,,,,,,,,,0,,0,,45565,,,,,,,,T,,,,,,,,,,,0,,,0,,,,,,,,,,0,0,0,,,,,,,,0,0,,0,0,,,,,,,0,,,0,0,0,,,WP,,B,,0,,,,,,,,0,0,
200,8902296100,10,0,1,EA,1,1,EA,0,1,1,600.0,600.0,LB,55687.5,IN3,,45563,45563,1,4459.29,,0,6593362878,10,J,1487915836,10,,14V882,"Mobile Cabinet Bench,Steel,54-1/4""W,26""D",,,M1,ZS,,10182784004397,004S,,1,10,4,US,CA,,,1,,,,,,,,,,X,X,0,1.0,1,,,,,,4,0,,S_ITCJOBS,45565,0.292337962962963,,1,,2578.63,0,4082.0,0,377.29,418.42,377.29,1,,,,2004,,,,,,,PPA,X,,,14V882,0,1000,1499384268,0,,CA9024700,4877.71,X,0,0,,0,,T,,,,,US,,,CA,300,10,,,,C,,,0,,,,,418.42,,,,,4877.71,,0,,,,,,,,,,0,,0,,45565,,,,,,,,T,,,,,,,,,,,0,,,0,,,,,,,,,,0,0,0,,,,,,,,0,0,,0,0,,,,,,,0,,,0,0,0,,,WP,,B,,0,,,,,,,,0,0,
200,8902296101,10,0,1,EA,1,1,EA,0,1,1,2504.0,2504.0,LB,85272.544,IN3,,45563,45563,1,3931.74,,0,6594704622,10,J,1490377690,10,,14G862,"Cleaner/Degreaser,Mild Lemon,275 gal",,,L8,ZS,,10030200703041,004S,,1,10,4,US,CA,,,1,,,,,,,,,,X,X,0,,1,,,,,,4,0,,S_ITCJOBS,45565,0.292349537037037,,1,,1195.8,0,3378.15,0,553.59,295.59,553.59,1,,,,2004,,,,,,,PPA,X,,,14G862,0,1000,1499384270,0,,CA9240400,4227.33,X,0,0,,0,,T,,,,,US,,,CA,300,10,,,,C,,,0,,,,,295.59,,,,,4227.33,,0,,,,,,,,,,0,,0,,45565,,,,,,,,T,,,,,,,,,,,0,,,0,,,,,,,,,,0,0,0,,,,,,,,0,0,,0,0,,,,,,,0,,,0,0,0,,,WP,,B,,0,,,,,,,,0,0,
200,8902297057,10,0,1,EA,1,1,EA,0,1,1,413.0,413.0,LB,84146.022,IN3,,45563,45563,1,5977.02,,0,6594628597,10,J,1490259407,10,,15A518,"Commercial Gas Water Heater,100 gal",,,E1,ZS,,10221736104825,004S,,1,10,4,US,CA,,,1,,,,,,,,,,X,X,0,,1,,,,,,4,0,,S_ITCJOBS,45565,0.292303240740741,,1,,2093.27,0,5666.79,0,310.23,439.17,310.23,1,,,,2004,,,,,,,PPA,X,,,15A518,0,1000,1499356500,0,,CA9212100,6416.19,X,0,0,,0,,T,,,,,US,,,CA,300,10,,,,C,,,0,,,,,439.17,,,,,6416.1900000000005,,0,,,,,,,,,,0,,0,,45565,,,,,,,,T,,,,,,,,,,,0,,,0,,,,,,,,,,0,0,0,,,,,,,,0,0,,0,0,,,,,,,0,,,0,0,0,,,WP,,B,,0,,,,,,,,0,0,
200,8902297058,10,0,1,EA,1,1,EA,0,1,1,408.0,408.0,LB,77539.0,IN3,,45563,45563,1,2019.53,,0,6591079378,10,J,1482634266,10,,1UBK4,"Bin Cabinet,72""x36""x24"",Gray,0Bns",,,K1,ZS,,10180210226644,004S,,1,10,4,US,CA,,,1,,,,,,,,,,X,X,0,,1,,,,,,4,0,,S_ITCJOBS,45565,0.292314814814815,,1,,641.83,0,1719.3,0,300.23,133.25,300.23,1,,,,2004,,,,,,,PPA,X,,,1UBK4,0,1000,1499356501,0,,CA9560800,2152.78,X,0,0,,0,,T,,,,,US,,,CA,300,10,,,,C,,,0,,,,,133.25,,,,,2152.78,,0,,,,,,,,,,0,,0,,45565,,,,,,,,T,,,,,,,,,,,0,,,0,,,,,,,,,,0,0,0,,,,,,,,0,0,,0,0,,,,,,,0,,,0,0,0,,,WP,,B,,0,,,,,,,,0,0,
200,8902297059,10,0,1,EA,1,1,EA,0,1,1,369.0,369.0,LB,59660.0,IN3,,45563,45563,1,2068.27,,0,6592908965,10,J,1487005767,10,,16D690,"Storage Cabinet,78""x36""x18"",Gray,4Shlv",,,K1,ZS,,10180210204399,004S,,1,10,4,US,CA,,,1,,,,,,,,,,X,X,0,,1,,,,,,4,0,,S_ITCJOBS,45565,0.292314814814815,,1,,792.36,0,1785.25,0,283.02,138.37,283.02,1,,,,2004,,,,,,,PPA,X,,,16D690,0,1000,1499356503,0,,CA9560800,2206.64,X,0,0,,0,,T,,,,,US,,,CA,300,10,,,,C,,,0,,,,,138.37,,,,,2206.64,,0,,,,,,,,,,0,,0,,45565,,,,,,,,T,,,,,,,,,,,0,,,0,,,,,,,,,,0,0,0,,,,,,,,0,0,,0,0,,,,,,,0,,,0,0,0,,,WP,,B,,0,,,,,,,,0,0,
200,8902297060,10,0,1,EA,1,1,EA,0,1,1,459.0,459.0,LB,89472.0,IN3,,45563,45563,1,5210.33,,0,6595154825,10,J,1491096533,10,,11N148,"Air/Hydraulic Service Jack,10 tons,7"" H",,,L6,ZS,,10390222003863,004S,,1,10,4,US,CA,,,1,,,,,,,,,,X,X,0,,1,,,,,,4,0,,S_ITCJOBS,45565,0.292337962962963,,1,,3290.56,0,4885.0,0,325.33,464.07,325.33,1,,,,2004,,,,,,,PPA,X,,,11N148,0,1000,1499356504,0,,CA9004700,5674.4,X,0,0,,0,,T,,,,,US,,,CA,300,10,,,,C,,,0,,,,,464.07,,,,,5674.400000000001,,0,,,,,,,,,,0,,0,,45565,,,,,,,,T,,,,,,,,,,,0,,,0,,,,,,,,,,0,0,0,,,,,,,,0,0,,0,0,,,,,,,0,,,0,0,0,,,WP,,B,,0,,,,,,,,0,0,
200,8902297061,10,0,1,EA,1,1,EA,0,1,1,257.0,257.0,LB,116296.5,IN3,,45563,45563,1,3402.43,,0,6593257051,10,J,1487751092,10,,13R510,"Jobsite Cabinet,60 in,Tan",,,M1,ZS,,10100206412654,004S,,1,10,4,US,CA,,,1,,,,,,,,,,X,X,0,,1,,,,,,4,0,,S_ITCJOBS,45565,0.292349537037037,,1,,1527.93,0,3151.96,0,250.47,323.08,250.47,1,,,,2004,,,,,,,PPA,X,,,13R510,0,1000,1499356506,0,,CA9080200,3725.51,X,0,0,,0,,T,,,,,US,,,CA,300,10,,,,C,,,0,,,,,323.08,,,,,3725.51,,0,,,,,,,,,,0,,0,,45565,,,,,,,,T,,,,,,,,,,,0,,,0,,,,,,,,,,0,0,0,,,,,,,,0,0,,0,0,,,,,,,0,,,0,0,0,,,WP,,B,,0,,,,,,,,0,0,
200,8902297062,10,0,1,EA,1,1,EA,0,1,1,2504.0,2504.0,LB,85272.544,IN3,,45563,45563,1,3931.74,,0,6593564489,10,J,1488640278,10,,14G862,"Cleaner/Degreaser,Mild Lemon,275 gal",,,L8,ZS,,10030200703041,004S,,1,10,4,US,CA,,,1,,,,,,,,,,X,X,0,,1,,,,,,4,0,,S_ITCJOBS,45565,0.292361111111111,,1,,1195.8,0,3378.15,0,553.59,346.27,553.59,1,,,,2004,,,,,,,PPA,X,,,14G862,0,1000,1499356508,0,,CA9070600,4278.01,X,0,0,,0,,T,,,,,US,,,CA,300,10,,,,C,,,0,,,,,346.27,,,,,4278.01,,0,,,,,,,,,,0,,0,,45565,,,,,,,,T,,,,,,,,,,,0,,,0,,,,,,,,,,0,0,0,,,,,,,,0,0,,0,0,,,,,,,0,,,0,0,0,,,WP,,B,,0,,,,,,,,0,0,
200,8902297063,10,0,1,EA,1,1,EA,0,1,1,855.0,855.0,LB,218903.685,IN3,,45563,45563,1,6426.22,,0,6592522546,10,J,1486121051,10,,1WD88,"Electric Air Compressor, 10 hp, 2 Stage",,,G4,ZS,,10230222904973,004S,,1,10,4,US,CA,,,1,,,,,,,,,,X,X,0,1.0,1,,,,,,4,0,,S_ITCJOBS,45565,0.292372685185185,,1,,3789.63,0,5956.66,0,469.56,0.0,469.56,1,,,,2004,,,,,,,PPA,X,,,1WD88,0,1000,1499356510,0,,OR9720900,6426.22,X,0,0,,0,,T,,,,,US,,,OR,300,10,,,,C,,,0,,,,,0.0,,,,,6426.22,,0,,,,,,,,,,0,,0,,45565,,,,,,,,T,,,,,,,,,,,0,,,0,,,,,,,,,,0,0,0,,,,,,,,0,0,,0,0,,,,,,,0,,,0,0,0,,,WP,,D,,0,,,,,,,,0,0,
200,8902297064,10,0,1,EA,1,1,EA,0,1,1,1219.0,1219.0,LB,88977.9,IN3,,45563,45563,1,4567.85,,0,6593804822,10,J,1489188128,10,,13W878,"Machining Shear,0.059"" Cap. Mild Steel",,,N2,ZS,,10240214108716,004S,,1,10,4,US,CA,,,1,,,,,,,,,,X,X,0,,1,,,,,,4,0,,S_ITCJOBS,45565,0.292384259259259,,1,,1776.3,0,4014.26,0,553.59,381.36,553.59,1,,,,2004,,,,,,,PPA,X,,,13W878,0,1000,1499356512,0,,CA9003100,4949.21,X,0,0,,0,,T,,,,,US,,,CA,300,10,,,,C,,,0,,,,,381.36,,,,,4949.21,,0,,,,,,,,,,0,,0,,45565,,,,,,,,T,,,,,,,,,,,0,,,0,,,,,,,,,,0,0,0,,,,,,,,0,0,,0,0,,,,,,,0,,,0,0,0,,,WP,,B,,0,,,,,,,,0,0,
200,8902297065,10,0,1,EA,1,1,EA,0,1,1,340.0,340.0,LB,163571.5,IN3,,45563,45563,1,3592.27,,0,6594424359,10,J,1490049098,10,,13R511,"Clam-Shell Jobsite Cabinet,65 in,Tan",,,M1,ZS,,10100206412654,004S,,1,10,4,US,CA,,,1,,,,,,,,,,X,X,0,,1,,,,,,4,0,,S_ITCJOBS,45565,0.292418981481481,,1,,1511.41,0,3332.03,0,260.24,258.23,260.24,1,,,,2004,,,,,,,PPA,X,,,13R511,0,1000,1499356514,0,,CA9261800,3850.5,X,0,0,,0,,T,,,,,US,,,CA,300,10,,,,C,,,0,,,,,258.23,,,,,3850.5,,0,,,,,,,,,,0,,0,,45565,,,,,,,,T,,,,,,,,,,,0,,,0,,,,,,,,,,0,0,0,,,,,,,,0,0,,0,0,,,,,,,0,,,0,0,0,,,WP,,B,,0,,,,,,,,0,0,
200,8902297066,10,0,1,EA,1,1,EA,0,1,1,855.0,855.0,LB,218903.685,IN3,,45563,45563,1,6426.22,,0,6592353304,10,J,1485829345,10,,1WD88,"Electric Air Compressor, 10 hp, 2 Stage",,,G4,ZS,,10230222904973,004S,,1,10,4,US,CA,,,1,,,,,,,,,,X,X,0,1.0,1,,,,,,4,0,,S_ITCJOBS,45565,0.292430555555556,,1,,3789.63,0,5956.66,0,469.56,357.4,469.56,1,,,,2004,,,,,,,PPA,X,,,1WD88,0,1000,1499356516,0,,ID8330101,6783.62,X,0,0,,0,,T,,,,,US,,,ID,300,10,,,,C,,,0,,,,,357.4,,,,,6783.62,,0,,,,,,,,,,0,,0,,45565,,,,,,,,T,,,,,,,,,,,0,,,0,,,,,,,,,,0,0,0,,,,,,,,0,0,,0,0,,,,,,,0,,,0,0,0,,,WP,,D,,0,,,,,,,,0,0,
200,8902298093,10,0,1,EA,1,1,EA,0,1,1,532.0,532.0,LB,117925.0,IN3,,45563,45563,1,2921.83,,0,6591743570,10,J,1484441550,10,,1UBJ4,"Bin Cabinet,84""x48""x24"",Gray,0Bns",,,K1,ZS,,10180210226644,004S,,1,10,4,US,CA,,,1,,,,,,,,,,X,X,0,,1,,,,,,4,0,,S_ITCJOBS,45565,0.292175925925926,,1,,1001.37,0,2547.8,0,374.03,0.0,374.03,1,,,,2004,,,,,,,PPA,X,,,1UBJ4,0,1000,1499383265,0,,AK9950700,2921.83,X,0,0,,0,,T,,,,,US,,,AK,300,10,,,,C,,,0,,,,,0.0,,,,,2921.83,,0,,,,,,,,,,0,,0,,45565,,,,,,,,T,,,,,,,,,,,0,,,0,,,,,,,,,,0,0,0,,,,,,,,0,0,,0,0,,,,,,,0,,,0,0,0,,,WP,,B,,0,,,,,,,,0,0,
200,8902298094,10,0,1,EA,1,1,EA,0,1,1,369.0,369.0,LB,59660.0,IN3,,45563,45563,1,2104.66,,0,6592169957,10,J,1485427137,10,,16D690,"Storage Cabinet,78""x36""x18"",Gray,4Shlv",,,K1,ZS,,10180210204399,004S,,1,10,4,US,CA,,,1,,,,,,,,,,X,X,0,,1,,,,,,4,0,,S_ITCJOBS,45565,0.292175925925926,,1,,792.36,0,1785.25,0,319.41,0.0,319.41,1,,,,2004,,,,,,,PPA,X,,,16D690,0,1000,1499383266,0,,AK9950700,2104.66,X,0,0,,0,,T,,,,,US,,,AK,300,10,,,,C,,,0,,,,,0.0,,,,,2104.66,,0,,,,,,,,,,0,,0,,45565,,,,,,,,T,,,,,,,,,,,0,,,0,,,,,,,,,,0,0,0,,,,,,,,0,0,,0,0,,,,,,,0,,,0,0,0,,,WP,,B,,0,,,,,,,,0,0,
200,8902298096,10,0,1,EA,1,1,EA,0,1,1,413.0,413.0,LB,84146.022,IN3,,45563,45563,1,5977.02,,0,6593621855,10,J,1488726861,10,,15A518,"Commercial Gas Water Heater,100 gal",,,E1,ZS,,10221736104825,004S,,1,10,4,US,CA,,,1,,,,,,,,,,X,X,0,,1,,,,,,4,0,,S_ITCJOBS,45565,0.292280092592593,,1,,2093.27,0,5666.79,0,310.23,538.35,310.23,1,,,,2004,,,,,,,PPA,X,,,15A518,0,1000,1499383268,0,,CA9063800,6515.37,X,0,0,,0,,T,,,,,US,,,CA,300,10,,,,C,,,0,,,,,538.35,,,,,6515.37,,0,,,,,,,,,,0,,0,,45565,,,,,,,,T,,,,,,,,,,,0,,,0,,,,,,,,,,0,0,0,,,,,,,,0,0,,0,0,,,,,,,0,,,0,0,0,,,WP,,B,,0,,,,,,,,0,0,
200,8902298097,10,0,1,EA,1,1,EA,0,1,1,821.0,821.0,LB,143761.5,IN3,,45563,45563,1,8670.56,,0,6594959166,10,J,1490793341,10,,11N135,"Air End Lift,10 tons,14 In. H,50 In. H",,,R4,ZS,,10390222003863,004S,,1,10,4,US,CA,,,1,,,,,,,,,,X,X,0,,1,,,,,,4,0,,S_ITCJOBS,45565,0.292280092592593,,1,,4889.51,0,8211.13,0,459.43,780.06,459.43,1,,,,2004,,,,,,,PPA,X,,,11N135,0,1000,1499383269,0,,CA9063800,9450.62,X,0,0,,0,,T,,,,,US,,,CA,300,10,,,,C,,,0,,,,,780.06,,,,,9450.62,,0,,,,,,,,,,0,,0,,45565,,,,,,,,T,,,,,,,,,,,0,,,0,,,,,,,,,,0,0,0,,,,,,,,0,0,,0,0,,,,,,,0,,,0,0,0,,,WP,,B,,0,,,,,,,,0,0,
200,8902298098,10,0,1,EA,1,1,EA,0,1,1,897.0,897.0,LB,186946.2,IN3,,45563,45563,1,6771.08,,0,6593603245,10,J,1488718291,10,,16V893,"Electric Air Compressor, 10 hp, 2 Stage",,,G4,ZS,,10230222904973,004S,,1,10,4,US,CA,,,1,,,,,,,,,,X,X,0,,1,,,,,,4,0,,S_ITCJOBS,45565,0.292291666666667,,1,,4025.18,0,6291.52,0,479.56,487.59,479.56,1,,,,2004,,,,,,,PPA,X,,,16V893,0,1000,1499383271,0,,CA9222300,7258.67,X,0,0,,0,,T,,,,,US,,,CA,300,10,,,,C,,,0,,,,,487.59,,,,,7258.67,,0,,,,,,,,,,0,,0,,45565,,,,,,,,T,,,,,,,,,,,0,,,0,,,,,,,,,,0,0,0,,,,,,,,0,0,,0,0,,,,,,,0,,,0,0,0,,,WP,,B,,0,,,,,,,,0,0,
200,8902298099,10,0,1,EA,1,1,EA,0,1,1,1219.0,1219.0,LB,88977.9,IN3,,45563,45563,1,4567.85,,0,6594418880,10,J,1490077142,10,,13W878,"Machining Shear,0.059"" Cap. Mild Steel",,,N2,ZS,,10240214108716,004S,,1,10,4,US,CA,,,1,,,,,,,,,,X,X,0,,1,,,,,,4,0,,S_ITCJOBS,45565,0.292303240740741,,1,,1776.3,0,4014.26,0,553.59,311.11,553.59,1,,,,2004,,,,,,,PPA,X,,,13W878,0,1000,1499383273,0,,CA9266000,4878.96,X,0,0,,0,,T,,,,,US,,,CA,300,10,,,,C,,,0,,,,,311.11,,,,,4878.96,,0,,,,,,,,,,0,,0,,45565,,,,,,,,T,,,,,,,,,,,0,,,0,,,,,,,,,,0,0,0,,,,,,,,0,0,,0,0,,,,,,,0,,,0,0,0,,,WP,,B,,0,,,,,,,,0,0,
200,8902298100,10,0,1,EA,1,1,EA,0,1,1,254.0,254.0,LB,67947.0,IN3,,45563,45563,1,7582.65,,0,6594702519,10,J,1490376509,10,,14H097,"Variable Frequency Drive,40 hp,460V AC",,,B2,ZS,,10052985208262,004S,,1,10,4,US,CA,,,1,,,,,,,,,,X,X,0,,1,,,,,,4,0,,S_ITCJOBS,45565,0.292303240740741,,1,,4648.44,0,7332.18,0,250.47,568.24,250.47,1,,,,2004,,,,,,,PPA,X,,,14H097,0,1000,1499383275,0,,CA9266000,8150.89,X,0,0,,0,,T,,,,,US,,,CA,300,10,,,,C,,,0,,,,,568.24,,,,,8150.89,,0,,,,,,,,,,0,,0,,45565,,,,,,,,T,,,,,,,,,,,0,,,0,,,,,,,,,,0,0,0,,,,,,,,0,0,,0,0,,,,,,,0,,,0,0,0,,,WP,,B,,0,,,,,,,,0,0,
200,8902298103,10,0,1,EA,1,1,EA,0,1,1,509.0,509.0,LB,122239.638,IN3,,45563,45563,1,3619.92,,0,6594393004,10,J,1490014672,10,,13R509,"Jobsite Cabinet,54 1/2 in,Tan",,,M1,ZS,,10100206412654,004S,,1,10,4,US,CA,,,1,,,,,,,,,,X,X,0,,1,,,,,,4,0,,S_ITCJOBS,45565,0.292337962962963,,1,,1724.61,0,3281.18,0,338.74,311.71,338.74,1,,,,2004,,,,,,,PPA,X,,,13R509,0,1000,1499383280,0,,CA9021000,3931.63,X,0,0,,0,,T,,,,,US,,,CA,300,10,,,,C,,,0,,,,,311.71,,,,,3931.63,,0,,,,,,,,,,0,,0,,45565,,,,,,,,T,,,,,,,,,,,0,,,0,,,,,,,,,,0,0,0,,,,,,,,0,0,,0,0,,,,,,,0,,,0,0,0,,,WP,,B,,0,,,,,,,,0,0,
200,8902298104,10,0,1,EA,1,1,EA,0,1,1,227.0,227.0,LB,94790.5,IN3,,45563,45563,1,2874.94,,0,6595153264,10,J,1491014356,10,,13R514,"Jobsite Cabinet,51 in,Tan",,,M1,ZS,,10100206412654,004S,,1,10,4,US,CA,,,1,,,,,,,,,,X,X,0,,1,,,,,,4,0,,S_ITCJOBS,45565,0.292349537037037,,1,,1257.04,0,2630.98,0,243.96,203.9,243.96,1,,,,2004,,,,,,,PPP,X,,,13R514,0,1000,1499383282,0,,CA9264900,3078.84,X,0,0,,0,,T,,,,,US,,,CA,300,10,,,,C,,,0,,,,,203.9,,,,,3078.84,,0,,,,,,,,,,0,,0,,45565,,,,,,,,T,,,,,,,,,,,0,,,0,,,,,,,,,,0,0,0,,,,,,,,0,0,,0,0,,,,,,,0,,,0,0,0,,,WP,,B,,0,,,,,,,,0,0,
200,8902298105,10,0,1,EA,1,1,EA,0,1,1,2504.0,2504.0,LB,85272.544,IN3,,45563,45563,1,3931.74,,0,6593722449,10,J,1488996896,10,,14G862,"Cleaner/Degreaser,Mild Lemon,275 gal",,,L8,ZS,,10030200703041,004S,,1,10,4,US,CA,,,1,,,,,,,,,,X,X,0,,1,,,,,,4,0,,S_ITCJOBS,45565,0.292349537037037,,1,,1195.8,0,3378.15,0,553.59,261.81,553.59,1,,,,2004,,,,,,,PPA,X,,,14G862,0,1000,1499383284,0,,CA9213100,4193.55,X,0,0,,0,,T,,,,,US,,,CA,300,10,,,,C,,,0,,,,,261.81,,,,,4193.55,,0,,,,,,,,,,0,,0,,45565,,,,,,,,T,,,,,,,,,,,0,,,0,,,,,,,,,,0,0,0,,,,,,,,0,0,,0,0,,,,,,,0,,,0,0,0,,,WP,,B,,0,,,,,,,,0,0,
200,8902298106,10,0,1,EA,1,1,EA,0,1,1,417.0,417.0,LB,123125.76,IN3,,45563,45563,1,3113.14,,0,6593464715,10,J,1488378099,10,,13R512,"Piano-Style Jobsite Box,54 1/2 in,Tan",,,M1,ZS,,10100206412654,004S,,1,10,4,US,CA,,,1,,,,,,,,,,X,X,0,,1,,,,,,4,0,,S_ITCJOBS,45565,0.292361111111111,,1,,1450.3,0,2802.91,0,310.23,245.25,310.23,1,,,,2004,,,,,,,PPA,X,,,13R512,0,1000,1499383286,0,,CA9237400,3358.39,X,0,0,,0,,T,,,,,US,,,CA,300,10,,,,C,,,0,,,,,245.25,,,,,3358.39,,0,,,,,,,,,,0,,0,,45565,,,,,,,,T,,,,,,,,,,,0,,,0,,,,,,,,,,0,0,0,,,,,,,,0,0,,0,0,,,,,,,0,,,0,0,0,,,WP,,B,,0,,,,,,,,0,0,
200,8902298107,10,0,1,EA,1,1,EA,0,1,1,910.0,910.0,LB,189440.0,IN3,,45563,45563,1,6729.66,,0,6592682528,10,J,1486535192,10,,16V892,"Electric Air Compressor, 10 hp, 2 Stage",,,G4,ZS,,10230222904973,004S,,1,10,4,US,CA,,,1,,,,,,,,,,X,X,0,,1,,,,,,4,0,,S_ITCJOBS,45565,0.292361111111111,,1,,4025.18,0,6229.99,0,499.67,521.76,499.67,1,,,,2004,,,,,,,PPA,X,,,16V892,0,1000,1499383288,0,,NV8913900,7251.42,X,0,0,,0,,T,,,,,US,,,NV,300,10,,,,C,,,0,,,,,521.76,,,,,7251.42,,0,,,,,,,,,,0,,0,,45565,,,,,,,,T,,,,,,,,,,,0,,,0,,,,,,,,,,0,0,0,,,,,,,,0,0,,0,0,,,,,,,0,,,0,0,0,,,WP,,B,,0,,,,,,,,0,0,
200,8902298108,10,0,1,EA,1,1,EA,0,1,1,404.0,404.0,LB,78559.25,IN3,,45563,45563,1,2091.37,,0,6594793111,10,J,1490522968,10,,1UBK5,"Bin Cabinet,72""x36""x24"",Gray,96YlwBns",,,K1,ZS,,10180210226644,004S,,1,10,4,US,CA,,,1,,,,,,,,,,X,X,0,,1,,,,,,4,0,,S_ITCJOBS,45565,0.292372685185185,,1,,738.19,0,1781.14,0,310.23,164.76,310.23,1,,,,2004,,,,,,,PPA,X,,,1UBK5,0,1000,1499383290,0,,CA9270600,2256.13,X,0,0,,0,,T,,,,,US,,,CA,300,10,,,,C,,,0,,,,,164.76,,,,,2256.13,,0,,,,,,,,,,0,,0,,45565,,,,,,,,T,,,,,,,,,,,0,,,0,,,,,,,,,,0,0,0,,,,,,,,0,0,,0,0,,,,,,,0,,,0,0,0,,,WP,,C,,0,,,,,,,,0,0,
200,8902298109,10,0,1,EA,1,1,EA,0,1,1,369.0,369.0,LB,59660.0,IN3,,45563,45563,1,2068.27,,0,6593473727,10,J,1488380354,10,,16D690,"Storage Cabinet,78""x36""x18"",Gray,4Shlv",,,K1,ZS,,10180210204399,004S,,1,10,4,US,CA,,,1,,,,,,,,,,X,X,0,,1,,,,,,4,0,,S_ITCJOBS,45565,0.292372685185185,,1,,792.36,0,1785.25,0,283.02,169.61,283.02,1,,,,2004,,,,,,,PPA,X,,,16D690,0,1000,1499383292,0,,CA9179000,2237.88,X,0,0,,0,,T,,,,,US,,,CA,300,10,,,,C,,,0,,,,,169.61,,,,,2237.88,,0,,,,,,,,,,0,,0,,45565,,,,,,,,T,,,,,,,,,,,0,,,0,,,,,,,,,,0,0,0,,,,,,,,0,0,,0,0,,,,,,,0,,,0,0,0,,,WP,,B,,0,,,,,,,,0,0,
200,8902298110,10,0,1,EA,1,1,EA,0,1,1,2504.0,2504.0,LB,85272.544,IN3,,45563,45563,1,3931.74,,0,6593819268,10,J,1489185408,10,,14G862,"Cleaner/Degreaser,Mild Lemon,275 gal",,,L8,ZS,,10030200703041,004S,,1,10,4,US,CA,,,1,,,,,,,,,,X,X,0,,1,,,,,,4,0,,S_ITCJOBS,45565,0.292384259259259,,1,,1195.8,0,3378.15,0,553.59,295.59,553.59,1,,,,2004,,,,,,,PPA,X,,,14G862,0,1000,1499383294,0,,CA9171000,4227.33,X,0,0,,0,,T,,,,,US,,,CA,300,10,,,,C,,,0,,,,,295.59,,,,,4227.33,,0,,,,,,,,,,0,,0,,45565,,,,,,,,T,,,,,,,,,,,0,,,0,,,,,,,,,,0,0,0,,,,,,,,0,0,,0,0,,,,,,,0,,,0,0,0,,,WP,,B,,0,,,,,,,,0,0,
200,8902298111,10,0,1,EA,1,1,EA,0,1,1,595.0,595.0,LB,131560.0,IN3,,45563,45563,1,3777.42,,0,6592797654,10,J,1486834493,10,,1WD82,"Electric Air Compressor, 5 hp, 2 Stage",,,G4,ZS,,10230222904973,004S,,1,10,4,US,CA,,,1,,,,,,,,,,X,X,0,1.0,1,,,,,,4,0,,S_ITCJOBS,45565,0.292407407407407,,1,,2150.4,0,3418.58,0,358.84,350.4,358.84,1,,,,2004,,,,,,,PPA,X,,,1WD82,0,1000,1499383296,0,,CA9353600,4127.82,X,0,0,,0,,T,,,,,US,,,CA,300,10,,,,C,,,0,,,,,350.4,,,,,4127.82,,0,,,,,,,,,,0,,0,,45565,,,,,,,,T,,,,,,,,,,,0,,,0,,,,,,,,,,0,0,0,,,,,,,,0,0,,0,0,,,,,,,0,,,0,0,0,,,WP,,D,,0,,,,,,,,0,0,
200,8902298112,10,0,1,EA,1,1,EA,0,1,1,340.0,340.0,LB,163571.5,IN3,,45563,45563,1,3592.27,,0,6594179992,10,J,1489707560,10,,13R511,"Clam-Shell Jobsite Cabinet,65 in,Tan",,,M1,ZS,,10100206412654,004S,,1,10,4,US,CA,,,1,,,,,,,,,,X,X,0,,1,,,,,,4,0,,S_ITCJOBS,45565,0.292418981481481,,1,,1511.41,0,3332.03,0,260.24,341.53,260.24,1,,,,2004,,,,,,,PPA,X,,,13R511,0,1000,1499383298,0,,CA9065000,3933.8,X,0,0,,0,,T,,,,,US,,,CA,300,10,,,,C,,,0,,,,,341.53,,,,,3933.8,,0,,,,,,,,,,0,,0,,45565,,,,,,,,T,,,,,,,,,,,0,,,0,,,,,,,,,,0,0,0,,,,,,,,0,0,,0,0,,,,,,,0,,,0,0,0,,,WP,,B,,0,,,,,,,,0,0,
200,8902298113,10,0,1,EA,1,1,EA,0,1,1,1219.0,1219.0,LB,88977.9,IN3,,45563,45563,1,4567.85,,0,6594664982,10,J,1490349411,10,,13W878,"Machining Shear,0.059"" Cap. Mild Steel",,,N2,ZS,,10240214108716,004S,,1,10,4,US,CA,,,1,,,,,,,,,,X,X,0,,1,,,,,,4,0,,S_ITCJOBS,45565,0.292430555555556,,1,,1776.3,0,4014.26,0,553.59,311.11,553.59,1,,,,2004,,,,,,,PPA,X,,,13W878,0,1000,1499383301,0,,CA9207100,4878.96,X,0,0,,0,,T,,,,,US,,,CA,300,10,,,,C,,,0,,,,,311.11,,,,,4878.96,,0,,,,,,,,,,0,,0,,45565,,,,,,,,T,,,,,,,,,,,0,,,0,,,,,,,,,,0,0,0,,,,,,,,0,0,,0,0,,,,,,,0,,,0,0,0,,,WP,,B,,0,,,,,,,,0,0,
200,8902298114,10,0,1,EA,1,1,EA,0,1,1,459.0,459.0,LB,89472.0,IN3,,45563,45563,1,5210.33,,0,6594982637,10,J,1490807496,10,,11N148,"Air/Hydraulic Service Jack,10 tons,7"" H",,,L6,ZS,,10390222003863,004S,,1,10,4,US,CA,,,1,,,,,,,,,,X,X,0,,1,,,,,,4,0,,S_ITCJOBS,45565,0.292430555555556,,1,,3290.56,0,4885.0,0,325.33,378.59,325.33,1,,,,2004,,,,,,,PPA,X,,,11N148,0,1000,1499383303,0,,CA9207100,5588.92,X,0,0,,0,,T,,,,,US,,,CA,300,10,,,,C,,,0,,,,,378.59,,,,,5588.92,,0,,,,,,,,,,0,,0,,45565,,,,,,,,T,,,,,,,,,,,0,,,0,,,,,,,,,,0,0,0,,,,,,,,0,0,,0,0,,,,,,,0,,,0,0,0,,,WP,,B,,0,,,,,,,,0,0,
200,8902298116,10,0,1,EA,1,1,EA,0,1,1,961.0,961.0,LB,75900.0,IN3,,45563,45563,1,3604.28,,0,6594160087,10,J,1489700271,10,,13W872,"Machining Shear,0.039"" Cap. Mild Steel",,,N2,ZS,,10240214108716,004S,,1,10,4,US,CA,,,1,,,,,,,,,,X,X,0,,1,,,,,,4,0,,S_ITCJOBS,45565,0.292465277777778,,1,,1596.87,0,3087.83,0,516.45,316.51,516.45,1,,,,2004,,,,,,,PPA,X,,,13W872,0,1000,1499383305,0,,CA9023000,3920.79,X,0,0,,0,,T,,,,,US,,,CA,300,10,,,,C,,,0,,,,,316.51,,,,,3920.79,,0,,,,,,,,,,0,,0,,45565,,,,,,,,T,,,,,,,,,,,0,,,0,,,,,,,,,,0,0,0,,,,,,,,0,0,,0,0,,,,,,,0,,,0,0,0,,,WP,,B,,0,,,,,,,,0,0,
200,8902300260,10,0,1,EA,1,1,EA,0,1,1,1241.0,1241.0,LB,190624.0,IN3,,45563,45563,1,9033.58,,0,6594964328,10,J,1490778955,10,,16V896,"Electric Air Compressor, 15 hp, 2 Stage",,,G4,ZS,,10230222904973,004S,,1,10,4,US,CA,,,1,,,,,,,,,,X,X,0,,1,,,,,,4,0,,S_ITCJOBS,45565,0.29212962962963,,1,,4887.57,0,8479.99,0,553.59,657.2,553.59,1,,,,2004,,,,,,,PPA,X,,,16V896,0,1000,1499382624,0,,CA9202500,9690.78,X,0,0,,0,,T,,,,,US,,,CA,300,10,,,,C,,,0,,,,,657.2,,,,,9690.78,,0,,,,,,,,,,0,,0,,45565,,,,,,,,T,,,,,,,,,,,0,,,0,,,,,,,,,,0,0,0,,,,,,,,0,0,,0,0,,,,,,,0,,,0,0,0,,,WP,,B,,0,,,,,,,,0,0,
200,8902300261,10,0,1,EA,1,1,EA,0,1,1,2504.0,2504.0,LB,85272.544,IN3,,45563,45563,1,3931.74,,0,6595197264,10,J,1491135434,10,,14G862,"Cleaner/Degreaser,Mild Lemon,275 gal",,,L8,ZS,,10030200703041,004S,,1,10,4,US,CA,,,1,,,,,,,,,,X,X,0,,1,,,,,,4,0,,S_ITCJOBS,45565,0.29212962962963,,1,,1195.8,0,3378.15,0,553.59,261.81,553.59,1,,,,2004,,,,,,,PPA,X,,,14G862,0,1000,1499382626,0,,CA9202500,4193.55,X,0,0,,0,,T,,,,,US,,,CA,300,10,,,,C,,,0,,,,,261.81,,,,,4193.55,,0,,,,,,,,,,0,,0,,45565,,,,,,,,T,,,,,,,,,,,0,,,0,,,,,,,,,,0,0,0,,,,,,,,0,0,,0,0,,,,,,,0,,,0,0,0,,,WP,,B,,0,,,,,,,,0,0,
200,8902300262,10,0,1,EA,1,1,EA,0,1,1,257.0,257.0,LB,116296.5,IN3,,45563,45563,1,3402.43,,0,6593613091,10,J,1488747249,10,,13R510,"Jobsite Cabinet,60 in,Tan",,,M1,ZS,,10100206412654,004S,,1,10,4,US,CA,,,1,,,,,,,,,,X,X,0,,1,,,,,,4,0,,S_ITCJOBS,45565,0.292152777777778,,1,,1527.93,0,3151.96,0,250.47,244.28,250.47,1,,,,2004,,,,,,,PPA,X,,,13R510,0,1000,1499382628,0,,CA9264900,3646.71,X,0,0,,0,,T,,,,,US,,,CA,300,10,,,,C,,,0,,,,,244.28,,,,,3646.71,,0,,,,,,,,,,0,,0,,45565,,,,,,,,T,,,,,,,,,,,0,,,0,,,,,,,,,,0,0,0,,,,,,,,0,0,,0,0,,,,,,,0,,,0,0,0,,,WP,,B,,0,,,,,,,,0,0,
200,8902300263,10,0,1,EA,1,1,EA,0,1,1,1169.0,1169.0,LB,59862.96,IN3,,45563,45563,1,4256.79,,0,6595365373,10,J,1491475283,10,,12G597,"Combination Machine,52"" Bend,Hand Lever",,,N2,ZS,,10240214131928,004S,,1,10,4,US,CA,,,1,,,,,,,,,,X,X,0,,1,,,,,,4,0,,S_ITCJOBS,45565,0.292152777777778,,1,,2117.2,0,3703.2,0,553.59,287.0,553.59,1,,,,2004,,,,,,,PPA,X,,,12G597,0,1000,1499382630,0,,CA9264900,4543.79,X,0,0,,0,,T,,,,,US,,,CA,300,10,,,,C,,,0,,,,,287.0,,,,,4543.79,,0,,,,,,,,,,0,,0,,45565,,,,,,,,T,,,,,,,,,,,0,,,0,,,,,,,,,,0,0,0,,,,,,,,0,0,,0,0,,,,,,,0,,,0,0,0,,,WP,,B,,0,,,,,,,,0,0,
200,8902300264,10,0,1,EA,1,1,EA,0,1,1,483.0,483.0,LB,102025.0,IN3,,45563,45563,1,2324.17,,0,6595069351,10,J,1490914816,10,,1UBJ8,"Bin Cabinet,72""x48""x24"",Gray,128YlwBns",,,K1,ZS,,10180210226644,004S,,1,10,4,US,CA,,,1,,,,,,,,,,X,X,0,,1,,,,,,4,0,,S_ITCJOBS,45565,0.292164351851852,,1,,799.18,0,1998.84,0,325.33,154.91,325.33,1,,,,2004,,,,,,,PPA,X,,,1UBJ8,0,1000,1499382632,0,,CA9211500,2479.08,X,0,0,,0,,T,,,,,US,,,CA,300,10,,,,C,,,0,,,,,154.91,,,,,2479.08,,0,,,,,,,,,,0,,0,,45565,,,,,,,,T,,,,,,,,,,,0,,,0,,,,,,,,,,0,0,0,,,,,,,,0,0,,0,0,,,,,,,0,,,0,0,0,,,WP,,D,,0,,,,,,,,0,0,
200,8902300265,10,0,1,EA,1,1,EA,0,1,1,595.0,595.0,LB,131560.0,IN3,,45563,45563,1,3777.42,,0,6593773977,10,J,1489148072,10,,1WD82,"Electric Air Compressor, 5 hp, 2 Stage",,,G4,ZS,,10230222904973,004S,,1,10,4,US,CA,,,1,,,,,,,,,,X,X,0,1.0,1,,,,,,4,0,,S_ITCJOBS,45565,0.2921875,,1,,2150.4,0,3418.58,0,358.84,264.93,358.84,1,,,,2004,,,,,,,PPA,X,,,1WD82,0,1000,1499382634,0,,CA9261400,4042.35,X,0,0,,0,,T,,,,,US,,,CA,300,10,,,,C,,,0,,,,,264.93,,,,,4042.35,,0,,,,,,,,,,0,,0,,45565,,,,,,,,T,,,,,,,,,,,0,,,0,,,,,,,,,,0,0,0,,,,,,,,0,0,,0,0,,,,,,,0,,,0,0,0,,,WP,,D,,0,,,,,,,,0,0,
200,8902300266,10,0,1,EA,1,1,EA,0,1,1,408.0,408.0,LB,77539.0,IN3,,45563,45563,1,2029.53,,0,6593259681,10,J,1487716099,10,,1UBK4,"Bin Cabinet,72""x36""x24"",Gray,0Bns",,,K1,ZS,,10180210226644,004S,,1,10,4,US,CA,,,1,,,,,,,,,,X,X,0,,1,,,,,,4,0,,S_ITCJOBS,45565,0.292210648148148,,1,,641.83,0,1719.3,0,310.23,163.33,310.23,1,,,,2004,,,,,,,PPA,X,,,1UBK4,0,1000,1499382636,0,,CA9001500,2192.86,X,0,0,,0,,T,,,,,US,,,CA,300,10,,,,C,,,0,,,,,163.33,,,,,2192.86,,0,,,,,,,,,,0,,0,,45565,,,,,,,,T,,,,,,,,,,,0,,,0,,,,,,,,,,0,0,0,,,,,,,,0,0,,0,0,,,,,,,0,,,0,0,0,,,WP,,B,,0,,,,,,,,0,0,
200,8902300267,10,0,1,EA,1,1,EA,0,1,1,1236.0,1236.0,LB,187645.5,IN3,,45563,45563,1,9033.58,,0,6593804958,10,J,1489188397,10,,16V897,"Electric Air Compressor, 15 hp, 2 Stage",,,G4,ZS,,10230222904973,004S,,1,10,4,US,CA,,,1,,,,,,,,,,X,X,0,,1,,,,,,4,0,,S_ITCJOBS,45565,0.292222222222222,,1,,4864.07,0,8479.99,0,553.59,805.6,553.59,1,,,,2004,,,,,,,PPA,X,,,16V897,0,1000,1499382638,0,,CA9000200,9839.18,X,0,0,,0,,T,,,,,US,,,CA,300,10,,,,C,,,0,,,,,805.6,,,,,9839.18,,0,,,,,,,,,,0,,0,,45565,,,,,,,,T,,,,,,,,,,,0,,,0,,,,,,,,,,0,0,0,,,,,,,,0,0,,0,0,,,,,,,0,,,0,0,0,,,WP,,B,,0,,,,,,,,0,0,
200,8902300268,10,0,1,EA,1,1,EA,0,1,1,1219.0,1219.0,LB,88977.9,IN3,,45563,45563,1,4567.85,,0,6594983268,10,J,1490798554,10,,13W878,"Machining Shear,0.059"" Cap. Mild Steel",,,N2,ZS,,10240214108716,004S,,1,10,4,US,CA,,,1,,,,,,,,,,X,X,0,,1,,,,,,4,0,,S_ITCJOBS,45565,0.292233796296296,,1,,1776.3,0,4014.26,0,553.59,341.22,553.59,1,,,,2004,,,,,,,PPA,X,,,13W878,0,1000,1499382640,0,,CA9194100,4909.07,X,0,0,,0,,T,,,,,US,,,CA,300,10,,,,C,,,0,,,,,341.22,,,,,4909.07,,0,,,,,,,,,,0,,0,,45565,,,,,,,,T,,,,,,,,,,,0,,,0,,,,,,,,,,0,0,0,,,,,,,,0,0,,0,0,,,,,,,0,,,0,0,0,,,WP,,B,,0,,,,,,,,0,0,
200,8902300269,10,0,1,EA,1,1,EA,0,1,1,1241.0,1241.0,LB,190624.0,IN3,,45563,45563,1,9033.58,,0,6593479990,10,J,1488391778,10,,16V896,"Electric Air Compressor, 15 hp, 2 Stage",,,G4,ZS,,10230222904973,004S,,1,10,4,US,CA,,,1,,,,,,,,,,X,X,0,,1,,,,,,4,0,,S_ITCJOBS,45565,0.29224537037037,,1,,4887.57,0,8479.99,0,553.59,742.0,553.59,1,,,,2004,,,,,,,PPA,X,,,16V896,0,1000,1499382642,0,,CA9241100,9775.58,X,0,0,,0,,T,,,,,US,,,CA,300,10,,,,C,,,0,,,,,742.0,,,,,9775.58,,0,,,,,,,,,,0,,0,,45565,,,,,,,,T,,,,,,,,,,,0,,,0,,,,,,,,,,0,0,0,,,,,,,,0,0,,0,0,,,,,,,0,,,0,0,0,,,WP,,B,,0,,,,,,,,0,0,
200,8902300270,10,0,1,EA,1,1,EA,0,1,1,910.0,910.0,LB,189440.0,IN3,,45563,45563,1,6720.36,,0,6591777383,10,J,1484511956,10,,16V892,"Electric Air Compressor, 10 hp, 2 Stage",,,G4,ZS,,10230222904973,004S,,1,10,4,US,CA,,,1,,,,,,,,,,X,X,0,,1,,,,,,4,0,,S_ITCJOBS,45565,0.292268518518519,,1,,4025.18,0,6229.99,0,490.37,537.63,490.37,1,,,,2004,,,,,,,PPA,X,,,16V892,0,1000,1499384644,0,,WA9900800,7257.99,X,0,0,,0,,T,,,,,US,,,WA,300,10,,,,C,,,0,,,,,537.63,,,,,7257.99,,0,,,,,,,,,,0,,0,,45565,,,,,,,,T,,,,,,,,,,,0,,,0,,,,,,,,,,0,0,0,,,,,,,,0,0,,0,0,,,,,,,0,,,0,0,0,,,WP,,B,,0,,,,,,,,0,0,
200,8902301225,10,0,1,EA,1,1,EA,0,1,1,404.0,404.0,LB,78559.25,IN3,,45563,45563,1,2127.23,,0,6592158214,10,J,1485338309,10,,1UBK5,"Bin Cabinet,72""x36""x24"",Gray,96YlwBns",,,K1,ZS,,10180210226644,004S,,1,10,4,US,CA,,,1,,,,,,,,,,X,X,0,,1,,,,,,4,0,,S_ITCJOBS,45565,0.292395833333333,,1,,738.19,0,1781.14,0,346.09,35.0,346.09,1,,,,2004,,,,,,,PPA,X,,,1UBK5,0,1000,1499382373,0,,AK9966400,2162.23,X,0,0,,0,,T,,,,,US,,,AK,300,10,,,,C,,,0,,,,,35.0,,,,,2162.23,,0,,,,,,,,,,0,,0,,45565,,,,,,,,T,,,,,,,,,,,0,,,0,,,,,,,,,,0,0,0,,,,,,,,0,0,,0,0,,,,,,,0,,,0,0,0,,,WP,,C,,0,,,,,,,,0,0,
200,8902301226,10,0,1,EA,1,1,EA,0,1,1,261.0,261.0,LB,52141.69,IN3,,45563,45563,1,1661.97,,0,6592160279,10,J,1485347475,10,,1WBW6,"Weatherhood,60In Bl,Galv Steel,66 1/4In",,,C1,ZS,,10120207603806,004S,,1,10,4,US,CA,,,1,,,,,,,,,,X,X,0,,1,,,,,,4,0,,S_ITCJOBS,45565,0.292395833333333,,1,,534.25,0,1374.47,0,287.5,35.0,287.5,1,,,,2004,,,,,,,PPA,X,,,1WBW6,0,1000,1499382374,0,,AK9966400,1696.97,X,0,0,,0,,T,,,,,US,,,AK,300,10,,,,C,,,0,,,,,35.0,,,,,1696.97,,0,,,,,,,,,,0,,0,,45565,,,,,,,,T,,,,,,,,,,,0,,,0,,,,,,,,,,0,0,0,,,,,,,,0,0,,0,0,,,,,,,0,,,0,0,0,,,WP,,D,,0,,,,,,,,0,0,
200,8902301232,10,0,1,EA,1,1,EA,0,1,1,257.0,257.0,LB,116296.5,IN3,,45563,45563,1,3402.43,,0,6594212033,10,J,1489758790,10,,13R510,"Jobsite Cabinet,60 in,Tan",,,M1,ZS,,10100206412654,004S,,1,10,4,US,CA,,,1,,,,,,,,,,X,X,0,,1,,,,,,4,0,,S_ITCJOBS,45565,0.292604166666667,,1,,1527.93,0,3151.96,0,250.47,244.28,250.47,1,,,,2004,,,,,,,PPA,X,,,13R510,0,1000,1499382380,0,,CA9210100,3646.71,X,0,0,,0,,T,,,,,US,,,CA,300,10,,,,C,,,0,,,,,244.28,,,,,3646.71,,0,,,,,,,,,,0,,0,,45565,,,,,,,,T,,,,,,,,,,,0,,,0,,,,,,,,,,0,0,0,,,,,,,,0,0,,0,0,,,,,,,0,,,0,0,0,,,WP,,B,,0,,,,,,,,0,0,
200,8902301233,10,0,1,EA,1,1,EA,0,1,1,1270.0,1270.0,LB,74618.775,IN3,,45563,45563,1,4418.04,,0,6595148464,10,J,1491020728,10,,13W877,"Sheet Metal Brake,Box and Pan,51"" Bend L",,,N2,ZS,,10240214131922,004S,,1,10,4,US,CA,,,1,,,,,,,,,,X,X,0,,1,,,,,,4,0,,S_ITCJOBS,45565,0.292604166666667,,1,,2131.55,0,3864.45,0,553.59,299.5,553.59,1,,,,2004,,,,,,,PPA,X,,,13W877,0,1000,1499382382,0,,CA9210100,4717.54,X,0,0,,0,,T,,,,,US,,,CA,300,10,,,,C,,,0,,,,,299.5,,,,,4717.54,,0,,,,,,,,,,0,,0,,45565,,,,,,,,T,,,,,,,,,,,0,,,0,,,,,,,,,,0,0,0,,,,,,,,0,0,,0,0,,,,,,,0,,,0,0,0,,,WP,,B,,0,,,,,,,,0,0,
200,8902301234,10,0,1,EA,1,1,EA,0,1,1,956.0,956.0,LB,208593.0,IN3,,45563,45563,1,7149.03,,0,6594297496,10,J,1489849049,10,,16V894,"Electric Air Compressor, 10 hp, 2 Stage",,,G4,ZS,,10230222904973,004S,,1,10,4,US,CA,,,1,,,,,,,,,,X,X,0,,1,,,,,,4,0,,S_ITCJOBS,45565,0.292627314814815,,1,,4170.65,0,6632.58,0,516.45,514.02,516.45,1,,,,2004,,,,,,,PPA,X,,,16V894,0,1000,1499382384,0,,CA9255500,7663.05,X,0,0,,0,,T,,,,,US,,,CA,300,10,,,,C,,,0,,,,,514.02,,,,,7663.05,,0,,,,,,,,,,0,,0,,45565,,,,,,,,T,,,,,,,,,,,0,,,0,,,,,,,,,,0,0,0,,,,,,,,0,0,,0,0,,,,,,,0,,,0,0,0,,,WP,,B,,0,,,,,,,,0,0,
200,8902301235,10,0,1,EA,1,1,EA,0,1,1,595.0,595.0,LB,131560.0,IN3,,45563,45563,1,3822.33,,0,6595454817,10,J,1491645491,10,,1WD82,"Electric Air Compressor, 5 hp, 2 Stage",,,G4,ZS,,10230222904973,004S,,1,10,4,US,CA,,,1,,,,,,,,,,X,X,0,1.0,1,,,,,,4,0,,S_ITCJOBS,45565,0.292638888888889,,1,,2150.4,0,3418.58,0,403.75,180.11,403.75,1,,,,2004,,,,,,,PPA,X,,,1WD82,0,1000,1499382386,0,,HI9681300,4002.44,X,0,0,,0,,T,,,,,US,,,HI,300,10,,,,C,,,0,,,,,180.11,,,,,4002.44,,0,,,,,,,,,,0,,0,,45565,,,,,,,,T,,,,,,,,,,,0,,,0,,,,,,,,,,0,0,0,,,,,,,,0,0,,0,0,,,,,,,0,,,0,0,0,,,WP,,D,,0,,,,,,,,0,0,
200,8902301236,10,0,1,EA,1,1,EA,0,1,1,1219.0,1219.0,LB,88977.9,IN3,,45563,45563,1,4567.85,,0,6593542827,10,J,1488574810,10,,13W878,"Machining Shear,0.059"" Cap. Mild Steel",,,N2,ZS,,10240214108716,004S,,1,10,4,US,CA,,,1,,,,,,,,,,X,X,0,,1,,,,,,4,0,,S_ITCJOBS,45565,0.292650462962963,,1,,1776.3,0,4014.26,0,553.59,381.36,553.59,1,,,,2004,,,,,,,PPA,X,,,13W878,0,1000,1499382388,0,,CA9004400,4949.21,X,0,0,,0,,T,,,,,US,,,CA,300,10,,,,C,,,0,,,,,381.36,,,,,4949.21,,0,,,,,,,,,,0,,0,,45565,,,,,,,,T,,,,,,,,,,,0,,,0,,,,,,,,,,0,0,0,,,,,,,,0,0,,0,0,,,,,,,0,,,0,0,0,,,WP,,B,,0,,,,,,,,0,0,
200,8902301237,10,0,1,EA,1,1,EA,0,1,1,399.0,399.0,LB,93117.024,IN3,,45563,45563,1,2552.97,,0,6593292191,10,J,1487759566,10,,13R516,"Jobsite Cabinet,60 in,Tan",,,M1,ZS,,10100206412654,004S,,1,10,4,US,CA,,,1,,,,,,,,,,X,X,0,,1,,,,,,4,0,,S_ITCJOBS,45565,0.292662037037037,,1,,1128.93,0,2269.95,0,283.02,175.92,283.02,1,,,,2004,,,,,,,PPA,X,,,13R516,0,1000,1499382390,0,,CA9265100,2728.89,X,0,0,,0,,T,,,,,US,,,CA,300,10,,,,C,,,0,,,,,175.92,,,,,2728.89,,0,,,,,,,,,,0,,0,,45565,,,,,,,,T,,,,,,,,,,,0,,,0,,,,,,,,,,0,0,0,,,,,,,,0,0,,0,0,,,,,,,0,,,0,0,0,,,WP,,B,,0,,,,,,,,0,0,
200,8902301238,10,0,1,EA,1,1,EA,0,1,1,2504.0,2504.0,LB,85272.544,IN3,,45563,45563,1,3931.74,,0,6595375235,10,J,1491484146,10,,14G862,"Cleaner/Degreaser,Mild Lemon,275 gal",,,L8,ZS,,10030200703041,004S,,1,10,4,US,CA,,,1,,,,,,,,,,X,X,0,,1,,,,,,4,0,,S_ITCJOBS,45565,0.292673611111111,,1,,1195.8,0,3378.15,0,553.59,261.81,553.59,1,,,,2004,,,,,,,PPA,X,,,14G862,0,1000,1499382391,0,,CA9265100,4193.55,X,0,0,,0,,T,,,,,US,,,CA,300,10,,,,C,,,0,,,,,261.81,,,,,4193.55,,0,,,,,,,,,,0,,0,,45565,,,,,,,,T,,,,,,,,,,,0,,,0,,,,,,,,,,0,0,0,,,,,,,,0,0,,0,0,,,,,,,0,,,0,0,0,,,WP,,B,,0,,,,,,,,0,0,
200,8902301239,10,0,1,EA,1,1,EA,0,1,1,1270.0,1270.0,LB,74618.775,IN3,,45563,45563,1,4418.04,,0,6593533900,10,J,1488564983,10,,13W877,"Sheet Metal Brake,Box and Pan,51"" Bend L",,,N2,ZS,,10240214131922,004S,,1,10,4,US,CA,,,1,,,,,,,,,,X,X,0,,1,,,,,,4,0,,S_ITCJOBS,45565,0.292696759259259,,1,,2131.55,0,3864.45,0,553.59,396.11,553.59,1,,,,2004,,,,,,,PPA,X,,,13W877,0,1000,1499382393,0,,CA9024900,4814.15,X,0,0,,0,,T,,,,,US,,,CA,300,10,,,,C,,,0,,,,,396.11,,,,,4814.150000000001,,0,,,,,,,,,,0,,0,,45565,,,,,,,,T,,,,,,,,,,,0,,,0,,,,,,,,,,0,0,0,,,,,,,,0,0,,0,0,,,,,,,0,,,0,0,0,,,WP,,B,,0,,,,,,,,0,0,
200,8902301240,10,0,1,EA,1,1,EA,0,1,1,237.0,237.0,LB,117968.0,IN3,,45563,45563,1,2516.56,,0,6593264322,10,J,1487688193,10,,13R517,"Piano-Style Jobsite Box,49 in,Tan",,,M1,ZS,,10100206412654,004S,,1,10,4,US,CA,,,1,,,,,,,,,,X,X,0,,1,,,,,,4,0,,S_ITCJOBS,45565,0.292708333333333,,1,,1169.19,0,2272.6,0,243.96,215.9,243.96,1,,,,2004,,,,,,,PPA,X,,,13R517,0,1000,1499382395,0,,CA9140600,2732.46,X,0,0,,0,,T,,,,,US,,,CA,300,10,,,,C,,,0,,,,,215.9,,,,,2732.46,,0,,,,,,,,,,0,,0,,45565,,,,,,,,T,,,,,,,,,,,0,,,0,,,,,,,,,,0,0,0,,,,,,,,0,0,,0,0,,,,,,,0,,,0,0,0,,,WP,,B,,0,,,,,,,,0,0,
200,8902301241,10,0,1,EA,1,1,EA,0,1,1,701.0,701.0,LB,123947.496,IN3,,45563,45563,1,2764.87,,0,6593472071,10,J,1488394788,10,,16X169,"Gun Safe,14.4 cu. ft.,Electronic",,,J2,ZS,,10300217428306,004S,,1,10,4,US,CA,,,1,,,,,,,,,,X,X,0,,1,,,,,,4,0,,S_ITCJOBS,45565,0.292719907407407,,1,,1611.04,0,2347.34,0,417.53,234.74,417.53,1,,,,2004,,,,,,,PPA,X,,,16X169,0,1000,1499382397,0,,CA9050200,2999.61,X,0,0,,0,,T,,,,,US,,,CA,300,10,,,,C,,,0,,,,,234.74,,,,,2999.61,,0,,,,,,,,,,0,,0,,45565,,,,,,,,T,,,,,,,,,,,0,,,0,,,,,,,,,,0,0,0,,,,,,,,0,0,,0,0,,,,,,,0,,,0,0,0,,,WP,,B,,0,,,,,,,,0,0,
200,8902301242,10,0,1,EA,1,1,EA,0,1,1,257.0,257.0,LB,116296.5,IN3,,45563,45563,1,3402.43,,0,6593255903,10,J,1487710073,10,,13R510,"Jobsite Cabinet,60 in,Tan",,,M1,ZS,,10100206412654,004S,,1,10,4,US,CA,,,1,,,,,,,,,,X,X,0,,1,,,,,,4,0,,S_ITCJOBS,45565,0.292731481481481,,1,,1527.93,0,3151.96,0,250.47,244.28,250.47,1,,,,2004,,,,,,,PPA,X,,,13R510,0,1000,1499382399,0,,CA9222300,3646.71,X,0,0,,0,,T,,,,,US,,,CA,300,10,,,,C,,,0,,,,,244.28,,,,,3646.71,,0,,,,,,,,,,0,,0,,45565,,,,,,,,T,,,,,,,,,,,0,,,0,,,,,,,,,,0,0,0,,,,,,,,0,0,,0,0,,,,,,,0,,,0,0,0,,,WP,,B,,0,,,,,,,,0,0,
200,8902301244,10,0,1,EA,1,1,EA,0,1,1,590.0,590.0,LB,120264.375,IN3,,45563,45563,1,4606.66,,0,6592147202,10,J,1485362239,10,,1WD80,"Electric Air Compressor, 5 hp, 2 Stage",,,G4,ZS,,10230222904973,004S,,1,10,4,US,CA,,,1,,,,,,,,,,X,X,0,1.0,1,,,,,,4,0,,S_ITCJOBS,45565,0.292800925925926,,1,,2150.4,0,4212.91,0,393.75,0.0,393.75,1,,,,2004,,,,,,,PPP,X,,,1WD80,0,1000,1499382402,0,,AK9951500,4606.66,X,0,0,,0,,T,,,,,US,,,AK,300,10,,,,C,,,0,,,,,0.0,,,,,4606.66,,0,,,,,,,,,,0,,0,,45565,,,,,,,,T,,,,,,,,,,,0,,,0,,,,,,,,,,0,0,0,,,,,,,,0,0,,0,0,,,,,,,0,,,0,0,0,,,WP,,D,,0,,,,,,,,0,0,
200,8902302218,10,0,1,EA,1,1,EA,0,1,1,545.0,545.0,LB,55166.88,IN3,,45563,45563,1,3699.82,,0,6593566546,10,J,1488649156,10,,13R504,"Mobile Cabinet Bench,Steel,54-1/4""W,26""D",,,M1,ZS,,10182784004397,004S,,1,10,4,US,CA,,,1,,,,,,,,,,X,X,0,1.0,1,,,,,,4,0,,S_ITCJOBS,45565,0.292268518518519,,1,,2057.24,0,3361.08,0,338.74,260.48,338.74,1,,,,2004,,,,,,,PPA,X,,,13R504,0,1000,1499382185,0,,CA9280500,3960.3,X,0,0,,0,,T,,,,,US,,,CA,300,10,,,,C,,,0,,,,,260.48,,,,,3960.3,,0,,,,,,,,,,0,,0,,45565,,,,,,,,T,,,,,,,,,,,0,,,0,,,,,,,,,,0,0,0,,,,,,,,0,0,,0,0,,,,,,,0,,,0,0,0,,,WP,,B,,0,,,,,,,,0,0,
200,8902302219,10,0,1,EA,1,1,EA,0,1,1,226.0,226.0,LB,141072.75,IN3,,45563,45563,1,2668.03,,0,6593542739,10,J,1488574653,10,,16D544,"Alu 50""L 37.75""H 36""W Exhst Fan",,,C7,ZS,,10122432503823,004S,,1,10,4,US,CA,,,1,,,,,,,,,,X,X,0,,1,,,,,,4,0,,S_ITCJOBS,45565,0.292280092592593,,1,,906.21,0,2424.07,0,243.96,230.28,243.96,1,,,,2004,,,,,,,PPA,X,,,16D544,0,1000,1499382186,0,,CA9136700,2898.31,X,0,0,,0,,T,,,,,US,,,CA,300,10,,,,C,,,0,,,,,230.28,,,,,2898.31,,0,,,,,,,,,,0,,0,,45565,,,,,,,,T,,,,,,,,,,,0,,,0,,,,,,,,,,0,0,0,,,,,,,,0,0,,0,0,,,,,,,0,,,0,0,0,,,WP,,B,,0,,,,,,,,0,0,
200,8902302220,10,0,1,EA,1,1,EA,0,1,1,897.0,897.0,LB,186946.2,IN3,,45563,45563,1,6771.08,,0,6595155001,10,J,1491096878,10,,16V893,"Electric Air Compressor, 10 hp, 2 Stage",,,G4,ZS,,10230222904973,004S,,1,10,4,US,CA,,,1,,,,,,,,,,X,X,0,,1,,,,,,4,0,,S_ITCJOBS,45565,0.292291666666667,,1,,4025.18,0,6291.52,0,479.56,644.88,479.56,1,,,,2004,,,,,,,PPA,X,,,16V893,0,1000,1499382188,0,,CA9025000,7415.96,X,0,0,,0,,T,,,,,US,,,CA,300,10,,,,C,,,0,,,,,644.88,,,,,7415.96,,0,,,,,,,,,,0,,0,,45565,,,,,,,,T,,,,,,,,,,,0,,,0,,,,,,,,,,0,0,0,,,,,,,,0,0,,0,0,,,,,,,0,,,0,0,0,,,WP,,B,,0,,,,,,,,0,0,
200,8902302221,10,0,1,EA,1,1,EA,0,1,1,897.0,897.0,LB,186946.2,IN3,,45563,45563,1,6771.08,,0,6594312159,10,J,1489876390,10,,16V893,"Electric Air Compressor, 10 hp, 2 Stage",,,G4,ZS,,10230222904973,004S,,1,10,4,US,CA,,,1,,,,,,,,,,X,X,0,,1,,,,,,4,0,,S_ITCJOBS,45565,0.292303240740741,,1,,4025.18,0,6291.52,0,479.56,597.69,479.56,1,,,,2004,,,,,,,PPA,X,,,16V893,0,1000,1499382190,0,,CA9136400,7368.77,X,0,0,,0,,T,,,,,US,,,CA,300,10,,,,C,,,0,,,,,597.69,,,,,7368.77,,0,,,,,,,,,,0,,0,,45565,,,,,,,,T,,,,,,,,,,,0,,,0,,,,,,,,,,0,0,0,,,,,,,,0,0,,0,0,,,,,,,0,,,0,0,0,,,WP,,B,,0,,,,,,,,0,0,
200,8902302222,10,0,1,EA,1,1,EA,0,1,1,590.0,590.0,LB,120264.375,IN3,,45563,45563,1,4571.75,,0,6593776733,10,J,1489104848,10,,1WD80,"Electric Air Compressor, 5 hp, 2 Stage",,,G4,ZS,,10230222904973,004S,,1,10,4,US,CA,,,1,,,,,,,,,,X,X,0,1.0,1,,,,,,4,0,,S_ITCJOBS,45565,0.292314814814815,,1,,2150.4,0,4212.91,0,358.84,389.69,358.84,1,,,,2004,,,,,,,PPA,X,,,1WD80,0,1000,1499382192,0,,CA9303300,4961.44,X,0,0,,0,,T,,,,,US,,,CA,300,10,,,,C,,,0,,,,,389.69,,,,,4961.4400000000005,,0,,,,,,,,,,0,,0,,45565,,,,,,,,T,,,,,,,,,,,0,,,0,,,,,,,,,,0,0,0,,,,,,,,0,0,,0,0,,,,,,,0,,,0,0,0,,,WP,,D,,0,,,,,,,,0,0,
200,8902302223,10,0,1,EA,1,1,EA,0,1,1,688.0,688.0,LB,233860.9,IN3,,45563,45563,1,4650.24,,0,6593773739,10,J,1489103571,10,,14V855,"Jobsite Field Office,83 in,Tan",,,M1,ZS,,10100206412654,004S,,1,10,4,US,CA,,,1,,,,,,,,,,X,X,0,,1,,,,,,4,0,,S_ITCJOBS,45565,0.292337962962963,,1,,2057.92,0,4252.83,0,397.41,350.85,397.41,1,,,,2004,,,,,,,PPA,X,,,14V855,0,1000,1499382194,0,,CA9205700,5001.09,X,0,0,,0,,T,,,,,US,,,CA,300,10,,,,C,,,0,,,,,350.85,,,,,5001.09,,0,,,,,,,,,,0,,0,,45565,,,,,,,,T,,,,,,,,,,,0,,,0,,,,,,,,,,0,0,0,,,,,,,,0,0,,0,0,,,,,,,0,,,0,0,0,,,WP,,B,,0,,,,,,,,0,0,
200,8902302224,10,0,1,EA,1,1,EA,0,1,1,450.0,450.0,LB,117410.88,IN3,,45563,45563,1,3322.08,,0,6594727133,10,J,1490405541,10,,13R515,"Jobsite Cabinet,60 in,Tan",,,M1,ZS,,10100206412654,004S,,1,10,4,US,CA,,,1,,,,,,,,,,X,X,0,,1,,,,,,4,0,,S_ITCJOBS,45565,0.292349537037037,,1,,1238.16,0,2996.75,0,325.33,307.18,325.33,1,,,,2004,,,,,,,PPA,X,,,13R515,0,1000,1499382196,0,,CA9023000,3629.26,X,0,0,,0,,T,,,,,US,,,CA,300,10,,,,C,,,0,,,,,307.18,,,,,3629.26,,0,,,,,,,,,,0,,0,,45565,,,,,,,,T,,,,,,,,,,,0,,,0,,,,,,,,,,0,0,0,,,,,,,,0,0,,0,0,,,,,,,0,,,0,0,0,,,WP,,B,,0,,,,,,,,0,0,
200,8902303212,10,0,1,EA,1,1,EA,0,1,1,417.0,417.0,LB,123125.76,IN3,,45563,45563,1,3113.14,,0,6593262787,10,J,1487745083,10,,13R512,"Piano-Style Jobsite Box,54 1/2 in,Tan",,,M1,ZS,,10100206412654,004S,,1,10,4,US,CA,,,1,,,,,,,,,,X,X,0,,1,,,,,,4,0,,S_ITCJOBS,45565,0.292106481481482,,1,,1450.3,0,2802.91,0,310.23,217.22,310.23,1,,,,2004,,,,,,,PPA,X,,,13R512,0,1000,1499383858,0,,CA9173001,3330.36,X,0,0,,0,,T,,,,,US,,,CA,300,10,,,,C,,,0,,,,,217.22,,,,,3330.36,,0,,,,,,,,,,0,,0,,45565,,,,,,,,T,,,,,,,,,,,0,,,0,,,,,,,,,,0,0,0,,,,,,,,0,0,,0,0,,,,,,,0,,,0,0,0,,,WP,,B,,0,,,,,,,,0,0,
200,8902303213,10,0,1,EA,1,1,EA,0,1,1,417.0,417.0,LB,123125.76,IN3,,45563,45563,1,3113.14,,0,6593917303,10,J,1489333733,10,,13R512,"Piano-Style Jobsite Box,54 1/2 in,Tan",,,M1,ZS,,10100206412654,004S,,1,10,4,US,CA,,,1,,,,,,,,,,X,X,0,,1,,,,,,4,0,,S_ITCJOBS,45565,0.292118055555556,,1,,1450.3,0,2802.91,0,310.23,217.22,310.23,1,,,,2004,,,,,,,PPA,X,,,13R512,0,1000,1499383860,0,,CA9283500,3330.36,X,0,0,,0,,T,,,,,US,,,CA,300,10,,,,C,,,0,,,,,217.22,,,,,3330.36,,0,,,,,,,,,,0,,0,,45565,,,,,,,,T,,,,,,,,,,,0,,,0,,,,,,,,,,0,0,0,,,,,,,,0,0,,0,0,,,,,,,0,,,0,0,0,,,WP,,B,,0,,,,,,,,0,0,
200,8902303214,10,0,1,EA,1,1,EA,0,1,1,910.0,910.0,LB,189440.0,IN3,,45563,45563,1,6729.66,,0,6595088218,10,J,1490975045,10,,16V892,"Electric Air Compressor, 10 hp, 2 Stage",,,G4,ZS,,10230222904973,004S,,1,10,4,US,CA,,,1,,,,,,,,,,X,X,0,,1,,,,,,4,0,,S_ITCJOBS,45565,0.292141203703704,,1,,4025.18,0,6229.99,0,499.67,545.12,499.67,1,,,,2004,,,,,,,PPA,X,,,16V892,0,1000,1499383862,0,,CA9171000,7274.78,X,0,0,,0,,T,,,,,US,,,CA,300,10,,,,C,,,0,,,,,545.12,,,,,7274.78,,0,,,,,,,,,,0,,0,,45565,,,,,,,,T,,,,,,,,,,,0,,,0,,,,,,,,,,0,0,0,,,,,,,,0,0,,0,0,,,,,,,0,,,0,0,0,,,WP,,B,,0,,,,,,,,0,0,
200,8902303215,10,0,1,EA,1,1,EA,0,1,1,956.0,956.0,LB,208593.0,IN3,,45563,45563,1,7149.03,,0,6594422714,10,J,1490073103,10,,16V894,"Electric Air Compressor, 10 hp, 2 Stage",,,G4,ZS,,10230222904973,004S,,1,10,4,US,CA,,,1,,,,,,,,,,X,X,0,,1,,,,,,4,0,,S_ITCJOBS,45565,0.292152777777778,,1,,4170.65,0,6632.58,0,516.45,580.35,516.45,1,,,,2004,,,,,,,PPA,X,,,16V894,0,1000,1499383864,0,,CA9250400,7729.38,X,0,0,,0,,T,,,,,US,,,CA,300,10,,,,C,,,0,,,,,580.35,,,,,7729.38,,0,,,,,,,,,,0,,0,,45565,,,,,,,,T,,,,,,,,,,,0,,,0,,,,,,,,,,0,0,0,,,,,,,,0,0,,0,0,,,,,,,0,,,0,0,0,,,WP,,B,,0,,,,,,,,0,0,
200,8902303216,10,0,1,EA,1,1,EA,0,1,1,417.0,417.0,LB,123125.76,IN3,,45563,45563,1,3113.14,,0,6594714409,10,J,1490416037,10,,13R512,"Piano-Style Jobsite Box,54 1/2 in,Tan",,,M1,ZS,,10100206412654,004S,,1,10,4,US,CA,,,1,,,,,,,,,,X,X,0,,1,,,,,,4,0,,S_ITCJOBS,45565,0.292164351851852,,1,,1450.3,0,2802.91,0,310.23,217.22,310.23,1,,,,2004,,,,,,,PPA,X,,,13R512,0,1000,1499383866,0,,CA9202900,3330.36,X,0,0,,0,,T,,,,,US,,,CA,300,10,,,,C,,,0,,,,,217.22,,,,,3330.36,,0,,,,,,,,,,0,,0,,45565,,,,,,,,T,,,,,,,,,,,0,,,0,,,,,,,,,,0,0,0,,,,,,,,0,0,,0,0,,,,,,,0,,,0,0,0,,,WP,,B,,0,,,,,,,,0,0,
200,8902303217,10,0,1,EA,1,1,EA,0,1,1,509.0,509.0,LB,122239.638,IN3,,45563,45563,1,3619.92,,0,6593192928,10,J,1487513929,10,,13R509,"Jobsite Cabinet,54 1/2 in,Tan",,,M1,ZS,,10100206412654,004S,,1,10,4,US,CA,,,1,,,,,,,,,,X,X,0,,1,,,,,,4,0,,S_ITCJOBS,45565,0.292175925925926,,1,,1724.61,0,3281.18,0,338.74,336.32,338.74,1,,,,2004,,,,,,,PPA,X,,,13R509,0,1000,1499383868,0,,CA9150200,3956.24,X,0,0,,0,,T,,,,,US,,,CA,300,10,,,,C,,,0,,,,,336.32,,,,,3956.2400000000002,,0,,,,,,,,,,0,,0,,45565,,,,,,,,T,,,,,,,,,,,0,,,0,,,,,,,,,,0,0,0,,,,,,,,0,0,,0,0,,,,,,,0,,,0,0,0,,,WP,,B,,0,,,,,,,,0,0,
200,8902303218,10,0,1,EA,1,1,EA,0,1,1,595.0,595.0,LB,131560.0,IN3,,45563,45563,1,3777.42,,0,6593706846,10,J,1489008403,10,,1WD82,"Electric Air Compressor, 5 hp, 2 Stage",,,G4,ZS,,10230222904973,004S,,1,10,4,US,CA,,,1,,,,,,,,,,X,X,0,1.0,1,,,,,,4,0,,S_ITCJOBS,45565,0.2921875,,1,,2150.4,0,3418.58,0,358.84,324.76,358.84,1,,,,2004,,,,,,,PPA,X,,,1WD82,0,1000,1499383870,0,,CA9004300,4102.18,X,0,0,,0,,T,,,,,US,,,CA,300,10,,,,C,,,0,,,,,324.76,,,,,4102.18,,0,,,,,,,,,,0,,0,,45565,,,,,,,,T,,,,,,,,,,,0,,,0,,,,,,,,,,0,0,0,,,,,,,,0,0,,0,0,,,,,,,0,,,0,0,0,,,WP,,D,,0,,,,,,,,0,0,
200,8902303219,10,0,1,EA,1,1,EA,0,1,1,369.0,369.0,LB,59660.0,IN3,,45563,45563,1,2068.27,,0,6593720621,10,J,1489031174,10,,16D690,"Storage Cabinet,78""x36""x18"",Gray,4Shlv",,,K1,ZS,,10180210204399,004S,,1,10,4,US,CA,,,1,,,,,,,,,,X,X,0,,1,,,,,,4,0,,S_ITCJOBS,45565,0.292199074074074,,1,,792.36,0,1785.25,0,283.02,169.61,283.02,1,,,,2004,,,,,,,PPA,X,,,16D690,0,1000,1499383872,0,,CA9136700,2237.88,X,0,0,,0,,T,,,,,US,,,CA,300,10,,,,C,,,0,,,,,169.61,,,,,2237.88,,0,,,,,,,,,,0,,0,,45565,,,,,,,,T,,,,,,,,,,,0,,,0,,,,,,,,,,0,0,0,,,,,,,,0,0,,0,0,,,,,,,0,,,0,0,0,,,WP,,B,,0,,,,,,,,0,0,
200,8902303220,10,0,1,EA,1,1,EA,0,1,1,688.0,688.0,LB,233860.9,IN3,,45563,45563,1,4650.24,,0,6595048597,10,J,1490904772,10,,14V855,"Jobsite Field Office,83 in,Tan",,,M1,ZS,,10100206412654,004S,,1,10,4,US,CA,,,1,,,,,,,,,,X,X,0,,1,,,,,,4,0,,S_ITCJOBS,45565,0.292210648148148,,1,,2057.92,0,4252.83,0,397.41,404.02,397.41,1,,,,2004,,,,,,,PPA,X,,,14V855,0,1000,1499383874,0,,CA9003600,5054.26,X,0,0,,0,,T,,,,,US,,,CA,300,10,,,,C,,,0,,,,,404.02,,,,,5054.26,,0,,,,,,,,,,0,,0,,45565,,,,,,,,T,,,,,,,,,,,0,,,0,,,,,,,,,,0,0,0,,,,,,,,0,0,,0,0,,,,,,,0,,,0,0,0,,,WP,,B,,0,,,,,,,,0,0,
200,8902303221,10,0,1,EA,1,1,EA,0,1,1,671.0,671.0,LB,117410.88,IN3,,45563,45563,1,4407.69,,0,6593201071,10,J,1487572378,10,,13R503,"Jobsite Cabinet,60 in,Tan",,,M1,ZS,,10100206412654,004S,,1,10,4,US,CA,,,1,,,,,,,,,,X,X,0,,1,,,,,,4,0,,S_ITCJOBS,45565,0.292233796296296,,1,,1975.31,0,4010.28,0,397.41,411.06,397.41,1,,,,2004,,,,,,,PPA,X,,,13R503,0,1000,1499383876,0,,CA9071300,4818.75,X,0,0,,0,,T,,,,,US,,,CA,300,10,,,,C,,,0,,,,,411.06,,,,,4818.75,,0,,,,,,,,,,0,,0,,45565,,,,,,,,T,,,,,,,,,,,0,,,0,,,,,,,,,,0,0,0,,,,,,,,0,0,,0,0,,,,,,,0,,,0,0,0,,,WP,,B,,0,,,,,,,,0,0,
200,8902303222,10,0,1,EA,1,1,EA,0,1,1,910.0,910.0,LB,189440.0,IN3,,45563,45563,1,6761.81,,0,6592083668,10,J,1485188657,10,,16V892,"Electric Air Compressor, 10 hp, 2 Stage",,,G4,ZS,,10230222904973,004S,,1,10,4,US,CA,,,1,,,,,,,,,,X,X,0,,1,,,,,,4,0,,S_ITCJOBS,45565,0.292280092592593,,1,,4025.18,0,6229.99,0,531.82,0.0,531.82,1,,,,2004,,,,,,,PPA,X,,,16V892,0,1000,1499383877,0,,AK9951500,6761.81,X,0,0,,0,,T,,,,,US,,,AK,300,10,,,,C,,,0,,,,,0.0,,,,,6761.81,,0,,,,,,,,,,0,,0,,45565,,,,,,,,T,,,,,,,,,,,0,,,0,,,,,,,,,,0,0,0,,,,,,,,0,0,,0,0,,,,,,,0,,,0,0,0,,,WP,,B,,0,,,,,,,,0,0,
200,8902304225,10,0,1,EA,1,1,EA,0,1,1,600.0,600.0,LB,55687.5,IN3,,45563,45563,1,4459.29,,0,6593249053,10,J,1487610913,10,,14V882,"Mobile Cabinet Bench,Steel,54-1/4""W,26""D",,,M1,ZS,,10182784004397,004S,,1,10,4,US,CA,,,1,,,,,,,,,,X,X,0,1.0,1,,,,,,4,0,,S_ITCJOBS,45565,0.29212962962963,,1,,2578.63,0,4082.0,0,377.29,387.8,377.29,1,,,,2004,,,,,,,PPA,X,,,14V882,0,1000,1499382906,0,,CA9004700,4847.09,X,0,0,,0,,T,,,,,US,,,CA,300,10,,,,C,,,0,,,,,387.8,,,,,4847.09,,0,,,,,,,,,,0,,0,,45565,,,,,,,,T,,,,,,,,,,,0,,,0,,,,,,,,,,0,0,0,,,,,,,,0,0,,0,0,,,,,,,0,,,0,0,0,,,WP,,B,,0,,,,,,,,0,0,
200,8902304226,10,0,1,EA,1,1,EA,0,1,1,369.0,369.0,LB,59660.0,IN3,,45563,45563,1,2068.27,,0,6593512454,10,J,1488449411,10,,16D690,"Storage Cabinet,78""x36""x18"",Gray,4Shlv",,,K1,ZS,,10180210204399,004S,,1,10,4,US,CA,,,1,,,,,,,,,,X,X,0,,1,,,,,,4,0,,S_ITCJOBS,45565,0.292152777777778,,1,,792.36,0,1785.25,0,283.02,156.22,283.02,1,,,,2004,,,,,,,PPA,X,,,16D690,0,1000,1499382908,0,,CA9191100,2224.49,X,0,0,,0,,T,,,,,US,,,CA,300,10,,,,C,,,0,,,,,156.22,,,,,2224.4900000000002,,0,,,,,,,,,,0,,0,,45565,,,,,,,,T,,,,,,,,,,,0,,,0,,,,,,,,,,0,0,0,,,,,,,,0,0,,0,0,,,,,,,0,,,0,0,0,,,WP,,B,,0,,,,,,,,0,0,
200,8902304227,10,0,1,EA,1,1,EA,0,1,1,459.0,459.0,LB,89472.0,IN3,,45563,45563,1,5210.33,,0,6595191357,10,J,1491127665,10,,11N148,"Air/Hydraulic Service Jack,10 tons,7"" H",,,L6,ZS,,10390222003863,004S,,1,10,4,US,CA,,,1,,,,,,,,,,X,X,0,,1,,,,,,4,0,,S_ITCJOBS,45565,0.292164351851852,,1,,3290.56,0,4885.0,0,325.33,427.44,325.33,1,,,,2004,,,,,,,PPA,X,,,11N148,0,1000,1499382910,0,,CA9239200,5637.77,X,0,0,,0,,T,,,,,US,,,CA,300,10,,,,C,,,0,,,,,427.44,,,,,5637.77,,0,,,,,,,,,,0,,0,,45565,,,,,,,,T,,,,,,,,,,,0,,,0,,,,,,,,,,0,0,0,,,,,,,,0,0,,0,0,,,,,,,0,,,0,0,0,,,WP,,B,,0,,,,,,,,0,0,
200,8902304228,10,0,1,EA,1,1,EA,0,1,1,1270.0,1270.0,LB,74618.775,IN3,,45563,45563,1,4418.04,,0,6594165135,10,J,1489626086,10,,13W877,"Sheet Metal Brake,Box and Pan,51"" Bend L",,,N2,ZS,,10240214131922,004S,,1,10,4,US,CA,,,1,,,,,,,,,,X,X,0,,1,,,,,,4,0,,S_ITCJOBS,45565,0.292175925925926,,1,,2131.55,0,3864.45,0,553.59,299.5,553.59,1,,,,2004,,,,,,,PPP,X,,,13W877,0,1000,1499382912,0,,CA9212100,4717.54,X,0,0,,0,,T,,,,,US,,,CA,300,10,,,,C,,,0,,,,,299.5,,,,,4717.54,,0,,,,,,,,,,0,,0,,45565,,,,,,,,T,,,,,,,,,,,0,,,0,,,,,,,,,,0,0,0,,,,,,,,0,0,,0,0,,,,,,,0,,,0,0,0,,,WP,,B,,0,,,,,,,,0,0,
200,8902304229,10,0,1,EA,1,1,EA,0,1,1,237.0,237.0,LB,117968.0,IN3,,45563,45563,1,2516.56,,0,6593654124,10,J,1488747312,10,,13R517,"Piano-Style Jobsite Box,49 in,Tan",,,M1,ZS,,10100206412654,004S,,1,10,4,US,CA,,,1,,,,,,,,,,X,X,0,,1,,,,,,4,0,,S_ITCJOBS,45565,0.2921875,,1,,1169.19,0,2272.6,0,243.96,176.13,243.96,1,,,,2004,,,,,,,PPA,X,,,13R517,0,1000,1499382914,0,,CA9280100,2692.69,X,0,0,,0,,T,,,,,US,,,CA,300,10,,,,C,,,0,,,,,176.13,,,,,2692.69,,0,,,,,,,,,,0,,0,,45565,,,,,,,,T,,,,,,,,,,,0,,,0,,,,,,,,,,0,0,0,,,,,,,,0,0,,0,0,,,,,,,0,,,0,0,0,,,WP,,B,,0,,,,,,,,0,0,
200,8902304230,10,0,1,EA,1,1,EA,0,1,1,297.1,297.1,LB,52920.0,IN3,,45563,45563,1,31894.57,,0,6594835544,10,J,1490545772,10,,1UDW5,"Master Tool Set,Technician,1258-Pieces",,,M1,ZS,,10100205113586,004S,,1,10,4,US,CA,,,1,,,,,,,,,,X,X,0,,1,,,,,,4,0,,S_ITCJOBS,45565,0.2921875,,1,,12861.88,0,31644.1,0,250.47,2452.42,250.47,1,,,,2004,,,,,,,PPA,X,,,1UDW5,0,1000,1499382916,0,,CA9280100,34346.99,X,0,0,,0,,T,,,,,US,,,CA,300,10,,,,C,,,0,,,,,2452.42,,,,,34346.99,,0,,,,,,,,,,0,,0,,45565,,,,,,,,T,,,,,,,,,,,0,,,0,,,,,,,,,,0,0,0,,,,,,,,0,0,,0,0,,,,,,,0,,,0,0,0,,,WP,,D,,0,,,,,,,,0,0,
200,8902304231,10,0,1,EA,1,1,EA,0,1,1,1241.0,1241.0,LB,190624.0,IN3,,45563,45563,1,9033.58,,0,6593597424,10,J,1488707411,10,,16V896,"Electric Air Compressor, 15 hp, 2 Stage",,,G4,ZS,,10230222904973,004S,,1,10,4,US,CA,,,1,,,,,,,,,,X,X,0,,1,,,,,,4,0,,S_ITCJOBS,45565,0.292222222222222,,1,,4887.57,0,8479.99,0,553.59,805.6,553.59,1,,,,2004,,,,,,,PPA,X,,,16V896,0,1000,1499382917,0,,CA9027800,9839.18,X,0,0,,0,,T,,,,,US,,,CA,300,10,,,,C,,,0,,,,,805.6,,,,,9839.18,,0,,,,,,,,,,0,,0,,45565,,,,,,,,T,,,,,,,,,,,0,,,0,,,,,,,,,,0,0,0,,,,,,,,0,0,,0,0,,,,,,,0,,,0,0,0,,,WP,,B,,0,,,,,,,,0,0,
200,8902304232,10,0,1,EA,1,1,EA,0,1,1,417.0,417.0,LB,123125.76,IN3,,45563,45563,1,3113.14,,0,6593211528,10,J,1487525348,10,,13R512,"Piano-Style Jobsite Box,54 1/2 in,Tan",,,M1,ZS,,10100206412654,004S,,1,10,4,US,CA,,,1,,,,,,,,,,X,X,0,,1,,,,,,4,0,,S_ITCJOBS,45565,0.292233796296296,,1,,1450.3,0,2802.91,0,310.23,287.3,310.23,1,,,,2004,,,,,,,PPA,X,,,13R512,0,1000,1499382919,0,,CA9060300,3400.44,X,0,0,,0,,T,,,,,US,,,CA,300,10,,,,C,,,0,,,,,287.3,,,,,3400.44,,0,,,,,,,,,,0,,0,,45565,,,,,,,,T,,,,,,,,,,,0,,,0,,,,,,,,,,0,0,0,,,,,,,,0,0,,0,0,,,,,,,0,,,0,0,0,,,WP,,B,,0,,,,,,,,0,0,
200,8902304233,10,0,1,EA,1,1,EA,0,1,1,257.0,257.0,LB,116296.5,IN3,,45563,45563,1,3402.43,,0,6593901153,10,J,1489272082,10,,13R510,"Jobsite Cabinet,60 in,Tan",,,M1,ZS,,10100206412654,004S,,1,10,4,US,CA,,,1,,,,,,,,,,X,X,0,,1,,,,,,4,0,,S_ITCJOBS,45565,0.292233796296296,,1,,1527.93,0,3151.96,0,250.47,323.08,250.47,1,,,,2004,,,,,,,PPA,X,,,13R510,0,1000,1499382921,0,,CA9060300,3725.51,X,0,0,,0,,T,,,,,US,,,CA,300,10,,,,C,,,0,,,,,323.08,,,,,3725.51,,0,,,,,,,,,,0,,0,,45565,,,,,,,,T,,,,,,,,,,,0,,,0,,,,,,,,,,0,0,0,,,,,,,,0,0,,0,0,,,,,,,0,,,0,0,0,,,WP,,B,,0,,,,,,,,0,0,
200,8902304234,10,0,1,EA,1,1,EA,0,1,1,600.0,600.0,LB,55687.5,IN3,,45563,45563,1,4459.29,,0,6593610812,10,J,1488725890,10,,14V882,"Mobile Cabinet Bench,Steel,54-1/4""W,26""D",,,M1,ZS,,10182784004397,004S,,1,10,4,US,CA,,,1,,,,,,,,,,X,X,0,1.0,1,,,,,,4,0,,S_ITCJOBS,45565,0.292268518518519,,1,,2578.63,0,4082.0,0,377.29,316.36,377.29,1,,,,2004,,,,,,,PPA,X,,,14V882,0,1000,1499382922,0,,CA9213900,4775.65,X,0,0,,0,,T,,,,,US,,,CA,300,10,,,,C,,,0,,,,,316.36,,,,,4775.650000000001,,0,,,,,,,,,,0,,0,,45565,,,,,,,,T,,,,,,,,,,,0,,,0,,,,,,,,,,0,0,0,,,,,,,,0,0,,0,0,,,,,,,0,,,0,0,0,,,WP,,B,,0,,,,,,,,0,0,
200,8902304235,10,0,1,EA,1,1,EA,0,1,1,413.0,413.0,LB,84146.022,IN3,,45563,45563,1,5977.02,,0,6594267947,10,J,1489834805,10,,15A518,"Commercial Gas Water Heater,100 gal",,,E1,ZS,,10221736104825,004S,,1,10,4,US,CA,,,1,,,,,,,,,,X,X,0,,1,,,,,,4,0,,S_ITCJOBS,45565,0.292280092592593,,1,,2093.27,0,5666.79,0,310.23,524.17,310.23,1,,,,2004,,,,,,,PPA,X,,,15A518,0,1000,1499382924,0,,CA9270500,6501.19,X,0,0,,0,,T,,,,,US,,,CA,300,10,,,,C,,,0,,,,,524.17,,,,,6501.1900000000005,,0,,,,,,,,,,0,,0,,45565,,,,,,,,T,,,,,,,,,,,0,,,0,,,,,,,,,,0,0,0,,,,,,,,0,0,,0,0,,,,,,,0,,,0,0,0,,,WP,,B,,0,,,,,,,,0,0,
200,8902304236,10,0,1,EA,1,1,EA,0,1,1,417.0,417.0,LB,123125.76,IN3,,45563,45563,1,3113.14,,0,6593512721,10,J,1488449871,10,,13R512,"Piano-Style Jobsite Box,54 1/2 in,Tan",,,M1,ZS,,10100206412654,004S,,1,10,4,US,CA,,,1,,,,,,,,,,X,X,0,,1,,,,,,4,0,,S_ITCJOBS,45565,0.292291666666667,,1,,1450.3,0,2802.91,0,310.23,287.3,310.23,1,,,,2004,,,,,,,PPA,X,,,13R512,0,1000,1499382926,0,,CA9004602,3400.44,X,0,0,,0,,T,,,,,US,,,CA,300,10,,,,C,,,0,,,,,287.3,,,,,3400.44,,0,,,,,,,,,,0,,0,,45565,,,,,,,,T,,,,,,,,,,,0,,,0,,,,,,,,,,0,0,0,,,,,,,,0,0,,0,0,,,,,,,0,,,0,0,0,,,WP,,B,,0,,,,,,,,0,0,
200,8902304237,10,0,1,EA,1,1,EA,0,1,1,404.0,404.0,LB,78559.25,IN3,,45563,45563,1,2091.37,,0,6595154951,10,J,1491096769,10,,1UBK5,"Bin Cabinet,72""x36""x24"",Gray,96YlwBns",,,K1,ZS,,10180210226644,004S,,1,10,4,US,CA,,,1,,,,,,,,,,X,X,0,,1,,,,,,4,0,,S_ITCJOBS,45565,0.292303240740741,,1,,738.19,0,1781.14,0,310.23,138.04,310.23,1,,,,2004,,,,,,,PPA,X,,,1UBK5,0,1000,1499382928,0,,CA9261002,2229.41,X,0,0,,0,,T,,,,,US,,,CA,300,10,,,,C,,,0,,,,,138.04,,,,,2229.41,,0,,,,,,,,,,0,,0,,45565,,,,,,,,T,,,,,,,,,,,0,,,0,,,,,,,,,,0,0,0,,,,,,,,0,0,,0,0,,,,,,,0,,,0,0,0,,,WP,,C,,0,,,,,,,,0,0,
200,8902305203,10,0,1,EA,1,1,EA,0,1,1,417.0,417.0,LB,123125.76,IN3,,45563,45563,1,3113.14,,0,6593224274,10,J,1487501917,10,,13R512,"Piano-Style Jobsite Box,54 1/2 in,Tan",,,M1,ZS,,10100206412654,004S,,1,10,4,US,CA,,,1,,,,,,,,,,X,X,0,,1,,,,,,4,0,,S_ITCJOBS,45565,0.292152777777778,,1,,1450.3,0,2802.91,0,310.23,245.25,310.23,1,,,,2004,,,,,,,PPA,X,,,13R512,0,1000,1499381296,0,,CA9237300,3358.39,X,0,0,,0,,T,,,,,US,,,CA,300,10,,,,C,,,0,,,,,245.25,,,,,3358.39,,0,,,,,,,,,,0,,0,,45565,,,,,,,,T,,,,,,,,,,,0,,,0,,,,,,,,,,0,0,0,,,,,,,,0,0,,0,0,,,,,,,0,,,0,0,0,,,WP,,B,,0,,,,,,,,0,0,
200,8902305204,10,0,1,EA,1,1,EA,0,1,1,969.0,969.0,LB,202633.2,IN3,,45563,45563,1,7040.93,,0,6594390828,10,J,1489998985,10,,16V895,"Electric Air Compressor, 10 hp, 2 Stage",,,G4,ZS,,10230222904973,004S,,1,10,4,US,CA,,,1,,,,,,,,,,X,X,0,,1,,,,,,4,0,,S_ITCJOBS,45565,0.292175925925926,,1,,4170.65,0,6524.48,0,516.45,668.76,516.45,1,,,,2004,,,,,,,PPA,X,,,16V895,0,1000,1499381298,0,,CA9024900,7709.69,X,0,0,,0,,T,,,,,US,,,CA,300,10,,,,C,,,0,,,,,668.76,,,,,7709.6900000000005,,0,,,,,,,,,,0,,0,,45565,,,,,,,,T,,,,,,,,,,,0,,,0,,,,,,,,,,0,0,0,,,,,,,,0,0,,0,0,,,,,,,0,,,0,0,0,,,WP,,B,,0,,,,,,,,0,0,
200,8902305205,10,0,1,EA,1,1,EA,0,1,1,417.0,417.0,LB,123125.76,IN3,,45563,45563,1,3113.14,,0,6594702522,10,J,1490376512,10,,13R512,"Piano-Style Jobsite Box,54 1/2 in,Tan",,,M1,ZS,,10100206412654,004S,,1,10,4,US,CA,,,1,,,,,,,,,,X,X,0,,1,,,,,,4,0,,S_ITCJOBS,45565,0.2921875,,1,,1450.3,0,2802.91,0,310.23,217.22,310.23,1,,,,2004,,,,,,,PPA,X,,,13R512,0,1000,1499381300,0,,CA9262600,3330.36,X,0,0,,0,,T,,,,,US,,,CA,300,10,,,,C,,,0,,,,,217.22,,,,,3330.36,,0,,,,,,,,,,0,,0,,45565,,,,,,,,T,,,,,,,,,,,0,,,0,,,,,,,,,,0,0,0,,,,,,,,0,0,,0,0,,,,,,,0,,,0,0,0,,,WP,,B,,0,,,,,,,,0,0,
200,8902305206,10,0,1,EA,1,1,EA,0,1,1,254.0,254.0,LB,67947.0,IN3,,45563,45563,1,7582.65,,0,6593884082,10,J,1489327104,10,,14H097,"Variable Frequency Drive,40 hp,460V AC",,,B2,ZS,,10052985208262,004S,,1,10,4,US,CA,,,1,,,,,,,,,,X,X,0,,1,,,,,,4,0,,S_ITCJOBS,45565,0.292199074074074,,1,,4648.44,0,7332.18,0,250.47,568.24,250.47,1,,,,2004,,,,,,,PPA,X,,,14H097,0,1000,1499381302,0,,CA9215400,8150.89,X,0,0,,0,,T,,,,,US,,,CA,300,10,,,,C,,,0,,,,,568.24,,,,,8150.89,,0,,,,,,,,,,0,,0,,45565,,,,,,,,T,,,,,,,,,,,0,,,0,,,,,,,,,,0,0,0,,,,,,,,0,0,,0,0,,,,,,,0,,,0,0,0,,,WP,,B,,0,,,,,,,,0,0,
200,8902305207,10,0,1,EA,1,1,EA,0,1,1,586.0,586.0,LB,102828.0,IN3,,45563,45563,1,3681.75,,0,6595451382,10,J,1491614541,10,,13R507,"Mobile Cabinet Bench,Steel,62"" W,32"" D",,,M1,ZS,,10182784004397,004S,,1,10,4,US,CA,,,1,,,,,,,,,,X,X,0,1.0,1,,,,,,4,0,,S_ITCJOBS,45565,0.292233796296296,,1,,1900.91,0,3278.0,0,403.75,173.48,403.75,1,,,,2004,,,,,,,PPA,X,,,13R507,0,1000,1499381304,0,,HI9674400,3855.23,X,0,0,,0,,T,,,,,US,,,HI,300,10,,,,C,,,0,,,,,173.48,,,,,3855.23,,0,,,,,,,,,,0,,0,,45565,,,,,,,,T,,,,,,,,,,,0,,,0,,,,,,,,,,0,0,0,,,,,,,,0,0,,0,0,,,,,,,0,,,0,0,0,,,WP,,B,,0,,,,,,,,0,0,
200,8902305208,10,0,1,EA,1,1,EA,0,1,1,226.0,226.0,LB,75258.0,IN3,,45563,45563,1,1468.32,,0,6592485891,10,J,1486347800,10,,1WDN3,"Gravity Vent,24 In,Base 28 1/2 In Sq",,,C1,ZS,,10122432503825,004S,,1,10,4,US,CA,,,1,,,,,,,,,,X,X,0,,1,,,,,,4,0,,S_ITCJOBS,45565,0.29224537037037,,1,,431.4,0,1234.36,0,233.96,108.0,233.96,1,,,,2004,,,,,,,PPA,X,,,1WDN3,0,1000,1499381306,0,,CA9582600,1576.32,X,0,0,,0,,T,,,,,US,,,CA,300,10,,,,C,,,0,,,,,108.0,,,,,1576.32,,0,,,,,,,,,,0,,0,,45565,,,,,,,,T,,,,,,,,,,,0,,,0,,,,,,,,,,0,0,0,,,,,,,,0,0,,0,0,,,,,,,0,,,0,0,0,,,WP,,D,,0,,,,,,,,0,0,
200,8902305209,10,0,1,EA,1,1,EA,0,1,1,340.0,340.0,LB,163571.5,IN3,,45563,45563,1,3592.27,,0,6593331205,10,J,1487898145,10,,13R511,"Clam-Shell Jobsite Cabinet,65 in,Tan",,,M1,ZS,,10100206412654,004S,,1,10,4,US,CA,,,1,,,,,,,,,,X,X,0,,1,,,,,,4,0,,S_ITCJOBS,45565,0.292268518518519,,1,,1511.41,0,3332.03,0,260.24,291.55,260.24,1,,,,2004,,,,,,,PPA,X,,,13R511,0,1000,1499381308,0,,CA9239200,3883.82,X,0,0,,0,,T,,,,,US,,,CA,300,10,,,,C,,,0,,,,,291.55,,,,,3883.82,,0,,,,,,,,,,0,,0,,45565,,,,,,,,T,,,,,,,,,,,0,,,0,,,,,,,,,,0,0,0,,,,,,,,0,0,,0,0,,,,,,,0,,,0,0,0,,,WP,,B,,0,,,,,,,,0,0,
200,8902305210,10,0,1,EA,1,1,EA,0,1,1,413.0,413.0,LB,84146.022,IN3,,45563,45563,1,5977.02,,0,6593488497,10,J,1488045851,10,,15A518,"Commercial Gas Water Heater,100 gal",,,E1,ZS,,10221736104825,004S,,1,10,4,US,CA,,,1,,,,,,,,,,X,X,0,,1,,,,,,4,0,,S_ITCJOBS,45565,0.292291666666667,,1,,2093.27,0,5666.79,0,310.23,439.17,310.23,1,,,,2004,,,,,,,PPA,X,,,15A518,0,1000,1499381310,0,,CA9266000,6416.19,X,0,0,,0,,T,,,,,US,,,CA,300,10,,,,C,,,0,,,,,439.17,,,,,6416.1900000000005,,0,,,,,,,,,,0,,0,,45565,,,,,,,,T,,,,,,,,,,,0,,,0,,,,,,,,,,0,0,0,,,,,,,,0,0,,0,0,,,,,,,0,,,0,0,0,,,WP,,B,,0,,,,,,,,0,0,
200,8902305211,10,0,1,EA,1,1,EA,0,1,1,701.0,701.0,LB,123947.496,IN3,,45563,45563,1,2764.87,,0,6594295402,10,J,1489813769,10,,16X169,"Gun Safe,14.4 cu. ft.,Electronic",,,J2,ZS,,10300217428306,004S,,1,10,4,US,CA,,,1,,,,,,,,,,X,X,0,,1,,,,,,4,0,,S_ITCJOBS,45565,0.292303240740741,,1,,1611.04,0,2347.34,0,417.53,181.92,417.53,1,,,,2004,,,,,,,PPA,X,,,16X169,0,1000,1499381311,0,,CA9265600,2946.79,X,0,0,,0,,T,,,,,US,,,CA,300,10,,,,C,,,0,,,,,181.92,,,,,2946.79,,0,,,,,,,,,,0,,0,,45565,,,,,,,,T,,,,,,,,,,,0,,,0,,,,,,,,,,0,0,0,,,,,,,,0,0,,0,0,,,,,,,0,,,0,0,0,,,WP,,B,,0,,,,,,,,0,0,
200,8902305212,10,0,1,EA,1,1,EA,0,1,1,413.0,413.0,LB,84146.022,IN3,,45563,45563,1,5977.02,,0,6593561465,10,J,1488586871,10,,15A518,"Commercial Gas Water Heater,100 gal",,,E1,ZS,,10221736104825,004S,,1,10,4,US,CA,,,1,,,,,,,,,,X,X,0,,1,,,,,,4,0,,S_ITCJOBS,45565,0.292314814814815,,1,,2093.27,0,5666.79,0,310.23,538.34,310.23,1,,,,2004,,,,,,,PPA,X,,,15A518,0,1000,1499381313,0,,CA9004400,6515.36,X,0,0,,0,,T,,,,,US,,,CA,300,10,,,,C,,,0,,,,,538.34,,,,,6515.360000000001,,0,,,,,,,,,,0,,0,,45565,,,,,,,,T,,,,,,,,,,,0,,,0,,,,,,,,,,0,0,0,,,,,,,,0,0,,0,0,,,,,,,0,,,0,0,0,,,WP,,B,,0,,,,,,,,0,0,
200,8902305213,10,0,1,EA,1,1,EA,0,1,1,1169.0,1169.0,LB,59862.96,IN3,,45563,45563,1,4256.79,,0,6595074847,10,J,1490960914,10,,12G597,"Combination Machine,52"" Bend,Hand Lever",,,N2,ZS,,10240214131928,004S,,1,10,4,US,CA,,,1,,,,,,,,,,X,X,0,,1,,,,,,4,0,,S_ITCJOBS,45565,0.292326388888889,,1,,2117.2,0,3703.2,0,553.59,379.57,553.59,1,,,,2004,,,,,,,PPA,X,,,12G597,0,1000,1499381314,0,,CA9110700,4636.36,X,0,0,,0,,T,,,,,US,,,CA,300,10,,,,C,,,0,,,,,379.57,,,,,4636.36,,0,,,,,,,,,,0,,0,,45565,,,,,,,,T,,,,,,,,,,,0,,,0,,,,,,,,,,0,0,0,,,,,,,,0,0,,0,0,,,,,,,0,,,0,0,0,,,WP,,B,,0,,,,,,,,0,0,
200,8902306179,10,0,1,EA,1,1,EA,0,1,1,460.0,460.0,LB,124734.93,IN3,,45563,45563,1,2296.02,,0,6590621167,10,J,1481817165,10,,16V888,"Electric Air Compressor, 5 hp, 2 Stage",,,G4,ZS,,10230222904973,004S,,1,10,4,US,CA,,,1,,,,,,,,,,X,X,0,,1,,,,,,4,0,,S_ITCJOBS,45565,0.291828703703704,,1,,1382.92,0,1979.99,0,316.03,143.55,316.03,1,,,,2004,,,,,,,PPA,X,,,16V888,0,1000,1499380925,0,,CA9612200,2439.57,X,0,0,,0,,T,,,,,US,,,CA,300,10,,,,C,,,0,,,,,143.55,,,,,2439.57,,0,,,,,,,,,,0,,0,,45565,,,,,,,,T,,,,,,,,,,,0,,,0,,,,,,,,,,0,0,0,,,,,,,,0,0,,0,0,,,,,,,0,,,0,0,0,,,WP,,B,,0,,,,,,,,0,0,
200,8902306180,10,0,1,EA,1,1,EA,0,1,1,404.0,404.0,LB,78559.25,IN3,,45563,45563,1,2082.07,,0,6590653408,10,J,1481813133,10,,1UBK5,"Bin Cabinet,72""x36""x24"",Gray,96YlwBns",,,K1,ZS,,10180210226644,004S,,1,10,4,US,CA,,,1,,,,,,,,,,X,X,0,,1,,,,,,4,0,,S_ITCJOBS,45565,0.291828703703704,,1,,738.19,0,1781.14,0,300.93,129.13,300.93,1,,,,2004,,,,,,,PPA,X,,,1UBK5,0,1000,1499380926,0,,CA9612200,2211.2,X,0,0,,0,,T,,,,,US,,,CA,300,10,,,,C,,,0,,,,,129.13,,,,,2211.2000000000003,,0,,,,,,,,,,0,,0,,45565,,,,,,,,T,,,,,,,,,,,0,,,0,,,,,,,,,,0,0,0,,,,,,,,0,0,,0,0,,,,,,,0,,,0,0,0,,,WP,,C,,0,,,,,,,,0,0,
200,8902306181,10,0,1,EA,1,1,EA,0,1,1,1241.0,1241.0,LB,190624.0,IN3,,45563,45563,1,9024.28,,0,6590674473,10,J,1481813975,10,,16V896,"Electric Air Compressor, 15 hp, 2 Stage",,,G4,ZS,,10230222904973,004S,,1,10,4,US,CA,,,1,,,,,,,,,,X,X,0,,1,,,,,,4,0,,S_ITCJOBS,45565,0.291828703703704,,1,,4887.57,0,8479.99,0,544.29,614.8,544.29,1,,,,2004,,,,,,,PPA,X,,,16V896,0,1000,1499380927,0,,CA9612200,9639.08,X,0,0,,0,,T,,,,,US,,,CA,300,10,,,,C,,,0,,,,,614.8,,,,,9639.08,,0,,,,,,,,,,0,,0,,45565,,,,,,,,T,,,,,,,,,,,0,,,0,,,,,,,,,,0,0,0,,,,,,,,0,0,,0,0,,,,,,,0,,,0,0,0,,,WP,,B,,0,,,,,,,,0,0,
200,8902306182,10,0,1,EA,1,1,EA,0,1,1,226.0,226.0,LB,75258.0,IN3,,45563,45563,1,1469.02,,0,6590730538,10,J,1482051931,10,,1WDN3,"Gravity Vent,24 In,Base 28 1/2 In Sq",,,C1,ZS,,10122432503825,004S,,1,10,4,US,CA,,,1,,,,,,,,,,X,X,0,,1,,,,,,4,0,,S_ITCJOBS,45565,0.291828703703704,,1,,431.4,0,1234.36,0,234.66,89.49,234.66,1,,,,2004,,,,,,,PPA,X,,,1WDN3,0,1000,1499380928,0,,CA9612200,1558.51,X,0,0,,0,,T,,,,,US,,,CA,300,10,,,,C,,,0,,,,,89.49,,,,,1558.51,,0,,,,,,,,,,0,,0,,45565,,,,,,,,T,,,,,,,,,,,0,,,0,,,,,,,,,,0,0,0,,,,,,,,0,0,,0,0,,,,,,,0,,,0,0,0,,,WP,,D,,0,,,,,,,,0,0,
200,8902306183,10,0,1,EA,1,1,EA,0,1,1,897.0,897.0,LB,186946.2,IN3,,45563,45563,1,6761.78,,0,6590781769,10,J,1482101788,10,,16V893,"Electric Air Compressor, 10 hp, 2 Stage",,,G4,ZS,,10230222904973,004S,,1,10,4,US,CA,,,1,,,,,,,,,,X,X,0,,1,,,,,,4,0,,S_ITCJOBS,45565,0.291828703703704,,1,,4025.18,0,6291.52,0,470.26,456.13,470.26,1,,,,2004,,,,,,,PPA,X,,,16V893,0,1000,1499380929,0,,CA9612200,7217.91,X,0,0,,0,,T,,,,,US,,,CA,300,10,,,,C,,,0,,,,,456.13,,,,,7217.91,,0,,,,,,,,,,0,,0,,45565,,,,,,,,T,,,,,,,,,,,0,,,0,,,,,,,,,,0,0,0,,,,,,,,0,0,,0,0,,,,,,,0,,,0,0,0,,,WP,,B,,0,,,,,,,,0,0,
200,8902306184,10,0,1,EA,1,1,EA,0,1,1,369.0,369.0,LB,59660.0,IN3,,45563,45563,1,2058.97,,0,6590920315,10,J,1482428074,10,,16D690,"Storage Cabinet,78""x36""x18"",Gray,4Shlv",,,K1,ZS,,10180210204399,004S,,1,10,4,US,CA,,,1,,,,,,,,,,X,X,0,,1,,,,,,4,0,,S_ITCJOBS,45565,0.291828703703704,,1,,792.36,0,1785.25,0,273.72,129.44,273.72,1,,,,2004,,,,,,,PPA,X,,,16D690,0,1000,1499380930,0,,CA9612200,2188.41,X,0,0,,0,,T,,,,,US,,,CA,300,10,,,,C,,,0,,,,,129.44,,,,,2188.41,,0,,,,,,,,,,0,,0,,45565,,,,,,,,T,,,,,,,,,,,0,,,0,,,,,,,,,,0,0,0,,,,,,,,0,0,,0,0,,,,,,,0,,,0,0,0,,,WP,,B,,0,,,,,,,,0,0,
200,8902306185,10,0,1,EA,1,1,EA,0,1,1,855.0,855.0,LB,218903.685,IN3,,45563,45563,1,6426.92,,0,6590944957,10,J,1482432101,10,,1WD88,"Electric Air Compressor, 10 hp, 2 Stage",,,G4,ZS,,10230222904973,004S,,1,10,4,US,CA,,,1,,,,,,,,,,X,X,0,1.0,1,,,,,,4,0,,S_ITCJOBS,45565,0.291828703703704,,1,,3789.63,0,5956.66,0,470.26,431.86,470.26,1,,,,2004,,,,,,,PPA,X,,,1WD88,0,1000,1499380931,0,,CA9612200,6858.78,X,0,0,,0,,T,,,,,US,,,CA,300,10,,,,C,,,0,,,,,431.86,,,,,6858.78,,0,,,,,,,,,,0,,0,,45565,,,,,,,,T,,,,,,,,,,,0,,,0,,,,,,,,,,0,0,0,,,,,,,,0,0,,0,0,,,,,,,0,,,0,0,0,,,WP,,D,,0,,,,,,,,0,0,
200,8902306186,10,0,1,EA,1,1,EA,0,1,1,581.0,581.0,LB,232128.0,IN3,,45563,45563,1,4236.94,,0,6591083378,10,J,1482632446,10,,1WD86,"Electric Air Compressor, 7.5 hp, 2 Stage",,,G4,ZS,,10230222904973,004S,,1,10,4,US,CA,,,1,,,,,,,,,,X,X,0,1.0,1,,,,,,4,0,,S_ITCJOBS,45565,0.291828703703704,,1,,2408.91,0,3887.4,0,349.54,281.83,349.54,1,,,,2004,,,,,,,PPA,X,,,1WD86,0,1000,1499380932,0,,CA9612200,4518.77,X,0,0,,0,,T,,,,,US,,,CA,300,10,,,,C,,,0,,,,,281.83,,,,,4518.77,,0,,,,,,,,,,0,,0,,45565,,,,,,,,T,,,,,,,,,,,0,,,0,,,,,,,,,,0,0,0,,,,,,,,0,0,,0,0,,,,,,,0,,,0,0,0,,,WP,,D,,0,,,,,,,,0,0,
200,8902306187,10,0,1,EA,1,1,EA,0,1,1,855.0,855.0,LB,218903.685,IN3,,45563,45563,1,6426.92,,0,6591735662,10,J,1484363678,10,,1WD88,"Electric Air Compressor, 10 hp, 2 Stage",,,G4,ZS,,10230222904973,004S,,1,10,4,US,CA,,,1,,,,,,,,,,X,X,0,1.0,1,,,,,,4,0,,S_ITCJOBS,45565,0.291828703703704,,1,,3789.63,0,5956.66,0,470.26,431.86,470.26,1,,,,2004,,,,,,,PPA,X,,,1WD88,0,1000,1499380933,0,,CA9612200,6858.78,X,0,0,,0,,T,,,,,US,,,CA,300,10,,,,C,,,0,,,,,431.86,,,,,6858.78,,0,,,,,,,,,,0,,0,,45565,,,,,,,,T,,,,,,,,,,,0,,,0,,,,,,,,,,0,0,0,,,,,,,,0,0,,0,0,,,,,,,0,,,0,0,0,,,WP,,D,,0,,,,,,,,0,0,
200,8902306188,10,0,1,EA,1,1,EA,0,1,1,226.0,226.0,LB,75258.0,IN3,,45563,45563,1,1515.48,,0,6591993467,10,J,1485003780,10,,1WDN3,"Gravity Vent,24 In,Base 28 1/2 In Sq",,,C1,ZS,,10122432503825,004S,,1,10,4,US,CA,,,1,,,,,,,,,,X,X,0,,1,,,,,,4,0,,S_ITCJOBS,45565,0.292152777777778,,1,,431.4,0,1234.36,0,281.12,86.41,281.12,1,,,,2004,,,,,,,PPA,X,,,1WDN3,0,1000,1499380934,0,,AK9957400,1601.89,X,0,0,,0,,T,,,,,US,,,AK,300,10,,,,C,,,0,,,,,86.41,,,,,1601.89,,0,,,,,,,,,,0,,0,,45565,,,,,,,,T,,,,,,,,,,,0,,,0,,,,,,,,,,0,0,0,,,,,,,,0,0,,0,0,,,,,,,0,,,0,0,0,,,WP,,D,,0,,,,,,,,0,0,
200,8902306189,10,0,1,EA,1,1,EA,0,1,1,532.0,532.0,LB,117925.0,IN3,,45563,45563,1,2921.83,,0,6592177118,10,J,1485300393,10,,1UBJ4,"Bin Cabinet,84""x48""x24"",Gray,0Bns",,,K1,ZS,,10180210226644,004S,,1,10,4,US,CA,,,1,,,,,,,,,,X,X,0,,1,,,,,,4,0,,S_ITCJOBS,45565,0.292152777777778,,1,,1001.37,0,2547.8,0,374.03,178.35,374.03,1,,,,2004,,,,,,,PPA,X,,,1UBJ4,0,1000,1499380935,0,,AK9957400,3100.18,X,0,0,,0,,T,,,,,US,,,AK,300,10,,,,C,,,0,,,,,178.35,,,,,3100.1800000000003,,0,,,,,,,,,,0,,0,,45565,,,,,,,,T,,,,,,,,,,,0,,,0,,,,,,,,,,0,0,0,,,,,,,,0,0,,0,0,,,,,,,0,,,0,0,0,,,WP,,B,,0,,,,,,,,0,0,
200,8902306190,10,0,1,EA,1,1,EA,0,1,1,249.0,249.0,LB,64819.64,IN3,,45563,45563,1,2631.32,,0,6593542945,10,J,1488622056,10,,15A520,"Storage Tank,80 gal,24.44 in Diameter",,,E1,ZS,,10221736132703,004S,,1,10,4,US,CA,,,1,,,,,,,,,,X,X,0,,1,,,,,,4,0,,S_ITCJOBS,45565,0.292268518518519,,1,,891.04,0,2387.36,0,243.96,185.02,243.96,1,,,,2004,,,,,,,PPA,X,,,15A520,0,1000,1499380936,0,,CA9261200,2816.34,X,0,0,,0,,T,,,,,US,,,CA,300,10,,,,C,,,0,,,,,185.02,,,,,2816.34,,0,,,,,,,,,,0,,0,,45565,,,,,,,,T,,,,,,,,,,,0,,,0,,,,,,,,,,0,0,0,,,,,,,,0,0,,0,0,,,,,,,0,,,0,0,0,,,WP,,B,,0,,,,,,,,0,0,
200,8902306191,10,0,1,EA,1,1,EA,0,1,1,1270.0,1270.0,LB,74618.775,IN3,,45563,45563,1,4418.04,,0,6593251853,10,J,1487678184,10,,13W877,"Sheet Metal Brake,Box and Pan,51"" Bend L",,,N2,ZS,,10240214131922,004S,,1,10,4,US,CA,,,1,,,,,,,,,,X,X,0,,1,,,,,,4,0,,S_ITCJOBS,45565,0.292280092592593,,1,,2131.55,0,3864.45,0,553.59,367.13,553.59,1,,,,2004,,,,,,,PPA,X,,,13W877,0,1000,1499380938,0,,CA9000400,4785.17,X,0,0,,0,,T,,,,,US,,,CA,300,10,,,,C,,,0,,,,,367.13,,,,,4785.17,,0,,,,,,,,,,0,,0,,45565,,,,,,,,T,,,,,,,,,,,0,,,0,,,,,,,,,,0,0,0,,,,,,,,0,0,,0,0,,,,,,,0,,,0,0,0,,,WP,,B,,0,,,,,,,,0,0,
200,8902306192,10,0,1,EA,1,1,EA,0,1,1,340.0,340.0,LB,163571.5,IN3,,45563,45563,1,3592.27,,0,6593193729,10,J,1487485990,10,,13R511,"Clam-Shell Jobsite Cabinet,65 in,Tan",,,M1,ZS,,10100206412654,004S,,1,10,4,US,CA,,,1,,,,,,,,,,X,X,0,,1,,,,,,4,0,,S_ITCJOBS,45565,0.292303240740741,,1,,1511.41,0,3332.03,0,260.24,333.2,260.24,1,,,,2004,,,,,,,PPA,X,,,13R511,0,1000,1499380940,0,,CA9030200,3925.47,X,0,0,,0,,T,,,,,US,,,CA,300,10,,,,C,,,0,,,,,333.2,,,,,3925.4700000000003,,0,,,,,,,,,,0,,0,,45565,,,,,,,,T,,,,,,,,,,,0,,,0,,,,,,,,,,0,0,0,,,,,,,,0,0,,0,0,,,,,,,0,,,0,0,0,,,WP,,B,,0,,,,,,,,0,0,
200,8902306193,10,0,1,EA,1,1,EA,0,1,1,216.0,216.0,LB,53100.0,IN3,,45563,45563,1,1376.92,,0,6593227181,10,J,1487568348,10,,13R526,"Jobsite Box,28 1/4 in,Tan",,,M1,ZS,,10100206412654,004S,,1,10,4,US,CA,,,1,,,,,,,,,,X,X,0,,1,,,,,,4,0,,S_ITCJOBS,45565,0.292314814814815,,1,,543.88,0,1132.96,0,243.96,116.13,243.96,1,,,,2004,,,,,,,PPA,X,,,13R526,0,1000,1499380942,0,,CA9080600,1493.05,X,0,0,,0,,T,,,,,US,,,CA,300,10,,,,C,,,0,,,,,116.13,,,,,1493.05,,0,,,,,,,,,,0,,0,,45565,,,,,,,,T,,,,,,,,,,,0,,,0,,,,,,,,,,0,0,0,,,,,,,,0,0,,0,0,,,,,,,0,,,0,0,0,,,WP,,B,,0,,,,,,,,0,0,
200,8902306194,10,0,1,EA,1,1,EA,0,1,1,688.0,688.0,LB,233860.9,IN3,,45563,45563,1,4650.24,,0,6593516517,10,J,1488455550,10,,14V855,"Jobsite Field Office,83 in,Tan",,,M1,ZS,,10100206412654,004S,,1,10,4,US,CA,,,1,,,,,,,,,,X,X,0,,1,,,,,,4,0,,S_ITCJOBS,45565,0.292326388888889,,1,,2057.92,0,4252.83,0,397.41,435.92,397.41,1,,,,2004,,,,,,,PPA,X,,,14V855,0,1000,1499384944,0,,CA9172200,5086.16,X,0,0,,0,,T,,,,,US,,,CA,300,10,,,,C,,,0,,,,,435.92,,,,,5086.16,,0,,,,,,,,,,0,,0,,45565,,,,,,,,T,,,,,,,,,,,0,,,0,,,,,,,,,,0,0,0,,,,,,,,0,0,,0,0,,,,,,,0,,,0,0,0,,,WP,,B,,0,,,,,,,,0,0,
200,8902306195,10,0,1,EA,1,1,EA,0,1,1,1270.0,1270.0,LB,74618.775,IN3,,45563,45563,1,4418.04,,0,6594575119,10,J,1490254246,10,,13W877,"Sheet Metal Brake,Box and Pan,51"" Bend L",,,N2,ZS,,10240214131922,004S,,1,10,4,US,CA,,,1,,,,,,,,,,X,X,0,,1,,,,,,4,0,,S_ITCJOBS,45565,0.292326388888889,,1,,2131.55,0,3864.45,0,553.59,396.11,553.59,1,,,,2004,,,,,,,PPA,X,,,13W877,0,1000,1499384946,0,,CA9172200,4814.15,X,0,0,,0,,T,,,,,US,,,CA,300,10,,,,C,,,0,,,,,396.11,,,,,4814.150000000001,,0,,,,,,,,,,0,,0,,45565,,,,,,,,T,,,,,,,,,,,0,,,0,,,,,,,,,,0,0,0,,,,,,,,0,0,,0,0,,,,,,,0,,,0,0,0,,,WP,,B,,0,,,,,,,,0,0,
200,8902306196,10,0,1,EA,1,1,EA,0,1,1,408.0,408.0,LB,77539.0,IN3,,45563,45563,1,2029.53,,0,6593286745,10,J,1487775418,10,,1UBK4,"Bin Cabinet,72""x36""x24"",Gray,0Bns",,,K1,ZS,,10180210226644,004S,,1,10,4,US,CA,,,1,,,,,,,,,,X,X,0,,1,,,,,,4,0,,S_ITCJOBS,45565,0.292349537037037,,1,,641.83,0,1719.3,0,310.23,150.44,310.23,1,,,,2004,,,,,,,PPA,X,,,1UBK4,0,1000,1499384948,0,,CA9250700,2179.97,X,0,0,,0,,T,,,,,US,,,CA,300,10,,,,C,,,0,,,,,150.44,,,,,2179.9700000000003,,0,,,,,,,,,,0,,0,,45565,,,,,,,,T,,,,,,,,,,,0,,,0,,,,,,,,,,0,0,0,,,,,,,,0,0,,0,0,,,,,,,0,,,0,0,0,,,WP,,B,,0,,,,,,,,0,0,
200,8902306197,10,0,1,EA,1,1,EA,0,1,1,593.0,593.0,LB,127387.5,IN3,,45563,45563,1,4278.83,,0,6593247847,10,J,1487662115,10,,16V891,"Electric Air Compressor, 7.5 hp, 2 Stage",,,G4,ZS,,10230222904973,004S,,1,10,4,US,CA,,,1,,,,,,,,,,X,X,0,,1,,,,,,4,0,,S_ITCJOBS,45565,0.292361111111111,,1,,2692.42,0,3919.99,0,358.84,343.0,358.84,1,,,,2004,,,,,,,PPA,X,,,16V891,0,1000,1499384950,0,,CA9225300,4621.83,X,0,0,,0,,T,,,,,US,,,CA,300,10,,,,C,,,0,,,,,343.0,,,,,4621.83,,0,,,,,,,,,,0,,0,,45565,,,,,,,,T,,,,,,,,,,,0,,,0,,,,,,,,,,0,0,0,,,,,,,,0,0,,0,0,,,,,,,0,,,0,0,0,,,WP,,B,,0,,,,,,,,0,0,
200,8902306198,10,0,1,EA,1,1,EA,0,1,1,1270.0,1270.0,LB,74618.775,IN3,,45563,45563,1,4418.04,,0,6593701429,10,J,1488983230,10,,13W877,"Sheet Metal Brake,Box and Pan,51"" Bend L",,,N2,ZS,,10240214131922,004S,,1,10,4,US,CA,,,1,,,,,,,,,,X,X,0,,1,,,,,,4,0,,S_ITCJOBS,45565,0.292372685185185,,1,,2131.55,0,3864.45,0,553.59,338.14,553.59,1,,,,2004,,,,,,,PPA,X,,,13W877,0,1000,1499384952,0,,CA9176200,4756.18,X,0,0,,0,,T,,,,,US,,,CA,300,10,,,,C,,,0,,,,,338.14,,,,,4756.18,,0,,,,,,,,,,0,,0,,45565,,,,,,,,T,,,,,,,,,,,0,,,0,,,,,,,,,,0,0,0,,,,,,,,0,0,,0,0,,,,,,,0,,,0,0,0,,,WP,,B,,0,,,,,,,,0,0,
200,8902306199,10,0,1,EA,1,1,EA,0,1,1,1219.0,1219.0,LB,88977.9,IN3,,45563,45563,1,4567.85,,0,6593537565,10,J,1488572520,10,,13W878,"Machining Shear,0.059"" Cap. Mild Steel",,,N2,ZS,,10240214108716,004S,,1,10,4,US,CA,,,1,,,,,,,,,,X,X,0,,1,,,,,,4,0,,S_ITCJOBS,45565,0.292395833333333,,1,,1776.3,0,4014.26,0,553.59,291.04,553.59,1,,,,2004,,,,,,,PPA,X,,,13W878,0,1000,1499384954,0,,CA9306300,4858.89,X,0,0,,0,,T,,,,,US,,,CA,300,10,,,,C,,,0,,,,,291.04,,,,,4858.89,,0,,,,,,,,,,0,,0,,45565,,,,,,,,T,,,,,,,,,,,0,,,0,,,,,,,,,,0,0,0,,,,,,,,0,0,,0,0,,,,,,,0,,,0,0,0,,,WP,,B,,0,,,,,,,,0,0,
200,8902306201,10,0,1,EA,1,1,EA,0,1,1,417.0,417.0,LB,123125.76,IN3,,45563,45563,1,3113.14,,0,6593891706,10,J,1489305237,10,,13R512,"Piano-Style Jobsite Box,54 1/2 in,Tan",,,M1,ZS,,10100206412654,004S,,1,10,4,US,CA,,,1,,,,,,,,,,X,X,0,,1,,,,,,4,0,,S_ITCJOBS,45565,0.292430555555556,,1,,1450.3,0,2802.91,0,310.23,266.28,310.23,1,,,,2004,,,,,,,PPA,X,,,13R512,0,1000,1499384958,0,,CA9004500,3379.42,X,0,0,,0,,T,,,,,US,,,CA,300,10,,,,C,,,0,,,,,266.28,,,,,3379.42,,0,,,,,,,,,,0,,0,,45565,,,,,,,,T,,,,,,,,,,,0,,,0,,,,,,,,,,0,0,0,,,,,,,,0,0,,0,0,,,,,,,0,,,0,0,0,,,WP,,B,,0,,,,,,,,0,0,
200,8902306202,10,0,1,EA,1,1,EA,0,1,1,897.0,897.0,LB,186946.2,IN3,,45563,45563,1,6761.08,,0,6592527515,10,J,1486029994,10,,16V893,"Electric Air Compressor, 10 hp, 2 Stage",,,G4,ZS,,10230222904973,004S,,1,10,4,US,CA,,,1,,,,,,,,,,X,X,0,,1,,,,,,4,0,,S_ITCJOBS,45565,0.29244212962963,,1,,4025.18,0,6291.52,0,469.56,0.0,469.56,1,,,,2004,,,,,,,PPA,X,,,16V893,0,1000,1499384960,0,,OR9720200,6761.08,X,0,0,,0,,T,,,,,US,,,OR,300,10,,,,C,,,0,,,,,0.0,,,,,6761.08,,0,,,,,,,,,,0,,0,,45565,,,,,,,,T,,,,,,,,,,,0,,,0,,,,,,,,,,0,0,0,,,,,,,,0,0,,0,0,,,,,,,0,,,0,0,0,,,WP,,B,,0,,,,,,,,0,0,
200,8902306203,10,0,1,EA,1,1,EA,0,1,1,1169.0,1169.0,LB,59862.96,IN3,,45563,45563,1,4256.79,,0,6594417231,10,J,1490012928,10,,12G597,"Combination Machine,52"" Bend,Hand Lever",,,N2,ZS,,10240214131928,004S,,1,10,4,US,CA,,,1,,,,,,,,,,X,X,0,,1,,,,,,4,0,,S_ITCJOBS,45565,0.292453703703704,,1,,2117.2,0,3703.2,0,553.59,287.0,553.59,1,,,,2004,,,,,,,PPA,X,,,12G597,0,1000,1499384962,0,,CA9280600,4543.79,X,0,0,,0,,T,,,,,US,,,CA,300,10,,,,C,,,0,,,,,287.0,,,,,4543.79,,0,,,,,,,,,,0,,0,,45565,,,,,,,,T,,,,,,,,,,,0,,,0,,,,,,,,,,0,0,0,,,,,,,,0,0,,0,0,,,,,,,0,,,0,0,0,,,WP,,B,,0,,,,,,,,0,0,
200,8902306204,10,0,1,EA,1,1,EA,0,1,1,257.0,257.0,LB,116296.5,IN3,,45563,45563,1,3402.43,,0,6595171499,10,J,1491110682,10,,13R510,"Jobsite Cabinet,60 in,Tan",,,M1,ZS,,10100206412654,004S,,1,10,4,US,CA,,,1,,,,,,,,,,X,X,0,,1,,,,,,4,0,,S_ITCJOBS,45565,0.292465277777778,,1,,1527.93,0,3151.96,0,250.47,299.44,250.47,1,,,,2004,,,,,,,PPA,X,,,13R510,0,1000,1499384964,0,,CA9134304,3701.87,X,0,0,,0,,T,,,,,US,,,CA,300,10,,,,C,,,0,,,,,299.44,,,,,3701.87,,0,,,,,,,,,,0,,0,,45565,,,,,,,,T,,,,,,,,,,,0,,,0,,,,,,,,,,0,0,0,,,,,,,,0,0,,0,0,,,,,,,0,,,0,0,0,,,WP,,B,,0,,,,,,,,0,0,
200,8902307174,10,0,1,EA,1,1,EA,0,1,1,254.0,254.0,LB,67947.0,IN3,,45563,45563,1,7582.65,,0,6594292115,10,J,1489815051,10,,14H097,"Variable Frequency Drive,40 hp,460V AC",,,B2,ZS,,10052985208262,004S,,1,10,4,US,CA,,,1,,,,,,,,,,X,X,0,,1,,,,,,4,0,,S_ITCJOBS,45565,0.292118055555556,,1,,4648.44,0,7332.18,0,250.47,641.56,250.47,1,,,,2004,,,,,,,PPA,X,,,14H097,0,1000,1499380343,0,,CA9171000,8224.21,X,0,0,,0,,T,,,,,US,,,CA,300,10,,,,C,,,0,,,,,641.56,,,,,8224.210000000001,,0,,,,,,,,,,0,,0,,45565,,,,,,,,T,,,,,,,,,,,0,,,0,,,,,,,,,,0,0,0,,,,,,,,0,0,,0,0,,,,,,,0,,,0,0,0,,,WP,,B,,0,,,,,,,,0,0,
200,8902307175,10,0,1,EA,1,1,EA,0,1,1,1219.0,1219.0,LB,88977.9,IN3,,45563,45563,1,4567.85,,0,6594705781,10,J,1490411059,10,,13W878,"Machining Shear,0.059"" Cap. Mild Steel",,,N2,ZS,,10240214108716,004S,,1,10,4,US,CA,,,1,,,,,,,,,,X,X,0,,1,,,,,,4,0,,S_ITCJOBS,45565,0.29212962962963,,1,,1776.3,0,4014.26,0,553.59,411.47,553.59,1,,,,2004,,,,,,,PPA,X,,,13W878,0,1000,1499384345,0,,CA9060500,4979.32,X,0,0,,0,,T,,,,,US,,,CA,300,10,,,,C,,,0,,,,,411.47,,,,,4979.32,,0,,,,,,,,,,0,,0,,45565,,,,,,,,T,,,,,,,,,,,0,,,0,,,,,,,,,,0,0,0,,,,,,,,0,0,,0,0,,,,,,,0,,,0,0,0,,,WP,,B,,0,,,,,,,,0,0,
200,8902307176,10,0,1,EA,1,1,EA,0,1,1,417.0,417.0,LB,123125.76,IN3,,45563,45563,1,3113.14,,0,6593246098,10,J,1487671969,10,,13R512,"Piano-Style Jobsite Box,54 1/2 in,Tan",,,M1,ZS,,10100206412654,004S,,1,10,4,US,CA,,,1,,,,,,,,,,X,X,0,,1,,,,,,4,0,,S_ITCJOBS,45565,0.292152777777778,,1,,1450.3,0,2802.91,0,310.23,287.3,310.23,1,,,,2004,,,,,,,PPA,X,,,13R512,0,1000,1499384347,0,,CA9064000,3400.44,X,0,0,,0,,T,,,,,US,,,CA,300,10,,,,C,,,0,,,,,287.3,,,,,3400.44,,0,,,,,,,,,,0,,0,,45565,,,,,,,,T,,,,,,,,,,,0,,,0,,,,,,,,,,0,0,0,,,,,,,,0,0,,0,0,,,,,,,0,,,0,0,0,,,WP,,B,,0,,,,,,,,0,0,
200,8902307177,10,0,1,EA,1,1,EA,0,1,1,369.0,369.0,LB,59660.0,IN3,,45563,45563,1,2058.27,,0,6591663151,10,J,1484066043,10,,16D690,"Storage Cabinet,78""x36""x18"",Gray,4Shlv",,,K1,ZS,,10180210204399,004S,,1,10,4,US,CA,,,1,,,,,,,,,,X,X,0,,1,,,,,,4,0,,S_ITCJOBS,45565,0.292164351851852,,1,,792.36,0,1785.25,0,273.02,169.61,273.02,1,,,,2004,,,,,,,PPA,X,,,16D690,0,1000,1499384349,0,,CA9131100,2227.88,X,0,0,,0,,T,,,,,US,,,CA,300,10,,,,C,,,0,,,,,169.61,,,,,2227.88,,0,,,,,,,,,,0,,0,,45565,,,,,,,,T,,,,,,,,,,,0,,,0,,,,,,,,,,0,0,0,,,,,,,,0,0,,0,0,,,,,,,0,,,0,0,0,,,WP,,B,,0,,,,,,,,0,0,
200,8902307178,10,0,1,EA,1,1,EA,0,1,1,254.0,254.0,LB,67947.0,IN3,,45563,45563,1,7582.65,,0,6593466529,10,J,1488026431,10,,14H097,"Variable Frequency Drive,40 hp,460V AC",,,B2,ZS,,10052985208262,004S,,1,10,4,US,CA,,,1,,,,,,,,,,X,X,0,,1,,,,,,4,0,,S_ITCJOBS,45565,0.292175925925926,,1,,4648.44,0,7332.18,0,250.47,696.55,250.47,1,,,,2004,,,,,,,PPA,X,,,14H097,0,1000,1499384351,0,,CA9160100,8279.2,X,0,0,,0,,T,,,,,US,,,CA,300,10,,,,C,,,0,,,,,696.55,,,,,8279.2,,0,,,,,,,,,,0,,0,,45565,,,,,,,,T,,,,,,,,,,,0,,,0,,,,,,,,,,0,0,0,,,,,,,,0,0,,0,0,,,,,,,0,,,0,0,0,,,WP,,B,,0,,,,,,,,0,0,
200,8902307179,10,0,1,EA,1,1,EA,0,1,1,910.0,910.0,LB,189440.0,IN3,,45563,45563,1,6729.66,,0,6595156819,10,J,1491075731,10,,16V892,"Electric Air Compressor, 10 hp, 2 Stage",,,G4,ZS,,10230222904973,004S,,1,10,4,US,CA,,,1,,,,,,,,,,X,X,0,,1,,,,,,4,0,,S_ITCJOBS,45565,0.2921875,,1,,4025.18,0,6229.99,0,499.67,451.67,499.67,1,,,,2004,,,,,,,PPA,X,,,16V892,0,1000,1499384353,0,,CA9301200,7181.33,X,0,0,,0,,T,,,,,US,,,CA,300,10,,,,C,,,0,,,,,451.67,,,,,7181.33,,0,,,,,,,,,,0,,0,,45565,,,,,,,,T,,,,,,,,,,,0,,,0,,,,,,,,,,0,0,0,,,,,,,,0,0,,0,0,,,,,,,0,,,0,0,0,,,WP,,B,,0,,,,,,,,0,0,
200,8902307180,10,0,1,EA,1,1,EA,0,1,1,1219.0,1219.0,LB,88977.9,IN3,,45563,45563,1,4567.85,,0,6595062413,10,J,1490925436,10,,13W878,"Machining Shear,0.059"" Cap. Mild Steel",,,N2,ZS,,10240214108716,004S,,1,10,4,US,CA,,,1,,,,,,,,,,X,X,0,,1,,,,,,4,0,,S_ITCJOBS,45565,0.292199074074074,,1,,1776.3,0,4014.26,0,553.59,381.36,553.59,1,,,,2004,,,,,,,PPA,X,,,13W878,0,1000,1499384355,0,,CA9160200,4949.21,X,0,0,,0,,T,,,,,US,,,CA,300,10,,,,C,,,0,,,,,381.36,,,,,4949.21,,0,,,,,,,,,,0,,0,,45565,,,,,,,,T,,,,,,,,,,,0,,,0,,,,,,,,,,0,0,0,,,,,,,,0,0,,0,0,,,,,,,0,,,0,0,0,,,WP,,B,,0,,,,,,,,0,0,
200,8902307182,10,0,1,EA,1,1,EA,0,1,1,290.0,290.0,LB,81472.0,IN3,,45563,45563,1,2346.08,,0,6594396861,10,J,1490017182,10,,14V866,"Jobsite Box,36 in,Tan",,,M1,ZS,,10100206412654,004S,,1,10,4,US,CA,,,1,,,,,,,,,,X,X,0,,1,,,,,,4,0,,S_ITCJOBS,45565,0.29224537037037,,1,,1025.35,0,2095.61,0,250.47,214.81,250.47,1,,,,2004,,,,,,,PPA,X,,,14V866,0,1000,1499384359,0,,CA9080500,2560.89,X,0,0,,0,,T,,,,,US,,,CA,300,10,,,,C,,,0,,,,,214.81,,,,,2560.89,,0,,,,,,,,,,0,,0,,45565,,,,,,,,T,,,,,,,,,,,0,,,0,,,,,,,,,,0,0,0,,,,,,,,0,0,,0,0,,,,,,,0,,,0,0,0,,,WP,,B,,0,,,,,,,,0,0,
200,8902307183,10,0,1,EA,1,1,EA,0,1,1,821.0,821.0,LB,143761.5,IN3,,45563,45563,1,8670.56,,0,6593794967,10,J,1489161998,10,,11N135,"Air End Lift,10 tons,14 In. H,50 In. H",,,R4,ZS,,10390222003863,004S,,1,10,4,US,CA,,,1,,,,,,,,,,X,X,0,,1,,,,,,4,0,,S_ITCJOBS,45565,0.292256944444444,,1,,4889.51,0,8211.13,0,459.43,636.37,459.43,1,,,,2004,,,,,,,PPA,X,,,11N135,0,1000,1499384361,0,,CA9288004,9306.93,X,0,0,,0,,T,,,,,US,,,CA,300,10,,,,C,,,0,,,,,636.37,,,,,9306.93,,0,,,,,,,,,,0,,0,,45565,,,,,,,,T,,,,,,,,,,,0,,,0,,,,,,,,,,0,0,0,,,,,,,,0,0,,0,0,,,,,,,0,,,0,0,0,,,WP,,B,,0,,,,,,,,0,0,
200,8902307184,10,0,1,EA,1,1,EA,0,1,1,417.0,417.0,LB,123125.76,IN3,,45563,45563,1,3113.14,,0,6593282664,10,J,1487758425,10,,13R512,"Piano-Style Jobsite Box,54 1/2 in,Tan",,,M1,ZS,,10100206412654,004S,,1,10,4,US,CA,,,1,,,,,,,,,,X,X,0,,1,,,,,,4,0,,S_ITCJOBS,45565,0.292280092592593,,1,,1450.3,0,2802.91,0,310.23,287.3,310.23,1,,,,2004,,,,,,,PPA,X,,,13R512,0,1000,1499384363,0,,CA9170200,3400.44,X,0,0,,0,,T,,,,,US,,,CA,300,10,,,,C,,,0,,,,,287.3,,,,,3400.44,,0,,,,,,,,,,0,,0,,45565,,,,,,,,T,,,,,,,,,,,0,,,0,,,,,,,,,,0,0,0,,,,,,,,0,0,,0,0,,,,,,,0,,,0,0,0,,,WP,,B,,0,,,,,,,,0,0,
200,8902307185,10,0,1,EA,1,1,EA,0,1,1,413.0,413.0,LB,84146.022,IN3,,45563,45563,1,5977.02,,0,6593797418,10,J,1489130950,10,,15A518,"Commercial Gas Water Heater,100 gal",,,E1,ZS,,10221736104825,004S,,1,10,4,US,CA,,,1,,,,,,,,,,X,X,0,,1,,,,,,4,0,,S_ITCJOBS,45565,0.292280092592593,,1,,2093.27,0,5666.79,0,310.23,580.84,310.23,1,,,,2004,,,,,,,PPA,X,,,15A518,0,1000,1499384365,0,,CA9170200,6557.86,X,0,0,,0,,T,,,,,US,,,CA,300,10,,,,C,,,0,,,,,580.84,,,,,6557.860000000001,,0,,,,,,,,,,0,,0,,45565,,,,,,,,T,,,,,,,,,,,0,,,0,,,,,,,,,,0,0,0,,,,,,,,0,0,,0,0,,,,,,,0,,,0,0,0,,,WP,,B,,0,,,,,,,,0,0,
200,8902308167,10,0,1,EA,1,1,EA,0,1,1,1241.0,1241.0,LB,190624.0,IN3,,45563,45563,1,9033.58,,0,6593404183,10,J,1487987985,10,,16V896,"Electric Air Compressor, 15 hp, 2 Stage",,,G4,ZS,,10230222904973,004S,,1,10,4,US,CA,,,1,,,,,,,,,,X,X,0,,1,,,,,,4,0,,S_ITCJOBS,45565,0.292430555555556,,1,,4887.57,0,8479.99,0,553.59,657.2,553.59,1,,,,2004,,,,,,,PPA,X,,,16V896,0,1000,1499383758,0,,CA9227000,9690.78,X,0,0,,0,,T,,,,,US,,,CA,300,10,,,,C,,,0,,,,,657.2,,,,,9690.78,,0,,,,,,,,,,0,,0,,45565,,,,,,,,T,,,,,,,,,,,0,,,0,,,,,,,,,,0,0,0,,,,,,,,0,0,,0,0,,,,,,,0,,,0,0,0,,,WP,,B,,0,,,,,,,,0,0,
200,8902308168,10,0,1,EA,1,1,EA,0,1,1,257.0,257.0,LB,116296.5,IN3,,45563,45563,1,3402.43,,0,6594268850,10,J,1489845729,10,,13R510,"Jobsite Cabinet,60 in,Tan",,,M1,ZS,,10100206412654,004S,,1,10,4,US,CA,,,1,,,,,,,,,,X,X,0,,1,,,,,,4,0,,S_ITCJOBS,45565,0.29244212962963,,1,,1527.93,0,3151.96,0,250.47,244.28,250.47,1,,,,2004,,,,,,,PPA,X,,,13R510,0,1000,1499383760,0,,CA9280700,3646.71,X,0,0,,0,,T,,,,,US,,,CA,300,10,,,,C,,,0,,,,,244.28,,,,,3646.71,,0,,,,,,,,,,0,,0,,45565,,,,,,,,T,,,,,,,,,,,0,,,0,,,,,,,,,,0,0,0,,,,,,,,0,0,,0,0,,,,,,,0,,,0,0,0,,,WP,,B,,0,,,,,,,,0,0,
200,8902308169,10,0,1,EA,1,1,EA,0,1,1,910.0,910.0,LB,189440.0,IN3,,45563,45563,1,6729.66,,0,6595074227,10,J,1490934794,10,,16V892,"Electric Air Compressor, 10 hp, 2 Stage",,,G4,ZS,,10230222904973,004S,,1,10,4,US,CA,,,1,,,,,,,,,,X,X,0,,1,,,,,,4,0,,S_ITCJOBS,45565,0.292465277777778,,1,,4025.18,0,6229.99,0,499.67,591.84,499.67,1,,,,2004,,,,,,,PPA,X,,,16V892,0,1000,1499383762,0,,CA9132601,7321.5,X,0,0,,0,,T,,,,,US,,,CA,300,10,,,,C,,,0,,,,,591.84,,,,,7321.5,,0,,,,,,,,,,0,,0,,45565,,,,,,,,T,,,,,,,,,,,0,,,0,,,,,,,,,,0,0,0,,,,,,,,0,0,,0,0,,,,,,,0,,,0,0,0,,,WP,,B,,0,,,,,,,,0,0,
200,8902308170,10,0,1,EA,1,1,EA,0,1,1,340.0,340.0,LB,163571.5,IN3,,45563,45563,1,3592.27,,0,6594402971,10,J,1490032913,10,,13R511,"Clam-Shell Jobsite Cabinet,65 in,Tan",,,M1,ZS,,10100206412654,004S,,1,10,4,US,CA,,,1,,,,,,,,,,X,X,0,,1,,,,,,4,0,,S_ITCJOBS,45565,0.292476851851852,,1,,1511.41,0,3332.03,0,260.24,316.54,260.24,1,,,,2004,,,,,,,PPA,X,,,13R511,0,1000,1499383764,0,,CA9135200,3908.81,X,0,0,,0,,T,,,,,US,,,CA,300,10,,,,C,,,0,,,,,316.54,,,,,3908.81,,0,,,,,,,,,,0,,0,,45565,,,,,,,,T,,,,,,,,,,,0,,,0,,,,,,,,,,0,0,0,,,,,,,,0,0,,0,0,,,,,,,0,,,0,0,0,,,WP,,B,,0,,,,,,,,0,0,
200,8902308171,10,0,1,EA,1,1,EA,0,1,1,595.0,595.0,LB,131560.0,IN3,,45563,45563,1,3777.42,,0,6595061555,10,J,1490917858,10,,1WD82,"Electric Air Compressor, 5 hp, 2 Stage",,,G4,ZS,,10230222904973,004S,,1,10,4,US,CA,,,1,,,,,,,,,,X,X,0,1.0,1,,,,,,4,0,,S_ITCJOBS,45565,0.292476851851852,,1,,2150.4,0,3418.58,0,358.84,324.76,358.84,1,,,,2004,,,,,,,PPA,X,,,1WD82,0,1000,1499383766,0,,CA9135200,4102.18,X,0,0,,0,,T,,,,,US,,,CA,300,10,,,,C,,,0,,,,,324.76,,,,,4102.18,,0,,,,,,,,,,0,,0,,45565,,,,,,,,T,,,,,,,,,,,0,,,0,,,,,,,,,,0,0,0,,,,,,,,0,0,,0,0,,,,,,,0,,,0,0,0,,,WP,,D,,0,,,,,,,,0,0,
200,8902308172,10,0,1,EA,1,1,EA,0,1,1,404.0,404.0,LB,78559.25,IN3,,45563,45563,1,2091.37,,0,6592791870,10,J,1486820840,10,,1UBK5,"Bin Cabinet,72""x36""x24"",Gray,96YlwBns",,,K1,ZS,,10180210226644,004S,,1,10,4,US,CA,,,1,,,,,,,,,,X,X,0,,1,,,,,,4,0,,S_ITCJOBS,45565,0.292488425925926,,1,,738.19,0,1781.14,0,310.23,138.04,310.23,1,,,,2004,,,,,,,PPA,X,,,1UBK5,0,1000,1499383768,0,,CA9560800,2229.41,X,0,0,,0,,T,,,,,US,,,CA,300,10,,,,C,,,0,,,,,138.04,,,,,2229.41,,0,,,,,,,,,,0,,0,,45565,,,,,,,,T,,,,,,,,,,,0,,,0,,,,,,,,,,0,0,0,,,,,,,,0,0,,0,0,,,,,,,0,,,0,0,0,,,WP,,C,,0,,,,,,,,0,0,
200,8902308173,10,0,1,EA,1,1,EA,0,1,1,910.0,910.0,LB,189440.0,IN3,,45563,45563,1,6729.66,,0,6593197979,10,J,1487570185,10,,16V892,"Electric Air Compressor, 10 hp, 2 Stage",,,G4,ZS,,10230222904973,004S,,1,10,4,US,CA,,,1,,,,,,,,,,X,X,0,,1,,,,,,4,0,,S_ITCJOBS,45565,0.2925,,1,,4025.18,0,6229.99,0,499.67,591.84,499.67,1,,,,2004,,,,,,,PPA,X,,,16V892,0,1000,1499383770,0,,CA9002100,7321.5,X,0,0,,0,,T,,,,,US,,,CA,300,10,,,,C,,,0,,,,,591.84,,,,,7321.5,,0,,,,,,,,,,0,,0,,45565,,,,,,,,T,,,,,,,,,,,0,,,0,,,,,,,,,,0,0,0,,,,,,,,0,0,,0,0,,,,,,,0,,,0,0,0,,,WP,,B,,0,,,,,,,,0,0,
200,8902308174,10,0,1,EA,1,1,EA,0,1,1,1219.0,1219.0,LB,88977.9,IN3,,45563,45563,1,4567.85,,0,6594708715,10,J,1490395995,10,,13W878,"Machining Shear,0.059"" Cap. Mild Steel",,,N2,ZS,,10240214108716,004S,,1,10,4,US,CA,,,1,,,,,,,,,,X,X,0,,1,,,,,,4,0,,S_ITCJOBS,45565,0.292511574074074,,1,,1776.3,0,4014.26,0,553.59,371.33,553.59,1,,,,2004,,,,,,,PPA,X,,,13W878,0,1000,1499383772,0,,CA9303600,4939.18,X,0,0,,0,,T,,,,,US,,,CA,300,10,,,,C,,,0,,,,,371.33,,,,,4939.18,,0,,,,,,,,,,0,,0,,45565,,,,,,,,T,,,,,,,,,,,0,,,0,,,,,,,,,,0,0,0,,,,,,,,0,0,,0,0,,,,,,,0,,,0,0,0,,,WP,,B,,0,,,,,,,,0,0,
200,8902308175,10,0,1,EA,1,1,EA,0,1,1,297.1,297.1,LB,52920.0,IN3,,45563,45563,1,31894.57,,0,6594804920,10,J,1490534842,10,,1UDW5,"Master Tool Set,Technician,1258-Pieces",,,M1,ZS,,10100205113586,004S,,1,10,4,US,CA,,,1,,,,,,,,,,X,X,0,,1,,,,,,4,0,,S_ITCJOBS,45565,0.292511574074074,,1,,12861.88,0,31644.1,0,250.47,2927.08,250.47,1,,,,2004,,,,,,,PPA,X,,,1UDW5,0,1000,1499383774,0,,CA9303600,34821.65,X,0,0,,0,,T,,,,,US,,,CA,300,10,,,,C,,,0,,,,,2927.08,,,,,34821.65,,0,,,,,,,,,,0,,0,,45565,,,,,,,,T,,,,,,,,,,,0,,,0,,,,,,,,,,0,0,0,,,,,,,,0,0,,0,0,,,,,,,0,,,0,0,0,,,WP,,D,,0,,,,,,,,0,0,
200,8902308176,10,0,1,EA,1,1,EA,0,1,1,1219.0,1219.0,LB,88977.9,IN3,,45563,45563,1,4567.85,,0,6594800846,10,J,1490512404,10,,13W878,"Machining Shear,0.059"" Cap. Mild Steel",,,N2,ZS,,10240214108716,004S,,1,10,4,US,CA,,,1,,,,,,,,,,X,X,0,,1,,,,,,4,0,,S_ITCJOBS,45565,0.292523148148148,,1,,1776.3,0,4014.26,0,553.59,381.36,553.59,1,,,,2004,,,,,,,PPA,X,,,13W878,0,1000,1499383776,0,,CA9135600,4949.21,X,0,0,,0,,T,,,,,US,,,CA,300,10,,,,C,,,0,,,,,381.36,,,,,4949.21,,0,,,,,,,,,,0,,0,,45565,,,,,,,,T,,,,,,,,,,,0,,,0,,,,,,,,,,0,0,0,,,,,,,,0,0,,0,0,,,,,,,0,,,0,0,0,,,WP,,B,,0,,,,,,,,0,0,
200,8902308177,10,0,1,EA,1,1,EA,0,1,1,1236.0,1236.0,LB,187645.5,IN3,,45563,45563,1,9033.58,,0,6594149859,10,J,1489658451,10,,16V897,"Electric Air Compressor, 15 hp, 2 Stage",,,G4,ZS,,10230222904973,004S,,1,10,4,US,CA,,,1,,,,,,,,,,X,X,0,,1,,,,,,4,0,,S_ITCJOBS,45565,0.292534722222222,,1,,4864.07,0,8479.99,0,553.59,805.6,553.59,1,,,,2004,,,,,,,PPA,X,,,16V897,0,1000,1499383778,0,,CA9006900,9839.18,X,0,0,,0,,T,,,,,US,,,CA,300,10,,,,C,,,0,,,,,805.6,,,,,9839.18,,0,,,,,,,,,,0,,0,,45565,,,,,,,,T,,,,,,,,,,,0,,,0,,,,,,,,,,0,0,0,,,,,,,,0,0,,0,0,,,,,,,0,,,0,0,0,,,WP,,B,,0,,,,,,,,0,0,
200,8902308178,10,0,1,EA,1,1,EA,0,1,1,227.0,227.0,LB,94790.5,IN3,,45563,45563,1,2874.94,,0,6593776938,10,J,1489138287,10,,13R514,"Jobsite Cabinet,51 in,Tan",,,M1,ZS,,10100206412654,004S,,1,10,4,US,CA,,,1,,,,,,,,,,X,X,0,,1,,,,,,4,0,,S_ITCJOBS,45565,0.292546296296296,,1,,1257.04,0,2630.98,0,243.96,249.95,243.96,1,,,,2004,,,,,,,PPA,X,,,13R514,0,1000,1499383780,0,,CA9004700,3124.89,X,0,0,,0,,T,,,,,US,,,CA,300,10,,,,C,,,0,,,,,249.95,,,,,3124.89,,0,,,,,,,,,,0,,0,,45565,,,,,,,,T,,,,,,,,,,,0,,,0,,,,,,,,,,0,0,0,,,,,,,,0,0,,0,0,,,,,,,0,,,0,0,0,,,WP,,B,,0,,,,,,,,0,0,
200,8902308179,10,0,1,EA,1,1,EA,0,1,1,961.0,961.0,LB,75900.0,IN3,,45563,45563,1,3604.28,,0,6594717282,10,J,1490392630,10,,13W872,"Machining Shear,0.039"" Cap. Mild Steel",,,N2,ZS,,10240214108716,004S,,1,10,4,US,CA,,,1,,,,,,,,,,X,X,0,,1,,,,,,4,0,,S_ITCJOBS,45565,0.29255787037037,,1,,1596.87,0,3087.83,0,516.45,239.31,516.45,1,,,,2004,,,,,,,PPA,X,,,13W872,0,1000,1499383782,0,,CA9203700,3843.59,X,0,0,,0,,T,,,,,US,,,CA,300,10,,,,C,,,0,,,,,239.31,,,,,3843.59,,0,,,,,,,,,,0,,0,,45565,,,,,,,,T,,,,,,,,,,,0,,,0,,,,,,,,,,0,0,0,,,,,,,,0,0,,0,0,,,,,,,0,,,0,0,0,,,WP,,B,,0,,,,,,,,0,0,
200,8902308180,10,0,1,EA,1,1,EA,0,1,1,821.0,821.0,LB,143761.5,IN3,,45563,45563,1,8670.56,,0,6595052415,10,J,1490908294,10,,11N135,"Air End Lift,10 tons,14 In. H,50 In. H",,,R4,ZS,,10390222003863,004S,,1,10,4,US,CA,,,1,,,,,,,,,,X,X,0,,1,,,,,,4,0,,S_ITCJOBS,45565,0.292569444444444,,1,,4889.51,0,8211.13,0,459.43,636.37,459.43,1,,,,2004,,,,,,,PPA,X,,,11N135,0,1000,1499383784,0,,CA9255300,9306.93,X,0,0,,0,,T,,,,,US,,,CA,300,10,,,,C,,,0,,,,,636.37,,,,,9306.93,,0,,,,,,,,,,0,,0,,45565,,,,,,,,T,,,,,,,,,,,0,,,0,,,,,,,,,,0,0,0,,,,,,,,0,0,,0,0,,,,,,,0,,,0,0,0,,,WP,,B,,0,,,,,,,,0,0,
200,8902308181,10,0,1,EA,1,1,EA,0,1,1,413.0,413.0,LB,84146.022,IN3,,45563,45563,1,5977.02,,0,6595050607,10,J,1490910662,10,,15A518,"Commercial Gas Water Heater,100 gal",,,E1,ZS,,10221736104825,004S,,1,10,4,US,CA,,,1,,,,,,,,,,X,X,0,,1,,,,,,4,0,,S_ITCJOBS,45565,0.292581018518519,,1,,2093.27,0,5666.79,0,310.23,538.34,310.23,1,,,,2004,,,,,,,PPA,X,,,15A518,0,1000,1499383786,0,,CA9002500,6515.36,X,0,0,,0,,T,,,,,US,,,CA,300,10,,,,C,,,0,,,,,538.34,,,,,6515.360000000001,,0,,,,,,,,,,0,,0,,45565,,,,,,,,T,,,,,,,,,,,0,,,0,,,,,,,,,,0,0,0,,,,,,,,0,0,,0,0,,,,,,,0,,,0,0,0,,,WP,,B,,0,,,,,,,,0,0,
200,8902309169,10,0,1,EA,1,1,EA,0,1,1,595.0,595.0,LB,131560.0,IN3,,45563,45563,1,3768.12,,0,6592232123,10,J,1485463011,10,,1WD82,"Electric Air Compressor, 5 hp, 2 Stage",,,G4,ZS,,10230222904973,004S,,1,10,4,US,CA,,,1,,,,,,,,,,X,X,0,1.0,1,,,,,,4,0,,S_ITCJOBS,45565,0.291990740740741,,1,,2150.4,0,3418.58,0,349.54,341.85,349.54,1,,,,2004,,,,,,,PPA,X,,,1WD82,0,1000,1499384059,0,,CA9070400,4109.97,X,0,0,,0,,T,,,,,US,,,CA,300,10,,,,C,,,0,,,,,341.85,,,,,4109.97,,0,,,,,,,,,,0,,0,,45565,,,,,,,,T,,,,,,,,,,,0,,,0,,,,,,,,,,0,0,0,,,,,,,,0,0,,0,0,,,,,,,0,,,0,0,0,,,WP,,D,,0,,,,,,,,0,0,
200,8902309174,10,0,1,EA,1,1,EA,0,1,1,483.0,483.0,LB,102025.0,IN3,,45563,45563,1,2324.17,,0,6594714330,10,J,1490384876,10,,1UBJ8,"Bin Cabinet,72""x48""x24"",Gray,128YlwBns",,,K1,ZS,,10180210226644,004S,,1,10,4,US,CA,,,1,,,,,,,,,,X,X,0,,1,,,,,,4,0,,S_ITCJOBS,45565,0.292141203703704,,1,,799.18,0,1998.84,0,325.33,174.9,325.33,1,,,,2004,,,,,,,PPA,X,,,1UBJ8,0,1000,1499384067,0,,CA9176200,2499.07,X,0,0,,0,,T,,,,,US,,,CA,300,10,,,,C,,,0,,,,,174.9,,,,,2499.07,,0,,,,,,,,,,0,,0,,45565,,,,,,,,T,,,,,,,,,,,0,,,0,,,,,,,,,,0,0,0,,,,,,,,0,0,,0,0,,,,,,,0,,,0,0,0,,,WP,,D,,0,,,,,,,,0,0,
200,8902309175,10,0,1,EA,1,1,EA,0,1,1,227.0,227.0,LB,94790.5,IN3,,45563,45563,1,2874.94,,0,6593233134,10,J,1487586249,10,,13R514,"Jobsite Cabinet,51 in,Tan",,,M1,ZS,,10100206412654,004S,,1,10,4,US,CA,,,1,,,,,,,,,,X,X,0,,1,,,,,,4,0,,S_ITCJOBS,45565,0.292164351851852,,1,,1257.04,0,2630.98,0,243.96,243.36,243.96,1,,,,2004,,,,,,,PPA,X,,,13R514,0,1000,1499384069,0,,CA9270500,3118.3,X,0,0,,0,,T,,,,,US,,,CA,300,10,,,,C,,,0,,,,,243.36,,,,,3118.3,,0,,,,,,,,,,0,,0,,45565,,,,,,,,T,,,,,,,,,,,0,,,0,,,,,,,,,,0,0,0,,,,,,,,0,0,,0,0,,,,,,,0,,,0,0,0,,,WP,,B,,0,,,,,,,,0,0,
200,8902309176,10,0,1,EA,1,1,EA,0,1,1,821.0,821.0,LB,143761.5,IN3,,45563,45563,1,8670.56,,0,6593352731,10,J,1487931755,10,,11N135,"Air End Lift,10 tons,14 In. H,50 In. H",,,R4,ZS,,10390222003863,004S,,1,10,4,US,CA,,,1,,,,,,,,,,X,X,0,,1,,,,,,4,0,,S_ITCJOBS,45565,0.292175925925926,,1,,4889.51,0,8211.13,0,459.43,636.37,459.43,1,,,,2004,,,,,,,PPA,X,,,11N135,0,1000,1499384071,0,,CA9210300,9306.93,X,0,0,,0,,T,,,,,US,,,CA,300,10,,,,C,,,0,,,,,636.37,,,,,9306.93,,0,,,,,,,,,,0,,0,,45565,,,,,,,,T,,,,,,,,,,,0,,,0,,,,,,,,,,0,0,0,,,,,,,,0,0,,0,0,,,,,,,0,,,0,0,0,,,WP,,B,,0,,,,,,,,0,0,
200,8902309177,10,0,1,EA,1,1,EA,0,1,1,688.0,688.0,LB,233860.9,IN3,,45563,45563,1,4650.24,,0,6593513567,10,J,1488460679,10,,14V855,"Jobsite Field Office,83 in,Tan",,,M1,ZS,,10100206412654,004S,,1,10,4,US,CA,,,1,,,,,,,,,,X,X,0,,1,,,,,,4,0,,S_ITCJOBS,45565,0.292175925925926,,1,,2057.92,0,4252.83,0,397.41,329.59,397.41,1,,,,2004,,,,,,,PPA,X,,,14V855,0,1000,1499384073,0,,CA9210300,4979.83,X,0,0,,0,,T,,,,,US,,,CA,300,10,,,,C,,,0,,,,,329.59,,,,,4979.83,,0,,,,,,,,,,0,,0,,45565,,,,,,,,T,,,,,,,,,,,0,,,0,,,,,,,,,,0,0,0,,,,,,,,0,0,,0,0,,,,,,,0,,,0,0,0,,,WP,,B,,0,,,,,,,,0,0,
200,8902309178,10,0,1,EA,1,1,EA,0,1,1,969.0,969.0,LB,202633.2,IN3,,45563,45563,1,7040.93,,0,6595372160,10,J,1491481085,10,,16V895,"Electric Air Compressor, 10 hp, 2 Stage",,,G4,ZS,,10230222904973,004S,,1,10,4,US,CA,,,1,,,,,,,,,,X,X,0,,1,,,,,,4,0,,S_ITCJOBS,45565,0.292199074074074,,1,,4170.65,0,6524.48,0,516.45,668.76,516.45,1,,,,2004,,,,,,,PPA,X,,,16V895,0,1000,1499384075,0,,CA9176700,7709.69,X,0,0,,0,,T,,,,,US,,,CA,300,10,,,,C,,,0,,,,,668.76,,,,,7709.6900000000005,,0,,,,,,,,,,0,,0,,45565,,,,,,,,T,,,,,,,,,,,0,,,0,,,,,,,,,,0,0,0,,,,,,,,0,0,,0,0,,,,,,,0,,,0,0,0,,,WP,,B,,0,,,,,,,,0,0,
200,8902309179,10,0,1,EA,1,1,EA,0,1,1,2504.0,2504.0,LB,85272.544,IN3,,45563,45563,1,3931.74,,0,6593797336,10,J,1489130779,10,,14G862,"Cleaner/Degreaser,Mild Lemon,275 gal",,,L8,ZS,,10030200703041,004S,,1,10,4,US,CA,,,1,,,,,,,,,,X,X,0,,1,,,,,,4,0,,S_ITCJOBS,45565,0.292210648148148,,1,,1195.8,0,3378.15,0,553.59,346.27,553.59,1,,,,2004,,,,,,,PPA,X,,,14G862,0,1000,1499384077,0,,CA9060100,4278.01,X,0,0,,0,,T,,,,,US,,,CA,300,10,,,,C,,,0,,,,,346.27,,,,,4278.01,,0,,,,,,,,,,0,,0,,45565,,,,,,,,T,,,,,,,,,,,0,,,0,,,,,,,,,,0,0,0,,,,,,,,0,0,,0,0,,,,,,,0,,,0,0,0,,,WP,,B,,0,,,,,,,,0,0,
200,8902309180,10,0,1,EA,1,1,EA,0,1,1,1219.0,1219.0,LB,88977.9,IN3,,45563,45563,1,4567.85,,0,6593617119,10,J,1488708007,10,,13W878,"Machining Shear,0.059"" Cap. Mild Steel",,,N2,ZS,,10240214108716,004S,,1,10,4,US,CA,,,1,,,,,,,,,,X,X,0,,1,,,,,,4,0,,S_ITCJOBS,45565,0.292233796296296,,1,,1776.3,0,4014.26,0,553.59,401.43,553.59,1,,,,2004,,,,,,,PPA,X,,,13W878,0,1000,1499384079,0,,CA9050300,4969.28,X,0,0,,0,,T,,,,,US,,,CA,300,10,,,,C,,,0,,,,,401.43,,,,,4969.28,,0,,,,,,,,,,0,,0,,45565,,,,,,,,T,,,,,,,,,,,0,,,0,,,,,,,,,,0,0,0,,,,,,,,0,0,,0,0,,,,,,,0,,,0,0,0,,,WP,,B,,0,,,,,,,,0,0,
200,8902309181,10,0,1,EA,1,1,EA,0,1,1,595.0,595.0,LB,131560.0,IN3,,45563,45563,1,3777.42,,0,6593726423,10,J,1488999783,10,,1WD82,"Electric Air Compressor, 5 hp, 2 Stage",,,G4,ZS,,10230222904973,004S,,1,10,4,US,CA,,,1,,,,,,,,,,X,X,0,1.0,1,,,,,,4,0,,S_ITCJOBS,45565,0.29224537037037,,1,,2150.4,0,3418.58,0,358.84,299.12,358.84,1,,,,2004,,,,,,,PPA,X,,,1WD82,0,1000,1499384081,0,,CA9256300,4076.54,X,0,0,,0,,T,,,,,US,,,CA,300,10,,,,C,,,0,,,,,299.12,,,,,4076.54,,0,,,,,,,,,,0,,0,,45565,,,,,,,,T,,,,,,,,,,,0,,,0,,,,,,,,,,0,0,0,,,,,,,,0,0,,0,0,,,,,,,0,,,0,0,0,,,WP,,D,,0,,,,,,,,0,0,
200,8902309182,10,0,1,EA,1,1,EA,0,1,1,285.0,285.0,LB,79968.0,IN3,,45563,45563,1,1877.85,,0,6594855184,10,J,1490573400,10,,13R523,"Piano-Style Jobsite Box,49 in,Tan",,,M1,ZS,,10100206412654,004S,,1,10,4,US,CA,,,1,,,,,,,,,,X,X,0,,1,,,,,,4,0,,S_ITCJOBS,45565,0.292256944444444,,1,,758.0,0,1627.38,0,250.47,166.81,250.47,1,,,,2004,,,,,,,PPA,X,,,13R523,0,1000,1499384083,0,,CA9023000,2044.66,X,0,0,,0,,T,,,,,US,,,CA,300,10,,,,C,,,0,,,,,166.81,,,,,2044.66,,0,,,,,,,,,,0,,0,,45565,,,,,,,,T,,,,,,,,,,,0,,,0,,,,,,,,,,0,0,0,,,,,,,,0,0,,0,0,,,,,,,0,,,0,0,0,,,WP,,B,,0,,,,,,,,0,0,
200,8902309183,10,0,1,EA,1,1,EA,0,1,1,1236.0,1236.0,LB,187645.5,IN3,,45563,45563,1,9033.58,,0,6593443999,10,J,1488067221,10,,16V897,"Electric Air Compressor, 15 hp, 2 Stage",,,G4,ZS,,10230222904973,004S,,1,10,4,US,CA,,,1,,,,,,,,,,X,X,0,,1,,,,,,4,0,,S_ITCJOBS,45565,0.292268518518519,,1,,4864.07,0,8479.99,0,553.59,805.6,553.59,1,,,,2004,,,,,,,PPA,X,,,16V897,0,1000,1499384085,0,,CA9003500,9839.18,X,0,0,,0,,T,,,,,US,,,CA,300,10,,,,C,,,0,,,,,805.6,,,,,9839.18,,0,,,,,,,,,,0,,0,,45565,,,,,,,,T,,,,,,,,,,,0,,,0,,,,,,,,,,0,0,0,,,,,,,,0,0,,0,0,,,,,,,0,,,0,0,0,,,WP,,B,,0,,,,,,,,0,0,
200,8902309184,10,0,1,EA,1,1,EA,0,1,1,226.0,226.0,LB,75258.0,IN3,,45563,45563,1,1515.48,,0,6592140891,10,J,1485408444,10,,1WDN3,"Gravity Vent,24 In,Base 28 1/2 In Sq",,,C1,ZS,,10122432503825,004S,,1,10,4,US,CA,,,1,,,,,,,,,,X,X,0,,1,,,,,,4,0,,S_ITCJOBS,45565,0.292314814814815,,1,,431.4,0,1234.36,0,281.12,0.0,281.12,1,,,,2004,,,,,,,PPP,X,,,1WDN3,0,1000,1499384087,0,,AK9950300,1515.48,X,0,0,,0,,T,,,,,US,,,AK,300,10,,,,C,,,0,,,,,0.0,,,,,1515.48,,0,,,,,,,,,,0,,0,,45565,,,,,,,,T,,,,,,,,,,,0,,,0,,,,,,,,,,0,0,0,,,,,,,,0,0,,0,0,,,,,,,0,,,0,0,0,,,WP,,D,,0,,,,,,,,0,0,
200,8902309185,10,0,1,EA,1,1,EA,0,1,1,595.0,595.0,LB,131560.0,IN3,,45563,45563,1,3768.12,,0,6591321318,10,J,1483036433,10,,1WD82,"Electric Air Compressor, 5 hp, 2 Stage",,,G4,ZS,,10230222904973,004S,,1,10,4,US,CA,,,1,,,,,,,,,,X,X,0,1.0,1,,,,,,4,0,,S_ITCJOBS,45565,0.292337962962963,,1,,2150.4,0,3418.58,0,349.54,290.57,349.54,1,,,,2004,,,,,,,PPA,X,,,1WD82,0,1000,1499384089,0,,CA9542500,4058.69,X,0,0,,0,,T,,,,,US,,,CA,300,10,,,,C,,,0,,,,,290.57,,,,,4058.69,,0,,,,,,,,,,0,,0,,45565,,,,,,,,T,,,,,,,,,,,0,,,0,,,,,,,,,,0,0,0,,,,,,,,0,0,,0,0,,,,,,,0,,,0,0,0,,,WP,,D,,0,,,,,,,,0,0,
200,8902310132,10,0,1,EA,1,1,EA,0,1,1,517.0,517.0,LB,138138.0,IN3,,45563,45563,1,2628.28,,0,6590606351,10,J,1481934524,10,,1TGL7,"Mobile Cabinet Bench,Steel,66"" W,33"" D",,,K3,ZS,,10182784004397,004S,,1,10,4,US,CA,,,1,,,,,,,,,,X,X,0,,1,,,,,,4,0,,S_ITCJOBS,45565,0.291782407407407,,1,,996.62,0,2299.54,0,328.74,201.21,328.74,1,,,,2004,,,,,,,PPA,X,,,1TGL7,0,1000,1499381115,0,,CA9191100,2829.49,X,0,0,,0,,T,,,,,US,,,CA,300,10,,,,C,,,0,,,,,201.21,,,,,2829.4900000000002,,0,,,,,,,,,,0,,0,,45565,,,,,,,,T,,,,,,,,,,,0,,,0,,,,,,,,,,0,0,0,,,,,,,,0,0,,0,0,,,,,,,0,,,0,0,0,,,WP,,B,,0,,,,,,,,0,0,
200,8902310133,10,0,1,EA,1,1,EA,0,1,1,404.0,404.0,LB,78559.25,IN3,,45563,45563,1,2081.37,,0,6590651134,10,J,1481812067,10,,1UBK5,"Bin Cabinet,72""x36""x24"",Gray,96YlwBns",,,K1,ZS,,10180210226644,004S,,1,10,4,US,CA,,,1,,,,,,,,,,X,X,0,,1,,,,,,4,0,,S_ITCJOBS,45565,0.291782407407407,,1,,738.19,0,1781.14,0,300.23,155.85,300.23,1,,,,2004,,,,,,,PPA,X,,,1UBK5,0,1000,1499381116,0,,CA9191100,2237.22,X,0,0,,0,,T,,,,,US,,,CA,300,10,,,,C,,,0,,,,,155.85,,,,,2237.2200000000003,,0,,,,,,,,,,0,,0,,45565,,,,,,,,T,,,,,,,,,,,0,,,0,,,,,,,,,,0,0,0,,,,,,,,0,0,,0,0,,,,,,,0,,,0,0,0,,,WP,,C,,0,,,,,,,,0,0,
200,8902310134,10,0,1,EA,1,1,EA,0,1,1,517.0,517.0,LB,138138.0,IN3,,45563,45563,1,2628.28,,0,6590666000,10,J,1481913953,10,,1TGL7,"Mobile Cabinet Bench,Steel,66"" W,33"" D",,,K3,ZS,,10182784004397,004S,,1,10,4,US,CA,,,1,,,,,,,,,,X,X,0,,1,,,,,,4,0,,S_ITCJOBS,45565,0.291782407407407,,1,,996.62,0,2299.54,0,328.74,201.21,328.74,1,,,,2004,,,,,,,PPA,X,,,1TGL7,0,1000,1499381117,0,,CA9191100,2829.49,X,0,0,,0,,T,,,,,US,,,CA,300,10,,,,C,,,0,,,,,201.21,,,,,2829.4900000000002,,0,,,,,,,,,,0,,0,,45565,,,,,,,,T,,,,,,,,,,,0,,,0,,,,,,,,,,0,0,0,,,,,,,,0,0,,0,0,,,,,,,0,,,0,0,0,,,WP,,B,,0,,,,,,,,0,0,
200,8902310135,10,0,1,EA,1,1,EA,0,1,1,226.0,226.0,LB,75258.0,IN3,,45563,45563,1,1468.32,,0,6590689936,10,J,1481941285,10,,1WDN3,"Gravity Vent,24 In,Base 28 1/2 In Sq",,,C1,ZS,,10122432503825,004S,,1,10,4,US,CA,,,1,,,,,,,,,,X,X,0,,1,,,,,,4,0,,S_ITCJOBS,45565,0.291782407407407,,1,,431.4,0,1234.36,0,233.96,108.0,233.96,1,,,,2004,,,,,,,PPA,X,,,1WDN3,0,1000,1499381118,0,,CA9191100,1576.32,X,0,0,,0,,T,,,,,US,,,CA,300,10,,,,C,,,0,,,,,108.0,,,,,1576.32,,0,,,,,,,,,,0,,0,,45565,,,,,,,,T,,,,,,,,,,,0,,,0,,,,,,,,,,0,0,0,,,,,,,,0,0,,0,0,,,,,,,0,,,0,0,0,,,WP,,D,,0,,,,,,,,0,0,
200,8902310136,10,0,1,EA,1,1,EA,0,1,1,369.0,369.0,LB,59660.0,IN3,,45563,45563,1,2058.27,,0,6590759899,10,J,1482089822,10,,16D690,"Storage Cabinet,78""x36""x18"",Gray,4Shlv",,,K1,ZS,,10180210204399,004S,,1,10,4,US,CA,,,1,,,,,,,,,,X,X,0,,1,,,,,,4,0,,S_ITCJOBS,45565,0.291782407407407,,1,,792.36,0,1785.25,0,273.02,156.22,273.02,1,,,,2004,,,,,,,PPA,X,,,16D690,0,1000,1499381119,0,,CA9191100,2214.49,X,0,0,,0,,T,,,,,US,,,CA,300,10,,,,C,,,0,,,,,156.22,,,,,2214.4900000000002,,0,,,,,,,,,,0,,0,,45565,,,,,,,,T,,,,,,,,,,,0,,,0,,,,,,,,,,0,0,0,,,,,,,,0,0,,0,0,,,,,,,0,,,0,0,0,,,WP,,B,,0,,,,,,,,0,0,
200,8902310137,10,0,1,EA,1,1,EA,0,1,1,593.0,593.0,LB,127387.5,IN3,,45563,45563,1,4268.83,,0,6590947255,10,J,1482364197,10,,16V891,"Electric Air Compressor, 7.5 hp, 2 Stage",,,G4,ZS,,10230222904973,004S,,1,10,4,US,CA,,,1,,,,,,,,,,X,X,0,,1,,,,,,4,0,,S_ITCJOBS,45565,0.291782407407407,,1,,2692.42,0,3919.99,0,348.84,343.0,348.84,1,,,,2004,,,,,,,PPA,X,,,16V891,0,1000,1499381120,0,,CA9191100,4611.83,X,0,0,,0,,T,,,,,US,,,CA,300,10,,,,C,,,0,,,,,343.0,,,,,4611.83,,0,,,,,,,,,,0,,0,,45565,,,,,,,,T,,,,,,,,,,,0,,,0,,,,,,,,,,0,0,0,,,,,,,,0,0,,0,0,,,,,,,0,,,0,0,0,,,WP,,B,,0,,,,,,,,0,0,
200,8902310138,10,0,1,EA,1,1,EA,0,1,1,910.0,910.0,LB,189440.0,IN3,,45563,45563,1,6719.66,,0,6591602161,10,J,1483696015,10,,16V892,"Electric Air Compressor, 10 hp, 2 Stage",,,G4,ZS,,10230222904973,004S,,1,10,4,US,CA,,,1,,,,,,,,,,X,X,0,,1,,,,,,4,0,,S_ITCJOBS,45565,0.291782407407407,,1,,4025.18,0,6229.99,0,489.67,545.12,489.67,1,,,,2004,,,,,,,PPA,X,,,16V892,0,1000,1499381121,0,,CA9191100,7264.78,X,0,0,,0,,T,,,,,US,,,CA,300,10,,,,C,,,0,,,,,545.12,,,,,7264.78,,0,,,,,,,,,,0,,0,,45565,,,,,,,,T,,,,,,,,,,,0,,,0,,,,,,,,,,0,0,0,,,,,,,,0,0,,0,0,,,,,,,0,,,0,0,0,,,WP,,B,,0,,,,,,,,0,0,
200,8902310139,10,0,1,EA,1,1,EA,0,1,1,261.0,261.0,LB,52141.69,IN3,,45563,45563,1,1614.94,,0,6591696214,10,J,1484079129,10,,1WBW6,"Weatherhood,60In Bl,Galv Steel,66 1/4In",,,C1,ZS,,10120207603806,004S,,1,10,4,US,CA,,,1,,,,,,,,,,X,X,0,,1,,,,,,4,0,,S_ITCJOBS,45565,0.291782407407407,,1,,534.25,0,1374.47,0,240.47,120.26,240.47,1,,,,2004,,,,,,,PPA,X,,,1WBW6,0,1000,1499381122,0,,CA9191100,1735.2,X,0,0,,0,,T,,,,,US,,,CA,300,10,,,,C,,,0,,,,,120.26,,,,,1735.2,,0,,,,,,,,,,0,,0,,45565,,,,,,,,T,,,,,,,,,,,0,,,0,,,,,,,,,,0,0,0,,,,,,,,0,0,,0,0,,,,,,,0,,,0,0,0,,,WP,,D,,0,,,,,,,,0,0,
200,8902310140,10,0,1,EA,1,1,EA,0,1,1,254.0,254.0,LB,67947.0,IN3,,45563,45563,1,7582.65,,0,6594297495,10,J,1489849048,10,,14H097,"Variable Frequency Drive,40 hp,460V AC",,,B2,ZS,,10052985208262,004S,,1,10,4,US,CA,,,1,,,,,,,,,,X,X,0,,1,,,,,,4,0,,S_ITCJOBS,45565,0.291782407407407,,1,,4648.44,0,7332.18,0,250.47,641.56,250.47,1,,,,2004,,,,,,,PPA,X,,,14H097,0,1000,1499381123,0,,CA9191100,8224.21,X,0,0,,0,,T,,,,,US,,,CA,300,10,,,,C,,,0,,,,,641.56,,,,,8224.210000000001,,0,,,,,,,,,,0,,0,,45565,,,,,,,,T,,,,,,,,,,,0,,,0,,,,,,,,,,0,0,0,,,,,,,,0,0,,0,0,,,,,,,0,,,0,0,0,,,WP,,B,,0,,,,,,,,0,0,
200,8902310148,10,0,1,EA,1,1,EA,0,1,1,413.0,413.0,LB,84146.022,IN3,,45563,45563,1,5977.02,,0,6593896102,10,J,1489337286,10,,15A518,"Commercial Gas Water Heater,100 gal",,,E1,ZS,,10221736104825,004S,,1,10,4,US,CA,,,1,,,,,,,,,,X,X,0,,1,,,,,,4,0,,S_ITCJOBS,45565,0.292210648148148,,1,,2093.27,0,5666.79,0,310.23,495.84,310.23,1,,,,2004,,,,,,,PPA,X,,,15A518,0,1000,1499381132,0,,CA9259500,6472.86,X,0,0,,0,,T,,,,,US,,,CA,300,10,,,,C,,,0,,,,,495.84,,,,,6472.860000000001,,0,,,,,,,,,,0,,0,,45565,,,,,,,,T,,,,,,,,,,,0,,,0,,,,,,,,,,0,0,0,,,,,,,,0,0,,0,0,,,,,,,0,,,0,0,0,,,WP,,B,,0,,,,,,,,0,0,
200,8902310149,10,0,1,EA,1,1,EA,0,1,1,459.0,459.0,LB,89472.0,IN3,,45563,45563,1,5210.33,,0,6593255934,10,J,1487710159,10,,11N148,"Air/Hydraulic Service Jack,10 tons,7"" H",,,L6,ZS,,10390222003863,004S,,1,10,4,US,CA,,,1,,,,,,,,,,X,X,0,,1,,,,,,4,0,,S_ITCJOBS,45565,0.29224537037037,,1,,3290.56,0,4885.0,0,325.33,500.71,325.33,1,,,,2004,,,,,,,PPA,X,,,11N148,0,1000,1499381133,0,,CA9022000,5711.04,X,0,0,,0,,T,,,,,US,,,CA,300,10,,,,C,,,0,,,,,500.71,,,,,5711.04,,0,,,,,,,,,,0,,0,,45565,,,,,,,,T,,,,,,,,,,,0,,,0,,,,,,,,,,0,0,0,,,,,,,,0,0,,0,0,,,,,,,0,,,0,0,0,,,WP,,B,,0,,,,,,,,0,0,
200,8902310152,10,0,1,EA,1,1,EA,0,1,1,600.0,600.0,LB,55687.5,IN3,,45563,45563,1,4459.29,,0,6593771825,10,J,1489123312,10,,14V882,"Mobile Cabinet Bench,Steel,54-1/4""W,26""D",,,M1,ZS,,10182784004397,004S,,1,10,4,US,CA,,,1,,,,,,,,,,X,X,0,1.0,1,,,,,,4,0,,S_ITCJOBS,45565,0.292268518518519,,1,,2578.63,0,4082.0,0,377.29,418.42,377.29,1,,,,2004,,,,,,,PPA,X,,,14V882,0,1000,1499381138,0,,CA9026000,4877.71,X,0,0,,0,,T,,,,,US,,,CA,300,10,,,,C,,,0,,,,,418.42,,,,,4877.71,,0,,,,,,,,,,0,,0,,45565,,,,,,,,T,,,,,,,,,,,0,,,0,,,,,,,,,,0,0,0,,,,,,,,0,0,,0,0,,,,,,,0,,,0,0,0,,,WP,,B,,0,,,,,,,,0,0,
200,8902310154,10,0,1,EA,1,1,EA,0,1,1,254.0,254.0,LB,67947.0,IN3,,45563,45563,1,7582.65,,0,6594150557,10,J,1489625967,10,,14H097,"Variable Frequency Drive,40 hp,460V AC",,,B2,ZS,,10052985208262,004S,,1,10,4,US,CA,,,1,,,,,,,,,,X,X,0,,1,,,,,,4,0,,S_ITCJOBS,45565,0.292280092592593,,1,,4648.44,0,7332.18,0,250.47,696.55,250.47,1,,,,2004,,,,,,,PPA,X,,,14H097,0,1000,1499381140,0,,CA9029201,8279.2,X,0,0,,0,,T,,,,,US,,,CA,300,10,,,,C,,,0,,,,,696.55,,,,,8279.2,,0,,,,,,,,,,0,,0,,45565,,,,,,,,T,,,,,,,,,,,0,,,0,,,,,,,,,,0,0,0,,,,,,,,0,0,,0,0,,,,,,,0,,,0,0,0,,,WP,,B,,0,,,,,,,,0,0,
200,8902310155,10,0,1,EA,1,1,EA,0,1,1,340.0,340.0,LB,163571.5,IN3,,45563,45563,1,3592.27,,0,6594444231,10,J,1490075157,10,,13R511,"Clam-Shell Jobsite Cabinet,65 in,Tan",,,M1,ZS,,10100206412654,004S,,1,10,4,US,CA,,,1,,,,,,,,,,X,X,0,,1,,,,,,4,0,,S_ITCJOBS,45565,0.292291666666667,,1,,1511.41,0,3332.03,0,260.24,316.54,260.24,1,,,,2004,,,,,,,PPA,X,,,13R511,0,1000,1499381142,0,,CA9136700,3908.81,X,0,0,,0,,T,,,,,US,,,CA,300,10,,,,C,,,0,,,,,316.54,,,,,3908.81,,0,,,,,,,,,,0,,0,,45565,,,,,,,,T,,,,,,,,,,,0,,,0,,,,,,,,,,0,0,0,,,,,,,,0,0,,0,0,,,,,,,0,,,0,0,0,,,WP,,B,,0,,,,,,,,0,0,
200,8902310156,10,0,1,EA,1,1,EA,0,1,1,459.0,459.0,LB,89472.0,IN3,,45563,45563,1,5210.33,,0,6594957748,10,J,1490824717,10,,11N148,"Air/Hydraulic Service Jack,10 tons,7"" H",,,L6,ZS,,10390222003863,004S,,1,10,4,US,CA,,,1,,,,,,,,,,X,X,0,,1,,,,,,4,0,,S_ITCJOBS,45565,0.292303240740741,,1,,3290.56,0,4885.0,0,325.33,427.44,325.33,1,,,,2004,,,,,,,PPA,X,,,11N148,0,1000,1499384744,0,,CA9250500,5637.77,X,0,0,,0,,T,,,,,US,,,CA,300,10,,,,C,,,0,,,,,427.44,,,,,5637.77,,0,,,,,,,,,,0,,0,,45565,,,,,,,,T,,,,,,,,,,,0,,,0,,,,,,,,,,0,0,0,,,,,,,,0,0,,0,0,,,,,,,0,,,0,0,0,,,WP,,B,,0,,,,,,,,0,0,
200,8902310160,10,0,1,EA,1,1,EA,0,1,1,688.0,688.0,LB,233860.9,IN3,,45563,45563,1,4650.24,,0,6595050152,10,J,1490878794,10,,14V855,"Jobsite Field Office,83 in,Tan",,,M1,ZS,,10100206412654,004S,,1,10,4,US,CA,,,1,,,,,,,,,,X,X,0,,1,,,,,,4,0,,S_ITCJOBS,45565,0.292337962962963,,1,,2057.92,0,4252.83,0,397.41,404.02,397.41,1,,,,2004,,,,,,,PPA,X,,,14V855,0,1000,1499384751,0,,CA9003600,5054.26,X,0,0,,0,,T,,,,,US,,,CA,300,10,,,,C,,,0,,,,,404.02,,,,,5054.26,,0,,,,,,,,,,0,,0,,45565,,,,,,,,T,,,,,,,,,,,0,,,0,,,,,,,,,,0,0,0,,,,,,,,0,0,,0,0,,,,,,,0,,,0,0,0,,,WP,,B,,0,,,,,,,,0,0,
200,8902310161,10,0,1,EA,1,1,EA,0,1,1,369.0,369.0,LB,59660.0,IN3,,45563,45563,1,2068.27,,0,6594725390,10,J,1490398909,10,,16D690,"Storage Cabinet,78""x36""x18"",Gray,4Shlv",,,K1,ZS,,10180210204399,004S,,1,10,4,US,CA,,,1,,,,,,,,,,X,X,0,,1,,,,,,4,0,,S_ITCJOBS,45565,0.292349537037037,,1,,792.36,0,1785.25,0,283.02,169.61,283.02,1,,,,2004,,,,,,,PPA,X,,,16D690,0,1000,1499384753,0,,CA9021100,2237.88,X,0,0,,0,,T,,,,,US,,,CA,300,10,,,,C,,,0,,,,,169.61,,,,,2237.88,,0,,,,,,,,,,0,,0,,45565,,,,,,,,T,,,,,,,,,,,0,,,0,,,,,,,,,,0,0,0,,,,,,,,0,0,,0,0,,,,,,,0,,,0,0,0,,,WP,,B,,0,,,,,,,,0,0,
200,8902310162,10,0,1,EA,1,1,EA,0,1,1,257.0,257.0,LB,116296.5,IN3,,45563,45563,1,3402.43,,0,6594158120,10,J,1489619942,10,,13R510,"Jobsite Cabinet,60 in,Tan",,,M1,ZS,,10100206412654,004S,,1,10,4,US,CA,,,1,,,,,,,,,,X,X,0,,1,,,,,,4,0,,S_ITCJOBS,45565,0.292361111111111,,1,,1527.93,0,3151.96,0,250.47,244.28,250.47,1,,,,2004,,,,,,,PPA,X,,,13R510,0,1000,1499384755,0,,CA9210500,3646.71,X,0,0,,0,,T,,,,,US,,,CA,300,10,,,,C,,,0,,,,,244.28,,,,,3646.71,,0,,,,,,,,,,0,,0,,45565,,,,,,,,T,,,,,,,,,,,0,,,0,,,,,,,,,,0,0,0,,,,,,,,0,0,,0,0,,,,,,,0,,,0,0,0,,,WP,,B,,0,,,,,,,,0,0,
200,8902310163,10,0,1,EA,1,1,EA,0,1,1,586.0,586.0,LB,102828.0,IN3,,45563,45563,1,3636.84,,0,6593596725,10,J,1488724740,10,,13R507,"Mobile Cabinet Bench,Steel,62"" W,32"" D",,,M1,ZS,,10182784004397,004S,,1,10,4,US,CA,,,1,,,,,,,,,,X,X,0,1.0,1,,,,,,4,0,,S_ITCJOBS,45565,0.292384259259259,,1,,1900.91,0,3278.0,0,358.84,254.05,358.84,1,,,,2004,,,,,,,PPA,X,,,13R507,0,1000,1499384757,0,,CA9173001,3890.89,X,0,0,,0,,T,,,,,US,,,CA,300,10,,,,C,,,0,,,,,254.05,,,,,3890.89,,0,,,,,,,,,,0,,0,,45565,,,,,,,,T,,,,,,,,,,,0,,,0,,,,,,,,,,0,0,0,,,,,,,,0,0,,0,0,,,,,,,0,,,0,0,0,,,WP,,B,,0,,,,,,,,0,0,
200,8902310164,10,0,1,EA,1,1,EA,0,1,1,1169.0,1169.0,LB,59862.96,IN3,,45563,45563,1,4256.79,,0,6593230377,10,J,1487594007,10,,12G597,"Combination Machine,52"" Bend,Hand Lever",,,N2,ZS,,10240214131928,004S,,1,10,4,US,CA,,,1,,,,,,,,,,X,X,0,,1,,,,,,4,0,,S_ITCJOBS,45565,0.292395833333333,,1,,2117.2,0,3703.2,0,553.59,351.8,553.59,1,,,,2004,,,,,,,PPA,X,,,12G597,0,1000,1499384759,0,,CA9135200,4608.59,X,0,0,,0,,T,,,,,US,,,CA,300,10,,,,C,,,0,,,,,351.8,,,,,4608.59,,0,,,,,,,,,,0,,0,,45565,,,,,,,,T,,,,,,,,,,,0,,,0,,,,,,,,,,0,0,0,,,,,,,,0,0,,0,0,,,,,,,0,,,0,0,0,,,WP,,B,,0,,,,,,,,0,0,
200,8902310165,10,0,1,EA,1,1,EA,0,1,1,1236.0,1236.0,LB,187645.5,IN3,,45563,45563,1,9033.58,,0,6594983806,10,J,1490828001,10,,16V897,"Electric Air Compressor, 15 hp, 2 Stage",,,G4,ZS,,10230222904973,004S,,1,10,4,US,CA,,,1,,,,,,,,,,X,X,0,,1,,,,,,4,0,,S_ITCJOBS,45565,0.292407407407407,,1,,4864.07,0,8479.99,0,553.59,657.2,553.59,1,,,,2004,,,,,,,PPA,X,,,16V897,0,1000,1499384761,0,,CA9261400,9690.78,X,0,0,,0,,T,,,,,US,,,CA,300,10,,,,C,,,0,,,,,657.2,,,,,9690.78,,0,,,,,,,,,,0,,0,,45565,,,,,,,,T,,,,,,,,,,,0,,,0,,,,,,,,,,0,0,0,,,,,,,,0,0,,0,0,,,,,,,0,,,0,0,0,,,WP,,B,,0,,,,,,,,0,0,
200,8902310166,10,0,1,EA,1,1,EA,0,1,1,1241.0,1241.0,LB,190624.0,IN3,,45563,45563,1,9023.58,,0,6591085183,10,J,1482638071,10,,16V896,"Electric Air Compressor, 15 hp, 2 Stage",,,G4,ZS,,10230222904973,004S,,1,10,4,US,CA,,,1,,,,,,,,,,X,X,0,,1,,,,,,4,0,,S_ITCJOBS,45565,0.292407407407407,,1,,4887.57,0,8479.99,0,543.59,784.4,543.59,1,,,,2004,,,,,,,PPA,X,,,16V896,0,1000,1499384763,0,,CA9303000,9807.98,X,0,0,,0,,T,,,,,US,,,CA,300,10,,,,C,,,0,,,,,784.4,,,,,9807.98,,0,,,,,,,,,,0,,0,,45565,,,,,,,,T,,,,,,,,,,,0,,,0,,,,,,,,,,0,0,0,,,,,,,,0,0,,0,0,,,,,,,0,,,0,0,0,,,WP,,B,,0,,,,,,,,0,0,
200,8902310168,10,0,1,EA,1,1,EA,0,1,1,897.0,897.0,LB,186946.2,IN3,,45563,45563,1,6761.08,,0,6591088135,10,J,1482640023,10,,16V893,"Electric Air Compressor, 10 hp, 2 Stage",,,G4,ZS,,10230222904973,004S,,1,10,4,US,CA,,,1,,,,,,,,,,X,X,0,,1,,,,,,4,0,,S_ITCJOBS,45565,0.292418981481481,,1,,4025.18,0,6291.52,0,469.56,644.88,469.56,1,,,,2004,,,,,,,PPA,X,,,16V893,0,1000,1499384767,0,,CA9120600,7405.96,X,0,0,,0,,T,,,,,US,,,CA,300,10,,,,C,,,0,,,,,644.88,,,,,7405.96,,0,,,,,,,,,,0,,0,,45565,,,,,,,,T,,,,,,,,,,,0,,,0,,,,,,,,,,0,0,0,,,,,,,,0,0,,0,0,,,,,,,0,,,0,0,0,,,WP,,B,,0,,,,,,,,0,0,
200,8902310169,10,0,1,EA,1,1,EA,0,1,1,417.0,417.0,LB,123125.76,IN3,,45563,45563,1,3113.14,,0,6593256077,10,J,1487710647,10,,13R512,"Piano-Style Jobsite Box,54 1/2 in,Tan",,,M1,ZS,,10100206412654,004S,,1,10,4,US,CA,,,1,,,,,,,,,,X,X,0,,1,,,,,,4,0,,S_ITCJOBS,45565,0.292418981481481,,1,,1450.3,0,2802.91,0,310.23,287.3,310.23,1,,,,2004,,,,,,,PPA,X,,,13R512,0,1000,1499384769,0,,CA9120600,3400.44,X,0,0,,0,,T,,,,,US,,,CA,300,10,,,,C,,,0,,,,,287.3,,,,,3400.44,,0,,,,,,,,,,0,,0,,45565,,,,,,,,T,,,,,,,,,,,0,,,0,,,,,,,,,,0,0,0,,,,,,,,0,0,,0,0,,,,,,,0,,,0,0,0,,,WP,,B,,0,,,,,,,,0,0,
200,8902310170,10,0,1,EA,1,1,EA,0,1,1,897.0,897.0,LB,186946.2,IN3,,45563,45563,1,6771.08,,0,6593624729,10,J,1488712787,10,,16V893,"Electric Air Compressor, 10 hp, 2 Stage",,,G4,ZS,,10230222904973,004S,,1,10,4,US,CA,,,1,,,,,,,,,,X,X,0,,1,,,,,,4,0,,S_ITCJOBS,45565,0.292430555555556,,1,,4025.18,0,6291.52,0,479.56,550.51,479.56,1,,,,2004,,,,,,,PPA,X,,,16V893,0,1000,1499384770,0,,CA9250500,7321.59,X,0,0,,0,,T,,,,,US,,,CA,300,10,,,,C,,,0,,,,,550.51,,,,,7321.59,,0,,,,,,,,,,0,,0,,45565,,,,,,,,T,,,,,,,,,,,0,,,0,,,,,,,,,,0,0,0,,,,,,,,0,0,,0,0,,,,,,,0,,,0,0,0,,,WP,,B,,0,,,,,,,,0,0,
200,8902310171,10,0,1,EA,1,1,EA,0,1,1,285.0,285.0,LB,79968.0,IN3,,45563,45563,1,1877.85,,0,6593698561,10,J,1488966245,10,,13R523,"Piano-Style Jobsite Box,49 in,Tan",,,M1,ZS,,10100206412654,004S,,1,10,4,US,CA,,,1,,,,,,,,,,X,X,0,,1,,,,,,4,0,,S_ITCJOBS,45565,0.292430555555556,,1,,758.0,0,1627.38,0,250.47,142.39,250.47,1,,,,2004,,,,,,,PPA,X,,,13R523,0,1000,1499384772,0,,CA9250500,2020.24,X,0,0,,0,,T,,,,,US,,,CA,300,10,,,,C,,,0,,,,,142.39,,,,,2020.24,,0,,,,,,,,,,0,,0,,45565,,,,,,,,T,,,,,,,,,,,0,,,0,,,,,,,,,,0,0,0,,,,,,,,0,0,,0,0,,,,,,,0,,,0,0,0,,,WP,,B,,0,,,,,,,,0,0,
200,8902310172,10,0,1,EA,1,1,EA,0,1,1,1169.0,1169.0,LB,59862.96,IN3,,45563,45563,1,4256.79,,0,6595185382,10,J,1491121638,10,,12G597,"Combination Machine,52"" Bend,Hand Lever",,,N2,ZS,,10240214131928,004S,,1,10,4,US,CA,,,1,,,,,,,,,,X,X,0,,1,,,,,,4,0,,S_ITCJOBS,45565,0.29244212962963,,1,,2117.2,0,3703.2,0,553.59,379.57,553.59,1,,,,2004,,,,,,,PPA,X,,,12G597,0,1000,1499384773,0,,CA9065000,4636.36,X,0,0,,0,,T,,,,,US,,,CA,300,10,,,,C,,,0,,,,,379.57,,,,,4636.36,,0,,,,,,,,,,0,,0,,45565,,,,,,,,T,,,,,,,,,,,0,,,0,,,,,,,,,,0,0,0,,,,,,,,0,0,,0,0,,,,,,,0,,,0,0,0,,,WP,,B,,0,,,,,,,,0,0,
200,8902310173,10,0,1,EA,1,1,EA,0,1,1,237.0,237.0,LB,117968.0,IN3,,45563,45563,1,2516.56,,0,6593793834,10,J,1489162473,10,,13R517,"Piano-Style Jobsite Box,49 in,Tan",,,M1,ZS,,10100206412654,004S,,1,10,4,US,CA,,,1,,,,,,,,,,X,X,0,,1,,,,,,4,0,,S_ITCJOBS,45565,0.29244212962963,,1,,1169.19,0,2272.6,0,243.96,176.13,243.96,1,,,,2004,,,,,,,PPA,X,,,13R517,0,1000,1499384775,0,,CA9235400,2692.69,X,0,0,,0,,T,,,,,US,,,CA,300,10,,,,C,,,0,,,,,176.13,,,,,2692.69,,0,,,,,,,,,,0,,0,,45565,,,,,,,,T,,,,,,,,,,,0,,,0,,,,,,,,,,0,0,0,,,,,,,,0,0,,0,0,,,,,,,0,,,0,0,0,,,WP,,B,,0,,,,,,,,0,0,
200,8902310174,10,0,1,EA,1,1,EA,0,1,1,340.0,340.0,LB,163571.5,IN3,,45563,45563,1,3592.27,,0,6594707457,10,J,1490382482,10,,13R511,"Clam-Shell Jobsite Cabinet,65 in,Tan",,,M1,ZS,,10100206412654,004S,,1,10,4,US,CA,,,1,,,,,,,,,,X,X,0,,1,,,,,,4,0,,S_ITCJOBS,45565,0.292465277777778,,1,,1511.41,0,3332.03,0,260.24,316.54,260.24,1,,,,2004,,,,,,,PPA,X,,,13R511,0,1000,1499384777,0,,CA9021200,3908.81,X,0,0,,0,,T,,,,,US,,,CA,300,10,,,,C,,,0,,,,,316.54,,,,,3908.81,,0,,,,,,,,,,0,,0,,45565,,,,,,,,T,,,,,,,,,,,0,,,0,,,,,,,,,,0,0,0,,,,,,,,0,0,,0,0,,,,,,,0,,,0,0,0,,,WP,,B,,0,,,,,,,,0,0,
200,8902310175,10,0,1,EA,1,1,EA,0,1,1,961.0,961.0,LB,75900.0,IN3,,45563,45563,1,3604.28,,0,6595174324,10,J,1491115240,10,,13W872,"Machining Shear,0.039"" Cap. Mild Steel",,,N2,ZS,,10240214108716,004S,,1,10,4,US,CA,,,1,,,,,,,,,,X,X,0,,1,,,,,,4,0,,S_ITCJOBS,45565,0.292476851851852,,1,,1596.87,0,3087.83,0,516.45,308.79,516.45,1,,,,2004,,,,,,,PPA,X,,,13W872,0,1000,1499384779,0,,CA9173200,3913.07,X,0,0,,0,,T,,,,,US,,,CA,300,10,,,,C,,,0,,,,,308.79,,,,,3913.07,,0,,,,,,,,,,0,,0,,45565,,,,,,,,T,,,,,,,,,,,0,,,0,,,,,,,,,,0,0,0,,,,,,,,0,0,,0,0,,,,,,,0,,,0,0,0,,,WP,,B,,0,,,,,,,,0,0,
200,8902310176,10,0,1,EA,1,1,EA,0,1,1,961.0,961.0,LB,75900.0,IN3,,45563,45563,1,3604.28,,0,6594983095,10,J,1490843669,10,,13W872,"Machining Shear,0.039"" Cap. Mild Steel",,,N2,ZS,,10240214108716,004S,,1,10,4,US,CA,,,1,,,,,,,,,,X,X,0,,1,,,,,,4,0,,S_ITCJOBS,45565,0.2925,,1,,1596.87,0,3087.83,0,516.45,270.19,516.45,1,,,,2004,,,,,,,PPA,X,,,13W872,0,1000,1499384781,0,,CA9253000,3874.47,X,0,0,,0,,T,,,,,US,,,CA,300,10,,,,C,,,0,,,,,270.19,,,,,3874.4700000000003,,0,,,,,,,,,,0,,0,,45565,,,,,,,,T,,,,,,,,,,,0,,,0,,,,,,,,,,0,0,0,,,,,,,,0,0,,0,0,,,,,,,0,,,0,0,0,,,WP,,B,,0,,,,,,,,0,0,
200,8902310177,10,0,1,EA,1,1,EA,0,1,1,280.0,280.0,LB,75414.3,IN3,,45563,45563,1,1701.95,,0,6595044039,10,J,1490930810,10,,13R524,"Piano-Style Jobsite Box,34 1/4 in,Tan",,,M1,ZS,,10100206412654,004S,,1,10,4,US,CA,,,1,,,,,,,,,,X,X,0,,1,,,,,,4,0,,S_ITCJOBS,45565,0.2925,,1,,745.94,0,1451.48,0,250.47,127.0,250.47,1,,,,2004,,,,,,,PPA,X,,,13R524,0,1000,1499384783,0,,CA9253000,1828.95,X,0,0,,0,,T,,,,,US,,,CA,300,10,,,,C,,,0,,,,,127.0,,,,,1828.95,,0,,,,,,,,,,0,,0,,45565,,,,,,,,T,,,,,,,,,,,0,,,0,,,,,,,,,,0,0,0,,,,,,,,0,0,,0,0,,,,,,,0,,,0,0,0,,,WP,,B,,0,,,,,,,,0,0,
200,8902310178,10,0,1,EA,1,1,EA,0,1,1,254.0,254.0,LB,67947.0,IN3,,45563,45563,1,7582.65,,0,6593653462,10,J,1488740970,10,,14H097,"Variable Frequency Drive,40 hp,460V AC",,,B2,ZS,,10052985208262,004S,,1,10,4,US,CA,,,1,,,,,,,,,,X,X,0,,1,,,,,,4,0,,S_ITCJOBS,45565,0.292511574074074,,1,,4648.44,0,7332.18,0,250.47,696.55,250.47,1,,,,2004,,,,,,,PPA,X,,,14H097,0,1000,1499384785,0,,CA9005900,8279.2,X,0,0,,0,,T,,,,,US,,,CA,300,10,,,,C,,,0,,,,,696.55,,,,,8279.2,,0,,,,,,,,,,0,,0,,45565,,,,,,,,T,,,,,,,,,,,0,,,0,,,,,,,,,,0,0,0,,,,,,,,0,0,,0,0,,,,,,,0,,,0,0,0,,,WP,,B,,0,,,,,,,,0,0,
200,8902310179,10,0,1,EA,1,1,EA,0,1,1,1270.0,1270.0,LB,74618.775,IN3,,45563,45563,1,4418.04,,0,6595068198,10,J,1490922152,10,,13W877,"Sheet Metal Brake,Box and Pan,51"" Bend L",,,N2,ZS,,10240214131922,004S,,1,10,4,US,CA,,,1,,,,,,,,,,X,X,0,,1,,,,,,4,0,,S_ITCJOBS,45565,0.292523148148148,,1,,2131.55,0,3864.45,0,553.59,299.5,553.59,1,,,,2004,,,,,,,PPA,X,,,13W877,0,1000,1499384788,0,,CA9175201,4717.54,X,0,0,,0,,T,,,,,US,,,CA,300,10,,,,C,,,0,,,,,299.5,,,,,4717.54,,0,,,,,,,,,,0,,0,,45565,,,,,,,,T,,,,,,,,,,,0,,,0,,,,,,,,,,0,0,0,,,,,,,,0,0,,0,0,,,,,,,0,,,0,0,0,,,WP,,B,,0,,,,,,,,0,0,
200,8902310180,10,0,1,EA,1,1,EA,0,1,1,1241.0,1241.0,LB,190624.0,IN3,,45563,45563,1,9033.58,,0,6593352879,10,J,1487985081,10,,16V896,"Electric Air Compressor, 15 hp, 2 Stage",,,G4,ZS,,10230222904973,004S,,1,10,4,US,CA,,,1,,,,,,,,,,X,X,0,,1,,,,,,4,0,,S_ITCJOBS,45565,0.292534722222222,,1,,4887.57,0,8479.99,0,553.59,805.6,553.59,1,,,,2004,,,,,,,PPA,X,,,16V896,0,1000,1499384790,0,,CA9001600,9839.18,X,0,0,,0,,T,,,,,US,,,CA,300,10,,,,C,,,0,,,,,805.6,,,,,9839.18,,0,,,,,,,,,,0,,0,,45565,,,,,,,,T,,,,,,,,,,,0,,,0,,,,,,,,,,0,0,0,,,,,,,,0,0,,0,0,,,,,,,0,,,0,0,0,,,WP,,B,,0,,,,,,,,0,0,
200,8902310181,10,0,1,EA,1,1,EA,0,1,1,532.0,532.0,LB,117925.0,IN3,,45563,45563,1,2886.54,,0,6594268607,10,J,1489808976,10,,1UBJ4,"Bin Cabinet,84""x48""x24"",Gray,0Bns",,,K1,ZS,,10180210226644,004S,,1,10,4,US,CA,,,1,,,,,,,,,,X,X,0,,1,,,,,,4,0,,S_ITCJOBS,45565,0.292546296296296,,1,,1001.37,0,2547.8,0,338.74,222.94,338.74,1,,,,2004,,,,,,,PPA,X,,,1UBJ4,0,1000,1499384792,0,,CA9287900,3109.48,X,0,0,,0,,T,,,,,US,,,CA,300,10,,,,C,,,0,,,,,222.94,,,,,3109.48,,0,,,,,,,,,,0,,0,,45565,,,,,,,,T,,,,,,,,,,,0,,,0,,,,,,,,,,0,0,0,,,,,,,,0,0,,0,0,,,,,,,0,,,0,0,0,,,WP,,B,,0,,,,,,,,0,0,
200,8902310182,10,0,1,EA,1,1,EA,0,1,1,688.0,688.0,LB,233860.9,IN3,,45563,45563,1,4650.24,,0,6593461616,10,J,1488009748,10,,14V855,"Jobsite Field Office,83 in,Tan",,,M1,ZS,,10100206412654,004S,,1,10,4,US,CA,,,1,,,,,,,,,,X,X,0,,1,,,,,,4,0,,S_ITCJOBS,45565,0.29255787037037,,1,,2057.92,0,4252.83,0,397.41,329.59,397.41,1,,,,2004,,,,,,,PPA,X,,,14V855,0,1000,1499384794,0,,CA9300300,4979.83,X,0,0,,0,,T,,,,,US,,,CA,300,10,,,,C,,,0,,,,,329.59,,,,,4979.83,,0,,,,,,,,,,0,,0,,45565,,,,,,,,T,,,,,,,,,,,0,,,0,,,,,,,,,,0,0,0,,,,,,,,0,0,,0,0,,,,,,,0,,,0,0,0,,,WP,,B,,0,,,,,,,,0,0,
200,8902310183,10,0,1,EA,1,1,EA,0,1,1,1270.0,1270.0,LB,74618.775,IN3,,45563,45563,1,4418.04,,0,6593785293,10,J,1489114059,10,,13W877,"Sheet Metal Brake,Box and Pan,51"" Bend L",,,N2,ZS,,10240214131922,004S,,1,10,4,US,CA,,,1,,,,,,,,,,X,X,0,,1,,,,,,4,0,,S_ITCJOBS,45565,0.292569444444444,,1,,2131.55,0,3864.45,0,553.59,396.11,553.59,1,,,,2004,,,,,,,PPA,X,,,13W877,0,1000,1499384796,0,,CA9023000,4814.15,X,0,0,,0,,T,,,,,US,,,CA,300,10,,,,C,,,0,,,,,396.11,,,,,4814.150000000001,,0,,,,,,,,,,0,,0,,45565,,,,,,,,T,,,,,,,,,,,0,,,0,,,,,,,,,,0,0,0,,,,,,,,0,0,,0,0,,,,,,,0,,,0,0,0,,,WP,,B,,0,,,,,,,,0,0,
200,8902310184,10,0,1,EA,1,1,EA,0,1,1,509.0,509.0,LB,122239.638,IN3,,45563,45563,1,3619.92,,0,6594289197,10,J,1489823149,10,,13R509,"Jobsite Cabinet,54 1/2 in,Tan",,,M1,ZS,,10100206412654,004S,,1,10,4,US,CA,,,1,,,,,,,,,,X,X,0,,1,,,,,,4,0,,S_ITCJOBS,45565,0.292581018518519,,1,,1724.61,0,3281.18,0,338.74,287.1,338.74,1,,,,2004,,,,,,,PPA,X,,,13R509,0,1000,1499384798,0,,CA9250500,3907.02,X,0,0,,0,,T,,,,,US,,,CA,300,10,,,,C,,,0,,,,,287.1,,,,,3907.02,,0,,,,,,,,,,0,,0,,45565,,,,,,,,T,,,,,,,,,,,0,,,0,,,,,,,,,,0,0,0,,,,,,,,0,0,,0,0,,,,,,,0,,,0,0,0,,,WP,,B,,0,,,,,,,,0,0,
200,8902310185,10,0,1,EA,1,1,EA,0,1,1,285.0,285.0,LB,79968.0,IN3,,45563,45563,1,1877.85,,0,6594983475,10,J,1490827239,10,,13R523,"Piano-Style Jobsite Box,49 in,Tan",,,M1,ZS,,10100206412654,004S,,1,10,4,US,CA,,,1,,,,,,,,,,X,X,0,,1,,,,,,4,0,,S_ITCJOBS,45565,0.292581018518519,,1,,758.0,0,1627.38,0,250.47,142.39,250.47,1,,,,2004,,,,,,,PPA,X,,,13R523,0,1000,1499384800,0,,CA9250500,2020.24,X,0,0,,0,,T,,,,,US,,,CA,300,10,,,,C,,,0,,,,,142.39,,,,,2020.24,,0,,,,,,,,,,0,,0,,45565,,,,,,,,T,,,,,,,,,,,0,,,0,,,,,,,,,,0,0,0,,,,,,,,0,0,,0,0,,,,,,,0,,,0,0,0,,,WP,,B,,0,,,,,,,,0,0,
200,8902310186,10,0,1,EA,1,1,EA,0,1,1,701.0,701.0,LB,123947.496,IN3,,45563,45563,1,2764.87,,0,6593610653,10,J,1488725574,10,,16X169,"Gun Safe,14.4 cu. ft.,Electronic",,,J2,ZS,,10300217428306,004S,,1,10,4,US,CA,,,1,,,,,,,,,,X,X,0,,1,,,,,,4,0,,S_ITCJOBS,45565,0.292615740740741,,1,,1611.04,0,2347.34,0,417.53,181.92,417.53,1,,,,2004,,,,,,,PPA,X,,,16X169,0,1000,1499384801,0,,CA9212400,2946.79,X,0,0,,0,,T,,,,,US,,,CA,300,10,,,,C,,,0,,,,,181.92,,,,,2946.79,,0,,,,,,,,,,0,,0,,45565,,,,,,,,T,,,,,,,,,,,0,,,0,,,,,,,,,,0,0,0,,,,,,,,0,0,,0,0,,,,,,,0,,,0,0,0,,,WP,,B,,0,,,,,,,,0,0,
200,8902310189,10,0,1,EA,1,1,EA,0,1,1,404.0,404.0,LB,78559.25,IN3,,45563,45563,1,2081.37,,0,6591318762,10,J,1482895630,10,,1UBK5,"Bin Cabinet,72""x36""x24"",Gray,96YlwBns",,,K1,ZS,,10180210226644,004S,,1,10,4,US,CA,,,1,,,,,,,,,,X,X,0,,1,,,,,,4,0,,S_ITCJOBS,45565,0.292673611111111,,1,,738.19,0,1781.14,0,300.23,164.75,300.23,1,,,,2004,,,,,,,PPA,X,,,1UBK5,0,1000,1499384806,0,,CA9490300,2246.12,X,0,0,,0,,T,,,,,US,,,CA,300,10,,,,C,,,0,,,,,164.75,,,,,2246.12,,0,,,,,,,,,,0,,0,,45565,,,,,,,,T,,,,,,,,,,,0,,,0,,,,,,,,,,0,0,0,,,,,,,,0,0,,0,0,,,,,,,0,,,0,0,0,,,WP,,C,,0,,,,,,,,0,0,
200,8902310229,10,0,12,EA,1,1,EA,0,12,12,13.2,13.2,LB,12000.0,IN3,,45566,45566,1,145.75,,0,6595650117,10,J,1491900020,10,,2W233,"Pleated Air Filter,20x25x2,MERV 7",,,C2,ZS,,10120207403648,002S,,1,10,2,US,MO,,,1,,,,,,,,,,X,X,0,,1,,,,,,2,0,,S_ITCJOBS,45566,0.375474537037037,,1,,40.32,0,104.04,0,41.71,10.66,41.71,1,,,,2002,,,,,,,PPA,S,,,2W233,0,1000,1499386262,0,,CA9456800,13.03,X,0,0,,0,,T,,,,,US,,,CA,300,10,,,,C,,,0,,,,,10.66,,,,,13.0341666666667,,0,,,,,,,,,,0,,0,,45566,,,,,,,,T,,,,,,,,,,,0,,,0,,,,,,,,,,0,0,0,,,,,,,,0,0,,0,0,,,,,,,0,,,0,0,0,,,WP,,A,,0,,,,,,,,0,0,
200,8902311039,10,0,1,EA,1,1,EA,0,1,1,1241.0,1241.0,LB,190624.0,IN3,,45563,45563,1,9064.66,,0,6591708682,10,J,1484335977,10,,16V896,"Electric Air Compressor, 15 hp, 2 Stage",,,G4,ZS,,10230222904973,004S,,1,10,4,US,CA,,,1,,,,,,,,,,X,X,0,,1,,,,,,4,0,,S_ITCJOBS,45565,0.292106481481482,,1,,4887.57,0,8479.99,0,584.67,52.5,584.67,1,,,,2004,,,,,,,PPA,X,,,16V896,0,1000,1499383229,0,,AK9961500,9117.16,X,0,0,,0,,T,,,,,US,,,AK,300,10,,,,C,,,0,,,,,52.5,,,,,9117.16,,0,,,,,,,,,,0,,0,,45565,,,,,,,,T,,,,,,,,,,,0,,,0,,,,,,,,,,0,0,0,,,,,,,,0,0,,0,0,,,,,,,0,,,0,0,0,,,WP,,B,,0,,,,,,,,0,0,
200,8902311040,10,0,1,EA,1,1,EA,0,1,1,595.0,595.0,LB,131560.0,IN3,,45563,45563,1,3812.33,,0,6592152780,10,J,1485367778,10,,1WD82,"Electric Air Compressor, 5 hp, 2 Stage",,,G4,ZS,,10230222904973,004S,,1,10,4,US,CA,,,1,,,,,,,,,,X,X,0,1.0,1,,,,,,4,0,,S_ITCJOBS,45565,0.292106481481482,,1,,2150.4,0,3418.58,0,393.75,52.5,393.75,1,,,,2004,,,,,,,PPA,X,,,1WD82,0,1000,1499383230,0,,AK9961500,3864.83,X,0,0,,0,,T,,,,,US,,,AK,300,10,,,,C,,,0,,,,,52.5,,,,,3864.83,,0,,,,,,,,,,0,,0,,45565,,,,,,,,T,,,,,,,,,,,0,,,0,,,,,,,,,,0,0,0,,,,,,,,0,0,,0,0,,,,,,,0,,,0,0,0,,,WP,,D,,0,,,,,,,,0,0,
200,8902311043,10,0,1,EA,1,1,EA,0,1,1,254.0,254.0,LB,67947.0,IN3,,45563,45563,1,7582.65,,0,6593228323,10,J,1487571639,10,,14H097,"Variable Frequency Drive,40 hp,460V AC",,,B2,ZS,,10052985208262,004S,,1,10,4,US,CA,,,1,,,,,,,,,,X,X,0,,1,,,,,,4,0,,S_ITCJOBS,45565,0.292175925925926,,1,,4648.44,0,7332.18,0,250.47,751.54,250.47,1,,,,2004,,,,,,,PPA,X,,,14H097,0,1000,1499383233,0,,CA9022000,8334.19,X,0,0,,0,,T,,,,,US,,,CA,300,10,,,,C,,,0,,,,,751.54,,,,,8334.19,,0,,,,,,,,,,0,,0,,45565,,,,,,,,T,,,,,,,,,,,0,,,0,,,,,,,,,,0,0,0,,,,,,,,0,0,,0,0,,,,,,,0,,,0,0,0,,,WP,,B,,0,,,,,,,,0,0,
200,8902311044,10,0,1,EA,1,1,EA,0,1,1,969.0,969.0,LB,202633.2,IN3,,45563,45563,1,7040.93,,0,6593357083,10,J,1487988456,10,,16V895,"Electric Air Compressor, 10 hp, 2 Stage",,,G4,ZS,,10230222904973,004S,,1,10,4,US,CA,,,1,,,,,,,,,,X,X,0,,1,,,,,,4,0,,S_ITCJOBS,45565,0.292199074074074,,1,,4170.65,0,6524.48,0,516.45,505.65,516.45,1,,,,2004,,,,,,,PPA,X,,,16V895,0,1000,1499383235,0,,CA9261800,7546.58,X,0,0,,0,,T,,,,,US,,,CA,300,10,,,,C,,,0,,,,,505.65,,,,,7546.58,,0,,,,,,,,,,0,,0,,45565,,,,,,,,T,,,,,,,,,,,0,,,0,,,,,,,,,,0,0,0,,,,,,,,0,0,,0,0,,,,,,,0,,,0,0,0,,,WP,,B,,0,,,,,,,,0,0,
200,8902311045,10,0,1,EA,1,1,EA,0,1,1,369.0,369.0,LB,59660.0,IN3,,45563,45563,1,2068.27,,0,6594278192,10,J,1489806101,10,,16D690,"Storage Cabinet,78""x36""x18"",Gray,4Shlv",,,K1,ZS,,10180210204399,004S,,1,10,4,US,CA,,,1,,,,,,,,,,X,X,0,,1,,,,,,4,0,,S_ITCJOBS,45565,0.292210648148148,,1,,792.36,0,1785.25,0,283.02,183.0,283.02,1,,,,2004,,,,,,,PPA,X,,,16D690,0,1000,1499383237,0,,CA9022200,2251.27,X,0,0,,0,,T,,,,,US,,,CA,300,10,,,,C,,,0,,,,,183.0,,,,,2251.27,,0,,,,,,,,,,0,,0,,45565,,,,,,,,T,,,,,,,,,,,0,,,0,,,,,,,,,,0,0,0,,,,,,,,0,0,,0,0,,,,,,,0,,,0,0,0,,,WP,,B,,0,,,,,,,,0,0,
200,8902311046,10,0,1,EA,1,1,EA,0,1,1,545.0,545.0,LB,55166.88,IN3,,45563,45563,1,3699.82,,0,6594691662,10,J,1490361348,10,,13R504,"Mobile Cabinet Bench,Steel,54-1/4""W,26""D",,,M1,ZS,,10182784004397,004S,,1,10,4,US,CA,,,1,,,,,,,,,,X,X,0,1.0,1,,,,,,4,0,,S_ITCJOBS,45565,0.292210648148148,,1,,2057.24,0,3361.08,0,338.74,344.5,338.74,1,,,,2004,,,,,,,PPA,X,,,13R504,0,1000,1499383239,0,,CA9022200,4044.32,X,0,0,,0,,T,,,,,US,,,CA,300,10,,,,C,,,0,,,,,344.5,,,,,4044.32,,0,,,,,,,,,,0,,0,,45565,,,,,,,,T,,,,,,,,,,,0,,,0,,,,,,,,,,0,0,0,,,,,,,,0,0,,0,0,,,,,,,0,,,0,0,0,,,WP,,B,,0,,,,,,,,0,0,
200,8902311047,10,0,1,EA,1,1,EA,0,1,1,897.0,897.0,LB,186946.2,IN3,,45563,45563,1,6771.08,,0,6593595769,10,J,1488704744,10,,16V893,"Electric Air Compressor, 10 hp, 2 Stage",,,G4,ZS,,10230222904973,004S,,1,10,4,US,CA,,,1,,,,,,,,,,X,X,0,,1,,,,,,4,0,,S_ITCJOBS,45565,0.292222222222222,,1,,4025.18,0,6291.52,0,479.56,487.59,479.56,1,,,,2004,,,,,,,PPA,X,,,16V893,0,1000,1499383241,0,,CA9261400,7258.67,X,0,0,,0,,T,,,,,US,,,CA,300,10,,,,C,,,0,,,,,487.59,,,,,7258.67,,0,,,,,,,,,,0,,0,,45565,,,,,,,,T,,,,,,,,,,,0,,,0,,,,,,,,,,0,0,0,,,,,,,,0,0,,0,0,,,,,,,0,,,0,0,0,,,WP,,B,,0,,,,,,,,0,0,
200,8902311048,10,0,1,EA,1,1,EA,0,1,1,509.0,509.0,LB,122239.638,IN3,,45563,45563,1,3619.92,,0,6594179238,10,J,1489690206,10,,13R509,"Jobsite Cabinet,54 1/2 in,Tan",,,M1,ZS,,10100206412654,004S,,1,10,4,US,CA,,,1,,,,,,,,,,X,X,0,,1,,,,,,4,0,,S_ITCJOBS,45565,0.29224537037037,,1,,1724.61,0,3281.18,0,338.74,336.32,338.74,1,,,,2004,,,,,,,PPA,X,,,13R509,0,1000,1499383243,0,,CA9060200,3956.24,X,0,0,,0,,T,,,,,US,,,CA,300,10,,,,C,,,0,,,,,336.32,,,,,3956.2400000000002,,0,,,,,,,,,,0,,0,,45565,,,,,,,,T,,,,,,,,,,,0,,,0,,,,,,,,,,0,0,0,,,,,,,,0,0,,0,0,,,,,,,0,,,0,0,0,,,WP,,B,,0,,,,,,,,0,0,
200,8902311049,10,0,1,EA,1,1,EA,0,1,1,450.0,450.0,LB,117410.88,IN3,,45563,45563,1,3322.08,,0,6594386548,10,J,1489989534,10,,13R515,"Jobsite Cabinet,60 in,Tan",,,M1,ZS,,10100206412654,004S,,1,10,4,US,CA,,,1,,,,,,,,,,X,X,0,,1,,,,,,4,0,,S_ITCJOBS,45565,0.292256944444444,,1,,1238.16,0,2996.75,0,325.33,262.22,325.33,1,,,,2004,,,,,,,PPA,X,,,13R515,0,1000,1499384545,0,,CA9241000,3584.3,X,0,0,,0,,T,,,,,US,,,CA,300,10,,,,C,,,0,,,,,262.22,,,,,3584.3,,0,,,,,,,,,,0,,0,,45565,,,,,,,,T,,,,,,,,,,,0,,,0,,,,,,,,,,0,0,0,,,,,,,,0,0,,0,0,,,,,,,0,,,0,0,0,,,WP,,B,,0,,,,,,,,0,0,
200,8902311050,10,0,1,EA,1,1,EA,0,1,1,1270.0,1270.0,LB,74618.775,IN3,,45563,45563,1,4418.04,,0,6593276207,10,J,1487693251,10,,13W877,"Sheet Metal Brake,Box and Pan,51"" Bend L",,,N2,ZS,,10240214131922,004S,,1,10,4,US,CA,,,1,,,,,,,,,,X,X,0,,1,,,,,,4,0,,S_ITCJOBS,45565,0.292268518518519,,1,,2131.55,0,3864.45,0,553.59,299.5,553.59,1,,,,2004,,,,,,,PPA,X,,,13W877,0,1000,1499384547,0,,CA9268800,4717.54,X,0,0,,0,,T,,,,,US,,,CA,300,10,,,,C,,,0,,,,,299.5,,,,,4717.54,,0,,,,,,,,,,0,,0,,45565,,,,,,,,T,,,,,,,,,,,0,,,0,,,,,,,,,,0,0,0,,,,,,,,0,0,,0,0,,,,,,,0,,,0,0,0,,,WP,,B,,0,,,,,,,,0,0,
200,8902311051,10,0,1,EA,1,1,EA,0,1,1,545.0,545.0,LB,55166.88,IN3,,45563,45563,1,3699.82,,0,6593341570,10,J,1487923172,10,,13R504,"Mobile Cabinet Bench,Steel,54-1/4""W,26""D",,,M1,ZS,,10182784004397,004S,,1,10,4,US,CA,,,1,,,,,,,,,,X,X,0,1.0,1,,,,,,4,0,,S_ITCJOBS,45565,0.292268518518519,,1,,2057.24,0,3361.08,0,338.74,260.48,338.74,1,,,,2004,,,,,,,PPA,X,,,13R504,0,1000,1499384549,0,,CA9268800,3960.3,X,0,0,,0,,T,,,,,US,,,CA,300,10,,,,C,,,0,,,,,260.48,,,,,3960.3,,0,,,,,,,,,,0,,0,,45565,,,,,,,,T,,,,,,,,,,,0,,,0,,,,,,,,,,0,0,0,,,,,,,,0,0,,0,0,,,,,,,0,,,0,0,0,,,WP,,B,,0,,,,,,,,0,0,
200,8902311052,10,0,1,EA,1,1,EA,0,1,1,227.0,227.0,LB,94790.5,IN3,,45563,45563,1,2874.94,,0,6594272075,10,J,1489836827,10,,13R514,"Jobsite Cabinet,51 in,Tan",,,M1,ZS,,10100206412654,004S,,1,10,4,US,CA,,,1,,,,,,,,,,X,X,0,,1,,,,,,4,0,,S_ITCJOBS,45565,0.292291666666667,,1,,1257.04,0,2630.98,0,243.96,203.9,243.96,1,,,,2004,,,,,,,PPA,X,,,13R514,0,1000,1499384551,0,,CA9178400,3078.84,X,0,0,,0,,T,,,,,US,,,CA,300,10,,,,C,,,0,,,,,203.9,,,,,3078.84,,0,,,,,,,,,,0,,0,,45565,,,,,,,,T,,,,,,,,,,,0,,,0,,,,,,,,,,0,0,0,,,,,,,,0,0,,0,0,,,,,,,0,,,0,0,0,,,WP,,B,,0,,,,,,,,0,0,
200,8902311053,10,0,1,EA,1,1,EA,0,1,1,450.0,450.0,LB,117410.88,IN3,,45563,45563,1,3322.08,,0,6594269342,10,J,1489799391,10,,13R515,"Jobsite Cabinet,60 in,Tan",,,M1,ZS,,10100206412654,004S,,1,10,4,US,CA,,,1,,,,,,,,,,X,X,0,,1,,,,,,4,0,,S_ITCJOBS,45565,0.292303240740741,,1,,1238.16,0,2996.75,0,325.33,232.25,325.33,1,,,,2004,,,,,,,PPA,X,,,13R515,0,1000,1499384553,0,,CA9266000,3554.33,X,0,0,,0,,T,,,,,US,,,CA,300,10,,,,C,,,0,,,,,232.25,,,,,3554.33,,0,,,,,,,,,,0,,0,,45565,,,,,,,,T,,,,,,,,,,,0,,,0,,,,,,,,,,0,0,0,,,,,,,,0,0,,0,0,,,,,,,0,,,0,0,0,,,WP,,B,,0,,,,,,,,0,0,
200,8902311054,10,0,1,EA,1,1,EA,0,1,1,1219.0,1219.0,LB,88977.9,IN3,,45563,45563,1,4567.85,,0,6593523996,10,J,1488562266,10,,13W878,"Machining Shear,0.059"" Cap. Mild Steel",,,N2,ZS,,10240214108716,004S,,1,10,4,US,CA,,,1,,,,,,,,,,X,X,0,,1,,,,,,4,0,,S_ITCJOBS,45565,0.292314814814815,,1,,1776.3,0,4014.26,0,553.59,311.11,553.59,1,,,,2004,,,,,,,PPA,X,,,13W878,0,1000,1499384555,0,,CA9215400,4878.96,X,0,0,,0,,T,,,,,US,,,CA,300,10,,,,C,,,0,,,,,311.11,,,,,4878.96,,0,,,,,,,,,,0,,0,,45565,,,,,,,,T,,,,,,,,,,,0,,,0,,,,,,,,,,0,0,0,,,,,,,,0,0,,0,0,,,,,,,0,,,0,0,0,,,WP,,B,,0,,,,,,,,0,0,
200,8902311055,10,0,1,EA,1,1,EA,0,1,1,532.0,532.0,LB,117925.0,IN3,,45563,45563,1,2886.54,,0,6593464851,10,J,1488378374,10,,1UBJ4,"Bin Cabinet,84""x48""x24"",Gray,0Bns",,,K1,ZS,,10180210226644,004S,,1,10,4,US,CA,,,1,,,,,,,,,,X,X,0,,1,,,,,,4,0,,S_ITCJOBS,45565,0.292326388888889,,1,,1001.37,0,2547.8,0,338.74,197.46,338.74,1,,,,2004,,,,,,,PPA,X,,,1UBJ4,0,1000,1499384557,0,,CA9062000,3084.0,X,0,0,,0,,T,,,,,US,,,CA,300,10,,,,C,,,0,,,,,197.46,,,,,3084.0,,0,,,,,,,,,,0,,0,,45565,,,,,,,,T,,,,,,,,,,,0,,,0,,,,,,,,,,0,0,0,,,,,,,,0,0,,0,0,,,,,,,0,,,0,0,0,,,WP,,B,,0,,,,,,,,0,0,
200,8902311056,10,0,1,EA,1,1,EA,0,1,1,897.0,897.0,LB,186946.2,IN3,,45563,45563,1,6803.62,,0,6592156563,10,J,1485389236,10,,16V893,"Electric Air Compressor, 10 hp, 2 Stage",,,G4,ZS,,10230222904973,004S,,1,10,4,US,CA,,,1,,,,,,,,,,X,X,0,,1,,,,,,4,0,,S_ITCJOBS,45565,0.292384259259259,,1,,4025.18,0,6291.52,0,512.1,0.0,512.1,1,,,,2004,,,,,,,PPA,X,,,16V893,0,1000,1499384559,0,,AK9950100,6803.62,X,0,0,,0,,T,,,,,US,,,AK,300,10,,,,C,,,0,,,,,0.0,,,,,6803.62,,0,,,,,,,,,,0,,0,,45565,,,,,,,,T,,,,,,,,,,,0,,,0,,,,,,,,,,0,0,0,,,,,,,,0,0,,0,0,,,,,,,0,,,0,0,0,,,WP,,B,,0,,,,,,,,0,0,
200,8902312000,10,0,1,EA,1,1,EA,0,1,1,897.0,897.0,LB,186946.2,IN3,,45563,45563,1,6761.78,,0,6590487285,10,J,1481589491,10,,16V893,"Electric Air Compressor, 10 hp, 2 Stage",,,G4,ZS,,10230222904973,004S,,1,10,4,US,CA,,,1,,,,,,,,,,X,X,0,,1,,,,,,4,0,,S_ITCJOBS,45565,0.292314814814815,,1,,4025.18,0,6291.52,0,470.26,456.13,470.26,1,,,,2004,,,,,,,PPA,X,,,16V893,0,1000,1499364010,0,,CA9616105,7217.91,X,0,0,,0,,T,,,,,US,,,CA,300,10,,,,C,,,0,,,,,456.13,,,,,7217.91,,0,,,,,,,,,,0,,0,,45565,,,,,,,,T,,,,,,,,,,,0,,,0,,,,,,,,,,0,0,0,,,,,,,,0,0,,0,0,,,,,,,0,,,0,0,0,,,WP,,B,,0,,,,,,,,0,0,
200,8902312001,10,0,1,EA,1,1,EA,0,1,1,855.0,855.0,LB,218903.685,IN3,,45563,45563,1,6426.92,,0,6591571982,10,J,1483650817,10,,1WD88,"Electric Air Compressor, 10 hp, 2 Stage",,,G4,ZS,,10230222904973,004S,,1,10,4,US,CA,,,1,,,,,,,,,,X,X,0,1.0,1,,,,,,4,0,,S_ITCJOBS,45565,0.292314814814815,,1,,3789.63,0,5956.66,0,470.26,431.86,470.26,1,,,,2004,,,,,,,PPA,X,,,1WD88,0,1000,1499364011,0,,CA9616105,6858.78,X,0,0,,0,,T,,,,,US,,,CA,300,10,,,,C,,,0,,,,,431.86,,,,,6858.78,,0,,,,,,,,,,0,,0,,45565,,,,,,,,T,,,,,,,,,,,0,,,0,,,,,,,,,,0,0,0,,,,,,,,0,0,,0,0,,,,,,,0,,,0,0,0,,,WP,,D,,0,,,,,,,,0,0,
200,8902312002,10,0,1,EA,1,1,EA,0,1,1,404.0,404.0,LB,78559.25,IN3,,45563,45563,1,2082.07,,0,6591572103,10,J,1483690134,10,,1UBK5,"Bin Cabinet,72""x36""x24"",Gray,96YlwBns",,,K1,ZS,,10180210226644,004S,,1,10,4,US,CA,,,1,,,,,,,,,,X,X,0,,1,,,,,,4,0,,S_ITCJOBS,45565,0.292314814814815,,1,,738.19,0,1781.14,0,300.93,129.13,300.93,1,,,,2004,,,,,,,PPA,X,,,1UBK5,0,1000,1499364012,0,,CA9616105,2211.2,X,0,0,,0,,T,,,,,US,,,CA,300,10,,,,C,,,0,,,,,129.13,,,,,2211.2000000000003,,0,,,,,,,,,,0,,0,,45565,,,,,,,,T,,,,,,,,,,,0,,,0,,,,,,,,,,0,0,0,,,,,,,,0,0,,0,0,,,,,,,0,,,0,0,0,,,WP,,C,,0,,,,,,,,0,0,
200,8902312004,10,0,1,EA,1,1,EA,0,1,1,509.0,509.0,LB,122239.638,IN3,,45563,45563,1,3619.92,,0,6595053467,10,J,1490913347,10,,13R509,"Jobsite Cabinet,54 1/2 in,Tan",,,M1,ZS,,10100206412654,004S,,1,10,4,US,CA,,,1,,,,,,,,,,X,X,0,,1,,,,,,4,0,,S_ITCJOBS,45565,0.292407407407407,,1,,1724.61,0,3281.18,0,338.74,254.29,338.74,1,,,,2004,,,,,,,PPA,X,,,13R509,0,1000,1499364016,0,,CA9261800,3874.21,X,0,0,,0,,T,,,,,US,,,CA,300,10,,,,C,,,0,,,,,254.29,,,,,3874.21,,0,,,,,,,,,,0,,0,,45565,,,,,,,,T,,,,,,,,,,,0,,,0,,,,,,,,,,0,0,0,,,,,,,,0,0,,0,0,,,,,,,0,,,0,0,0,,,WP,,B,,0,,,,,,,,0,0,
200,8902312006,10,0,1,EA,1,1,EA,0,1,1,369.0,369.0,LB,59660.0,IN3,,45563,45563,1,2068.27,,0,6594706052,10,J,1490411533,10,,16D690,"Storage Cabinet,78""x36""x18"",Gray,4Shlv",,,K1,ZS,,10180210204399,004S,,1,10,4,US,CA,,,1,,,,,,,,,,X,X,0,,1,,,,,,4,0,,S_ITCJOBS,45565,0.292430555555556,,1,,792.36,0,1785.25,0,283.02,138.37,283.02,1,,,,2004,,,,,,,PPA,X,,,16D690,0,1000,1499364019,0,,CA9213100,2206.64,X,0,0,,0,,T,,,,,US,,,CA,300,10,,,,C,,,0,,,,,138.37,,,,,2206.64,,0,,,,,,,,,,0,,0,,45565,,,,,,,,T,,,,,,,,,,,0,,,0,,,,,,,,,,0,0,0,,,,,,,,0,0,,0,0,,,,,,,0,,,0,0,0,,,WP,,B,,0,,,,,,,,0,0,
200,8902312007,10,0,1,EA,1,1,EA,0,1,1,545.0,545.0,LB,55166.88,IN3,,45563,45563,1,3699.82,,0,6593655159,10,J,1488743387,10,,13R504,"Mobile Cabinet Bench,Steel,54-1/4""W,26""D",,,M1,ZS,,10182784004397,004S,,1,10,4,US,CA,,,1,,,,,,,,,,X,X,0,1.0,1,,,,,,4,0,,S_ITCJOBS,45565,0.292453703703704,,1,,2057.24,0,3361.08,0,338.74,260.48,338.74,1,,,,2004,,,,,,,PPA,X,,,13R504,0,1000,1499364021,0,,CA9260400,3960.3,X,0,0,,0,,T,,,,,US,,,CA,300,10,,,,C,,,0,,,,,260.48,,,,,3960.3,,0,,,,,,,,,,0,,0,,45565,,,,,,,,T,,,,,,,,,,,0,,,0,,,,,,,,,,0,0,0,,,,,,,,0,0,,0,0,,,,,,,0,,,0,0,0,,,WP,,B,,0,,,,,,,,0,0,
200,8902312008,10,0,1,EA,1,1,EA,0,1,1,257.0,257.0,LB,116296.5,IN3,,45563,45563,1,3402.43,,0,6594171854,10,J,1489657544,10,,13R510,"Jobsite Cabinet,60 in,Tan",,,M1,ZS,,10100206412654,004S,,1,10,4,US,CA,,,1,,,,,,,,,,X,X,0,,1,,,,,,4,0,,S_ITCJOBS,45565,0.292615740740741,,1,,1527.93,0,3151.96,0,250.47,275.8,250.47,1,,,,2004,,,,,,,PPA,X,,,13R510,0,1000,1499364023,0,,CA9270801,3678.23,X,0,0,,0,,T,,,,,US,,,CA,300,10,,,,C,,,0,,,,,275.8,,,,,3678.23,,0,,,,,,,,,,0,,0,,45565,,,,,,,,T,,,,,,,,,,,0,,,0,,,,,,,,,,0,0,0,,,,,,,,0,0,,0,0,,,,,,,0,,,0,0,0,,,WP,,B,,0,,,,,,,,0,0,
200,8902312009,10,0,1,EA,1,1,EA,0,1,1,1270.0,1270.0,LB,74618.775,IN3,,45563,45563,1,4418.04,,0,6593516500,10,J,1488455522,10,,13W877,"Sheet Metal Brake,Box and Pan,51"" Bend L",,,N2,ZS,,10240214131922,004S,,1,10,4,US,CA,,,1,,,,,,,,,,X,X,0,,1,,,,,,4,0,,S_ITCJOBS,45565,0.292638888888889,,1,,2131.55,0,3864.45,0,553.59,328.48,553.59,1,,,,2004,,,,,,,PPA,X,,,13W877,0,1000,1499364025,0,,CA9194200,4746.52,X,0,0,,0,,T,,,,,US,,,CA,300,10,,,,C,,,0,,,,,328.48,,,,,4746.52,,0,,,,,,,,,,0,,0,,45565,,,,,,,,T,,,,,,,,,,,0,,,0,,,,,,,,,,0,0,0,,,,,,,,0,0,,0,0,,,,,,,0,,,0,0,0,,,WP,,B,,0,,,,,,,,0,0,
200,8902312010,10,0,1,EA,1,1,EA,0,1,1,1270.0,1270.0,LB,74618.775,IN3,,45563,45563,1,4418.04,,0,6595156854,10,J,1491075804,10,,13W877,"Sheet Metal Brake,Box and Pan,51"" Bend L",,,N2,ZS,,10240214131922,004S,,1,10,4,US,CA,,,1,,,,,,,,,,X,X,0,,1,,,,,,4,0,,S_ITCJOBS,45565,0.292638888888889,,1,,2131.55,0,3864.45,0,553.59,328.48,553.59,1,,,,2004,,,,,,,PPA,X,,,13W877,0,1000,1499364027,0,,CA9194200,4746.52,X,0,0,,0,,T,,,,,US,,,CA,300,10,,,,C,,,0,,,,,328.48,,,,,4746.52,,0,,,,,,,,,,0,,0,,45565,,,,,,,,T,,,,,,,,,,,0,,,0,,,,,,,,,,0,0,0,,,,,,,,0,0,,0,0,,,,,,,0,,,0,0,0,,,WP,,B,,0,,,,,,,,0,0,
200,8902312011,10,0,1,EA,1,1,EA,0,1,1,257.0,257.0,LB,116296.5,IN3,,45563,45563,1,3402.43,,0,6593538687,10,J,1488566745,10,,13R510,"Jobsite Cabinet,60 in,Tan",,,M1,ZS,,10100206412654,004S,,1,10,4,US,CA,,,1,,,,,,,,,,X,X,0,,1,,,,,,4,0,,S_ITCJOBS,45565,0.292685185185185,,1,,1527.93,0,3151.96,0,250.47,244.28,250.47,1,,,,2004,,,,,,,PPA,X,,,13R510,0,1000,1499364028,0,,CA9286800,3646.71,X,0,0,,0,,T,,,,,US,,,CA,300,10,,,,C,,,0,,,,,244.28,,,,,3646.71,,0,,,,,,,,,,0,,0,,45565,,,,,,,,T,,,,,,,,,,,0,,,0,,,,,,,,,,0,0,0,,,,,,,,0,0,,0,0,,,,,,,0,,,0,0,0,,,WP,,B,,0,,,,,,,,0,0,
200,8902312012,10,0,1,EA,1,1,EA,0,1,1,821.0,821.0,LB,143761.5,IN3,,45563,45563,1,8670.56,,0,6593876884,10,J,1489303936,10,,11N135,"Air End Lift,10 tons,14 In. H,50 In. H",,,R4,ZS,,10390222003863,004S,,1,10,4,US,CA,,,1,,,,,,,,,,X,X,0,,1,,,,,,4,0,,S_ITCJOBS,45565,0.292708333333333,,1,,4889.51,0,8211.13,0,459.43,780.06,459.43,1,,,,2004,,,,,,,PPA,X,,,11N135,0,1000,1499364030,0,,CA9001800,9450.62,X,0,0,,0,,T,,,,,US,,,CA,300,10,,,,C,,,0,,,,,780.06,,,,,9450.62,,0,,,,,,,,,,0,,0,,45565,,,,,,,,T,,,,,,,,,,,0,,,0,,,,,,,,,,0,0,0,,,,,,,,0,0,,0,0,,,,,,,0,,,0,0,0,,,WP,,B,,0,,,,,,,,0,0,
200,8902312013,10,0,1,EA,1,1,EA,0,1,1,821.0,821.0,LB,143761.5,IN3,,45563,45563,1,8670.56,,0,6594855119,10,J,1490573252,10,,11N135,"Air End Lift,10 tons,14 In. H,50 In. H",,,R4,ZS,,10390222003863,004S,,1,10,4,US,CA,,,1,,,,,,,,,,X,X,0,,1,,,,,,4,0,,S_ITCJOBS,45565,0.292719907407407,,1,,4889.51,0,8211.13,0,459.43,636.37,459.43,1,,,,2004,,,,,,,PPA,X,,,11N135,0,1000,1499364032,0,,CA9210100,9306.93,X,0,0,,0,,T,,,,,US,,,CA,300,10,,,,C,,,0,,,,,636.37,,,,,9306.93,,0,,,,,,,,,,0,,0,,45565,,,,,,,,T,,,,,,,,,,,0,,,0,,,,,,,,,,0,0,0,,,,,,,,0,0,,0,0,,,,,,,0,,,0,0,0,,,WP,,B,,0,,,,,,,,0,0,
200,8902312014,10,0,1,EA,1,1,EA,0,1,1,1169.0,1169.0,LB,59862.96,IN3,,45563,45563,1,4256.79,,0,6594715709,10,J,1490438029,10,,12G597,"Combination Machine,52"" Bend,Hand Lever",,,N2,ZS,,10240214131928,004S,,1,10,4,US,CA,,,1,,,,,,,,,,X,X,0,,1,,,,,,4,0,,S_ITCJOBS,45565,0.292731481481481,,1,,2117.2,0,3703.2,0,553.59,305.52,553.59,1,,,,2004,,,,,,,PPA,X,,,12G597,0,1000,1499364034,0,,CA9205800,4562.31,X,0,0,,0,,T,,,,,US,,,CA,300,10,,,,C,,,0,,,,,305.52,,,,,4562.31,,0,,,,,,,,,,0,,0,,45565,,,,,,,,T,,,,,,,,,,,0,,,0,,,,,,,,,,0,0,0,,,,,,,,0,0,,0,0,,,,,,,0,,,0,0,0,,,WP,,B,,0,,,,,,,,0,0,
200,8902312015,10,0,1,EA,1,1,EA,0,1,1,387.0,387.0,LB,117551.88,IN3,,45563,45563,1,2252.3,,0,6593634132,10,J,1488710286,10,,13R520,"Piano-Style Jobsite Box,49 in,Tan",,,M1,ZS,,10100206412654,004S,,1,10,4,US,CA,,,1,,,,,,,,,,X,X,0,,1,,,,,,4,0,,S_ITCJOBS,45565,0.292743055555556,,1,,925.83,0,1969.28,0,283.02,142.78,283.02,1,,,,2004,,,,,,,PPA,X,,,13R520,0,1000,1499364036,0,,CA9301200,2395.08,X,0,0,,0,,T,,,,,US,,,CA,300,10,,,,C,,,0,,,,,142.78,,,,,2395.08,,0,,,,,,,,,,0,,0,,45565,,,,,,,,T,,,,,,,,,,,0,,,0,,,,,,,,,,0,0,0,,,,,,,,0,0,,0,0,,,,,,,0,,,0,0,0,,,WP,,B,,0,,,,,,,,0,0,
200,8902312017,10,0,1,EA,1,1,EA,0,1,1,910.0,910.0,LB,189440.0,IN3,,45563,45563,1,6729.66,,0,6593264344,10,J,1487688246,10,,16V892,"Electric Air Compressor, 10 hp, 2 Stage",,,G4,ZS,,10230222904973,004S,,1,10,4,US,CA,,,1,,,,,,,,,,X,X,0,,1,,,,,,4,0,,S_ITCJOBS,45565,0.292766203703704,,1,,4025.18,0,6229.99,0,499.67,591.84,499.67,1,,,,2004,,,,,,,PPA,X,,,16V892,0,1000,1499364040,0,,CA9104200,7321.5,X,0,0,,0,,T,,,,,US,,,CA,300,10,,,,C,,,0,,,,,591.84,,,,,7321.5,,0,,,,,,,,,,0,,0,,45565,,,,,,,,T,,,,,,,,,,,0,,,0,,,,,,,,,,0,0,0,,,,,,,,0,0,,0,0,,,,,,,0,,,0,0,0,,,WP,,B,,0,,,,,,,,0,0,
200,8902312018,10,0,1,EA,1,1,EA,0,1,1,413.0,413.0,LB,84146.022,IN3,,45563,45563,1,5977.02,,0,6593615645,10,J,1488705588,10,,15A518,"Commercial Gas Water Heater,100 gal",,,E1,ZS,,10221736104825,004S,,1,10,4,US,CA,,,1,,,,,,,,,,X,X,0,,1,,,,,,4,0,,S_ITCJOBS,45565,0.292766203703704,,1,,2093.27,0,5666.79,0,310.23,495.84,310.23,1,,,,2004,,,,,,,PPA,X,,,15A518,0,1000,1499364042,0,,CA9239200,6472.86,X,0,0,,0,,T,,,,,US,,,CA,300,10,,,,C,,,0,,,,,495.84,,,,,6472.860000000001,,0,,,,,,,,,,0,,0,,45565,,,,,,,,T,,,,,,,,,,,0,,,0,,,,,,,,,,0,0,0,,,,,,,,0,0,,0,0,,,,,,,0,,,0,0,0,,,WP,,B,,0,,,,,,,,0,0,
200,8902312019,10,0,1,EA,1,1,EA,0,1,1,254.0,254.0,LB,67947.0,IN3,,45563,45563,1,7582.65,,0,6595074403,10,J,1490960062,10,,14H097,"Variable Frequency Drive,40 hp,460V AC",,,B2,ZS,,10052985208262,004S,,1,10,4,US,CA,,,1,,,,,,,,,,X,X,0,,1,,,,,,4,0,,S_ITCJOBS,45565,0.292766203703704,,1,,4648.44,0,7332.18,0,250.47,641.56,250.47,1,,,,2004,,,,,,,PPA,X,,,14H097,0,1000,1499364043,0,,CA9239200,8224.21,X,0,0,,0,,T,,,,,US,,,CA,300,10,,,,C,,,0,,,,,641.56,,,,,8224.210000000001,,0,,,,,,,,,,0,,0,,45565,,,,,,,,T,,,,,,,,,,,0,,,0,,,,,,,,,,0,0,0,,,,,,,,0,0,,0,0,,,,,,,0,,,0,0,0,,,WP,,B,,0,,,,,,,,0,0,
200,8902312020,10,0,1,EA,1,1,EA,0,1,1,285.0,285.0,LB,79968.0,IN3,,45563,45563,1,1877.85,,0,6594694383,10,J,1490341792,10,,13R523,"Piano-Style Jobsite Box,49 in,Tan",,,M1,ZS,,10100206412654,004S,,1,10,4,US,CA,,,1,,,,,,,,,,X,X,0,,1,,,,,,4,0,,S_ITCJOBS,45565,0.292777777777778,,1,,758.0,0,1627.38,0,250.47,154.6,250.47,1,,,,2004,,,,,,,PPA,X,,,13R523,0,1000,1499385345,0,,CA9171100,2032.45,X,0,0,,0,,T,,,,,US,,,CA,300,10,,,,C,,,0,,,,,154.6,,,,,2032.45,,0,,,,,,,,,,0,,0,,45565,,,,,,,,T,,,,,,,,,,,0,,,0,,,,,,,,,,0,0,0,,,,,,,,0,0,,0,0,,,,,,,0,,,0,0,0,,,WP,,B,,0,,,,,,,,0,0,
200,8902312021,10,0,1,EA,1,1,EA,0,1,1,459.0,459.0,LB,89472.0,IN3,,45563,45563,1,5210.33,,0,6594157935,10,J,1489668903,10,,11N148,"Air/Hydraulic Service Jack,10 tons,7"" H",,,L6,ZS,,10390222003863,004S,,1,10,4,US,CA,,,1,,,,,,,,,,X,X,0,,1,,,,,,4,0,,S_ITCJOBS,45565,0.292789351851852,,1,,3290.56,0,4885.0,0,325.33,464.07,325.33,1,,,,2004,,,,,,,PPA,X,,,11N148,0,1000,1499385346,0,,CA9005900,5674.4,X,0,0,,0,,T,,,,,US,,,CA,300,10,,,,C,,,0,,,,,464.07,,,,,5674.400000000001,,0,,,,,,,,,,0,,0,,45565,,,,,,,,T,,,,,,,,,,,0,,,0,,,,,,,,,,0,0,0,,,,,,,,0,0,,0,0,,,,,,,0,,,0,0,0,,,WP,,B,,0,,,,,,,,0,0,
